playoffs,side,teamname,team_wr,champ_top,champ_jng,champ_mid,champ_bot,champ_sup,wr_champ_top,wr_champ_jng,wr_champ_mid,wr_champ_bot,wr_champ_sup,firstdragon,golddiffat15,xpdiffat15,csdiffat15,killsat15,assistsat15,deathsat15,wr_top,wr_jng,wr_mid,wr_bot,wr_sup,comp_early_power,result
0,Blue,G2 Esports,0.5,Gragas,Olaf,Twisted Fate,Sivir,Alistar,0.5,0.5,0.5,0.5,0.5,1.0,182.0,3023.0,36.0,3.0,6.0,2.0,0.5,0.5,0.5,0.5,0.5,0.0,1
0,Red,KOI,0.5,Renekton,Lillia,Tristana,Jhin,Leona,0.5,0.5,0.5,0.5,0.5,0.0,-182.0,-3023.0,-36.0,2.0,2.0,3.0,0.5,0.5,0.5,0.5,0.5,0.0,0
0,Blue,Astralis,0.5,Renekton,Nidalee,Orianna,Kai'Sa,Sett,0.5,0.5,0.5,0.5,0.5,1.0,-344.0,63.0,17.0,2.0,4.0,2.0,0.5,0.5,0.5,0.5,0.5,0.0,0
0,Red,SK Gaming,0.5,Gragas,Hecarim,Viktor,Aphelios,Thresh,0.5,0.5,0.5,0.5,0.5,0.0,344.0,-63.0,-17.0,2.0,6.0,2.0,0.5,0.5,0.5,0.5,0.5,0.0,1
0,Blue,Rogue,0.5,Kennen,Lillia,Lucian,Kalista,Sett,0.5,0.5,0.5,0.5,0.5,0.0,4397.0,983.0,44.0,1.0,1.0,0.0,0.5,0.5,0.5,0.5,0.5,0.0,1
0,Red,Excel Esports,0.5,Ivern,Udyr,Zoe,Aphelios,Thresh,0.5,0.5,0.5,0.5,0.5,1.0,-4397.0,-983.0,-44.0,0.0,0.0,1.0,0.5,0.5,0.5,0.5,0.5,0.0,0
0,Blue,Team Vitality,0.5,Renekton,Nidalee,Jayce,Kai'Sa,Nautilus,0.5,0.5,0.5,0.5,0.5,0.0,1299.0,800.0,5.0,1.0,2.0,1.0,0.5,0.5,0.5,0.5,0.5,0.0,0
0,Red,FC Schalke 04 Esports,0.5,Gangplank,Lillia,Syndra,Aphelios,Thresh,0.5,0.5,0.5,0.5,0.5,1.0,-1299.0,-800.0,-5.0,1.0,2.0,1.0,0.5,0.5,0.5,0.5,0.5,0.0,1
0,Blue,Misfits Gaming,0.5,Renekton,Taliyah,Zoe,Xayah,Galio,0.5,0.5,0.5,0.5,0.5,0.0,3906.0,3390.0,29.0,11.0,23.0,8.0,0.5,0.5,0.5,0.5,0.5,0.0,1
0,Red,Fnatic,0.5,Gragas,Hecarim,Viktor,Kai'Sa,Leona,0.5,0.5,0.5,0.5,0.5,1.0,-3906.0,-3390.0,-29.0,8.0,14.0,11.0,0.5,0.5,0.5,0.5,0.5,0.0,0
0,Blue,FC Schalke 04 Esports,0.5,Gragas,Olaf,Viktor,Miss Fortune,Seraphine,0.5,0.5,0.5,0.5,0.5,1.0,1237.0,1774.0,20.0,5.0,8.0,5.0,0.5,0.5,0.5,0.5,0.5,0.0,0
0,Red,Excel Esports,0.5,Lulu,Graves,Orianna,Kai'Sa,Leona,0.5,0.5,0.5,0.5,0.5,0.0,-1237.0,-1774.0,-20.0,5.0,11.0,5.0,0.5,0.5,0.5,0.5,0.5,0.0,1
0,Blue,Misfits Gaming,0.5,Renekton,Ekko,Viktor,Kai'Sa,Alistar,0.5,0.5,0.5,0.5,0.5,0.0,631.0,-273.0,-14.0,1.0,1.0,1.0,0.5,0.5,0.5,0.5,0.5,0.0,0
0,Red,Team Vitality,0.5,Ornn,Taliyah,Lucian,Ashe,Thresh,0.5,0.5,0.5,0.5,0.5,1.0,-631.0,273.0,14.0,1.0,3.0,1.0,0.5,0.5,0.5,0.5,0.5,0.0,1
0,Blue,KOI,0.5,Aatrox,Nidalee,Twisted Fate,Kai'Sa,Nautilus,0.5,0.5,0.5,0.5,0.5,0.0,4120.0,2097.0,32.0,5.0,8.0,2.0,0.5,0.5,0.5,0.5,0.5,0.0,1
0,Red,Astralis,0.5,Kennen,Hecarim,Orianna,Samira,Alistar,0.5,0.5,0.5,0.5,0.5,1.0,-4120.0,-2097.0,-32.0,2.0,1.0,5.0,0.5,0.5,0.5,0.5,0.5,0.0,0
0,Blue,SK Gaming,0.5,Gragas,Hecarim,Sylas,Miss Fortune,Leona,0.5,0.5,0.5,0.5,0.5,0.0,1335.0,-434.0,-30.0,3.0,3.0,1.0,0.5,0.5,0.5,0.5,0.5,0.0,0
0,Red,G2 Esports,0.5,Ivern,Graves,Twisted Fate,Jhin,Thresh,0.5,0.5,0.5,0.5,0.5,1.0,-1335.0,434.0,30.0,1.0,3.0,3.0,0.5,0.5,0.5,0.5,0.5,0.0,1
0,Blue,Fnatic,0.5,Volibear,Graves,Galio,Aphelios,Braum,0.5,0.5,0.5,0.5,0.5,0.0,-2786.0,-1285.0,-9.0,3.0,9.0,5.0,0.5,0.5,0.5,0.5,0.5,0.0,0
0,Red,Rogue,0.5,Renekton,Pantheon,Twisted Fate,Kai'Sa,Rakan,0.5,0.5,0.5,0.5,0.5,1.0,2786.0,1285.0,9.0,5.0,13.0,3.0,0.5,0.5,0.5,0.5,0.5,0.0,1
0,Blue,Astralis,0.5,Ornn,Hecarim,Twisted Fate,Jhin,Alistar,0.5,0.5,0.5,0.5,0.5,0.0,-2179.0,-1462.0,-56.0,4.0,7.0,4.0,0.5,0.5,0.5,0.5,0.5,0.0,1
0,Red,Team Vitality,0.5,Gragas,Graves,LeBlanc,Aphelios,Thresh,0.5,0.5,0.5,0.5,0.5,1.0,2179.0,1462.0,56.0,4.0,7.0,4.0,0.5,0.5,0.5,0.5,0.5,0.0,0
0,Blue,Rogue,0.5,Aatrox,Nidalee,Twisted Fate,Kai'Sa,Rell,0.5,0.5,0.5,0.5,0.5,0.0,3537.0,635.0,38.0,3.0,3.0,3.0,0.5,0.5,0.5,0.5,0.5,0.0,1
0,Red,SK Gaming,0.5,Gragas,Graves,Sylas,Ezreal,Leona,0.5,0.5,0.5,0.5,0.5,1.0,-3537.0,-635.0,-38.0,3.0,4.0,3.0,0.5,0.5,0.5,0.5,0.5,0.0,0
0,Blue,Misfits Gaming,0.5,Camille,Olaf,Zoe,Vayne,Leona,0.5,0.5,0.5,0.5,0.5,1.0,-497.0,465.0,-13.0,6.0,10.0,3.0,0.5,0.5,0.5,0.5,0.5,0.0,1
0,Red,KOI,0.5,Renekton,Graves,Viktor,Kai'Sa,Galio,0.5,0.5,0.5,0.5,0.5,0.0,497.0,-465.0,13.0,3.0,3.0,6.0,0.5,0.5,0.5,0.5,0.5,0.0,0
0,Blue,Fnatic,0.5,Ornn,Graves,Twisted Fate,Samira,Sett,0.5,0.5,0.5,0.5,0.5,1.0,3284.0,1134.0,9.0,2.0,2.0,0.0,0.5,0.5,0.5,0.5,0.5,0.0,1
0,Red,FC Schalke 04 Esports,0.5,Jax,Lillia,Lucian,Kai'Sa,Galio,0.5,0.5,0.5,0.5,0.5,0.0,-3284.0,-1134.0,-9.0,0.0,0.0,2.0,0.5,0.5,0.5,0.5,0.5,0.0,0
0,Blue,Excel Esports,0.5,Camille,Udyr,Syndra,Kai'Sa,Nautilus,0.5,0.5,0.5,0.5,0.5,1.0,-3016.0,-1623.0,-8.0,4.0,5.0,8.0,0.5,0.5,0.5,0.5,0.5,0.0,0
0,Red,G2 Esports,0.5,Irelia,Graves,Akali,Jhin,Braum,0.5,0.5,0.5,0.5,0.5,0.0,3016.0,1623.0,8.0,8.0,14.0,4.0,0.5,0.5,0.5,0.5,0.5,0.0,1
0,Blue,Excel Esports,0.5,Gragas,Graves,Syndra,Kai'Sa,Alistar,0.5,0.5,0.5,0.5,0.5,0.0,-3851.0,-984.0,-57.0,1.0,2.0,2.0,0.5,0.5,0.5,0.5,0.5,0.0,0
0,Red,KOI,0.5,Aatrox,Ivern,Orianna,Xayah,Leona,0.5,0.5,0.5,0.5,0.5,1.0,3851.0,984.0,57.0,2.0,2.0,1.0,0.5,0.5,0.5,0.5,0.5,0.0,1
0,Blue,FC Schalke 04 Esports,0.5,Camille,Pantheon,Orianna,Kai'Sa,Galio,0.5,0.5,0.5,0.5,0.5,0.0,1304.0,-1203.0,-25.0,3.0,4.0,2.0,0.5,0.5,0.5,0.5,0.5,0.0,1
0,Red,SK Gaming,0.5,Volibear,Dr. Mundo,Azir,Kalista,Alistar,0.5,0.5,0.5,0.5,0.5,1.0,-1304.0,1203.0,25.0,2.0,3.0,3.0,0.5,0.5,0.5,0.5,0.5,0.0,0
0,Blue,G2 Esports,0.5,Gragas,Olaf,Ekko,Senna,Leona,0.5,0.5,0.5,0.5,0.5,1.0,2128.0,1669.0,25.0,7.0,14.0,4.0,0.5,0.5,0.5,0.5,0.5,0.0,1
0,Red,Astralis,0.5,Gnar,Lillia,Orianna,Samira,Alistar,0.5,0.5,0.5,0.5,0.5,0.0,-2128.0,-1669.0,-25.0,4.0,7.0,7.0,0.5,0.5,0.5,0.5,0.5,0.0,0
0,Blue,Rogue,0.5,Jayce,Olaf,Azir,Ashe,Seraphine,0.5,0.5,0.5,0.5,0.5,1.0,1820.0,1635.0,48.0,3.0,3.0,3.0,0.5,0.5,0.5,0.5,0.5,0.0,1
0,Red,Misfits Gaming,0.5,Malphite,Pantheon,Syndra,Aphelios,Thresh,0.5,0.5,0.5,0.5,0.5,0.0,-1820.0,-1635.0,-48.0,3.0,4.0,3.0,0.5,0.5,0.5,0.5,0.5,0.0,0
0,Blue,Fnatic,0.5,Renekton,Olaf,Orianna,Kai'Sa,Rell,0.5,0.5,0.5,0.5,0.5,1.0,4718.0,2407.0,47.0,4.0,6.0,0.0,0.5,0.5,0.5,0.5,0.5,0.0,1
0,Red,Team Vitality,0.5,Gnar,Nidalee,LeBlanc,Xayah,Leona,0.5,0.5,0.5,0.5,0.5,0.0,-4718.0,-2407.0,-47.0,0.0,0.0,4.0,0.5,0.5,0.5,0.5,0.5,0.0,0
0,Blue,Astralis,0.5,Gragas,Udyr,Lucian,Aphelios,Lulu,0.5,0.5,0.5,0.5,0.5,1.0,-682.0,-696.0,-48.0,0.0,0.0,1.0,0.5,0.5,0.5,0.5,0.5,0.0,0
0,Red,Excel Esports,0.5,Renekton,Lillia,Orianna,Xayah,Rakan,0.5,0.5,0.5,0.5,0.5,0.0,682.0,696.0,48.0,1.0,1.0,0.0,0.5,0.5,0.5,0.5,0.5,0.0,1
0,Blue,SK Gaming,0.5,Volibear,Taliyah,Twisted Fate,Vayne,Rell,0.5,0.5,0.5,0.5,0.5,0.0,1633.0,-420.0,-4.0,3.0,6.0,2.0,0.5,0.5,0.5,0.5,0.5,0.0,1
0,Red,Misfits Gaming,0.5,Camille,Lillia,Yone,Jhin,Galio,0.5,0.5,0.5,0.5,0.5,1.0,-1633.0,420.0,4.0,2.0,3.0,3.0,0.5,0.5,0.5,0.5,0.5,0.0,0
0,Blue,Team Vitality,0.5,Gnar,Udyr,Twisted Fate,Vayne,Braum,0.5,0.5,0.5,0.5,0.5,0.0,-624.0,-501.0,-61.0,4.0,7.0,2.0,0.5,0.5,0.5,0.5,0.5,0.0,0
0,Red,Rogue,0.5,Renekton,Jarvan IV,Ryze,Kai'Sa,Rell,0.5,0.5,0.5,0.5,0.5,1.0,624.0,501.0,61.0,2.0,3.0,4.0,0.5,0.5,0.5,0.5,0.5,0.0,1
0,Blue,FC Schalke 04 Esports,0.5,Aatrox,Udyr,Twisted Fate,Kai'Sa,Rell,0.5,0.5,0.5,0.5,0.5,1.0,3488.0,388.0,-8.0,5.0,11.0,1.0,0.5,0.5,0.5,0.5,0.5,0.0,1
0,Red,G2 Esports,0.5,Kled,Graves,Orianna,Senna,Leona,0.5,0.5,0.5,0.5,0.5,0.0,-3488.0,-388.0,8.0,1.0,2.0,5.0,0.5,0.5,0.5,0.5,0.5,0.0,0
0,Blue,KOI,0.5,Wukong,Taliyah,Azir,Xayah,Rell,0.5,0.5,0.5,0.5,0.5,0.0,1106.0,-101.0,7.0,9.0,14.0,8.0,0.5,0.5,0.5,0.5,0.5,0.0,1
0,Red,Fnatic,0.5,Pantheon,Evelynn,Irelia,Kai'Sa,Leona,0.5,0.5,0.5,0.5,0.5,1.0,-1106.0,101.0,-7.0,8.0,9.0,9.0,0.5,0.5,0.5,0.5,0.5,0.0,0
0,Blue,Misfits Gaming,0.5,Jayce,Pantheon,LeBlanc,Kai'Sa,Alistar,0.5,0.5,0.5,0.5,0.5,0.0,1610.0,1563.0,31.0,4.0,6.0,4.0,0.5,0.5,0.5,0.5,0.5,0.0,0
0,Red,Excel Esports,0.5,Cho'Gath,Olaf,Azir,Xayah,Leona,0.5,0.5,0.5,0.5,0.5,1.0,-1610.0,-1563.0,-31.0,4.0,7.0,4.0,0.5,0.5,0.5,0.5,0.5,0.0,1
0,Blue,SK Gaming,0.5,Pantheon,Nidalee,Twisted Fate,Kalista,Jarvan IV,0.5,0.5,0.5,0.5,0.5,0.0,2580.0,534.0,-19.0,4.0,7.0,0.0,0.5,0.5,0.5,0.5,0.5,0.0,1
0,Red,KOI,0.5,Ornn,Udyr,Azir,Tristana,Rell,0.5,0.5,0.5,0.5,0.5,1.0,-2580.0,-534.0,19.0,0.0,0.0,4.0,0.5,0.5,0.5,0.5,0.5,0.0,0
0,Blue,G2 Esports,0.5,Quinn,Taliyah,Ryze,Jhin,Nautilus,0.5,0.5,0.5,0.5,0.5,1.0,3441.0,1659.0,75.0,1.0,2.0,1.0,0.5,0.5,0.5,0.5,0.5,0.0,1
0,Red,Team Vitality,0.5,Renekton,Jarvan IV,Twisted Fate,Kalista,Thresh,0.5,0.5,0.5,0.5,0.5,0.0,-3441.0,-1659.0,-75.0,1.0,2.0,1.0,0.5,0.5,0.5,0.5,0.5,0.0,0
0,Blue,FC Schalke 04 Esports,0.5,Camille,Jarvan IV,Orianna,Kai'Sa,Rell,0.5,0.5,0.5,0.5,0.5,0.0,-807.0,-1786.0,-38.0,3.0,4.0,3.0,0.5,0.5,0.5,0.5,0.5,0.0,1
0,Red,Rogue,0.5,Shen,Taliyah,Lucian,Xayah,Rakan,0.5,0.5,0.5,0.5,0.5,1.0,807.0,1786.0,38.0,3.0,5.0,3.0,0.5,0.5,0.5,0.5,0.5,0.0,0
0,Blue,Astralis,0.5,Gnar,Pantheon,Orianna,Samira,Rell,0.5,0.5,0.5,0.5,0.5,0.0,1906.0,164.0,-10.0,10.0,14.0,8.0,0.5,0.5,0.5,0.5,0.5,0.0,0
0,Red,Fnatic,0.5,Renekton,Udyr,Azir,Kai'Sa,Rakan,0.5,0.5,0.5,0.5,0.5,1.0,-1906.0,-164.0,10.0,8.0,14.0,10.0,0.5,0.5,0.5,0.5,0.5,0.0,1
0,Blue,Misfits Gaming,0.5,Gnar,Olaf,Syndra,Xayah,Rakan,0.5,0.5,0.5,0.5,0.5,1.0,-1262.0,-355.0,7.0,2.0,2.0,4.0,0.5,0.5,0.5,0.5,0.5,0.0,0
0,Red,FC Schalke 04 Esports,0.5,Gangplank,Pantheon,Ekko,Kai'Sa,Rell,0.5,0.5,0.5,0.5778,0.5,0.0,1262.0,355.0,-7.0,4.0,13.0,2.0,0.5,0.5,0.5,0.5,0.5,-195.6007,1
0,Blue,Excel Esports,0.5,Gragas,Pantheon,Azir,Xayah,Rakan,0.5,0.5,0.5,0.5,0.5,1.0,-1162.0,-163.0,8.0,0.0,0.0,1.0,0.5,0.5,0.5,0.5,0.5,0.0,1
0,Red,SK Gaming,0.5,Renekton,Nidalee,Syndra,Miss Fortune,Alistar,0.5,0.5,0.5,0.5,0.5,0.0,1162.0,163.0,-8.0,1.0,1.0,0.0,0.5,0.5,0.5,0.5,0.5,0.0,0
0,Blue,KOI,0.5,Aatrox,Olaf,Azir,Seraphine,Nautilus,0.5,0.5,0.5,0.5,0.5,1.0,-1579.0,592.0,33.0,2.0,5.0,5.0,0.5,0.5,0.5,0.5,0.5,0.0,1
0,Red,Team Vitality,0.5,Gragas,Pantheon,Syndra,Kai'Sa,Leona,0.5,0.5,0.5,0.6236,0.5,0.0,1579.0,-592.0,-33.0,5.0,9.0,2.0,0.5,0.5,0.5,0.5,0.5,-136.9447,0
0,Blue,Rogue,0.5,Kennen,Lillia,Lucian,Kai'Sa,Blitzcrank,0.5,0.5,0.5,0.5568,0.5,0.0,736.0,497.0,8.0,2.0,3.0,4.0,0.5,0.5,0.5,0.5,0.5,45.8371,1
0,Red,Astralis,0.5,Gnar,Skarner,Syndra,Caitlyn,Thresh,0.5,0.5,0.5,0.5,0.5,1.0,-736.0,-497.0,-8.0,4.0,8.0,2.0,0.5,0.5,0.5,0.5,0.5,0.0,0
0,Blue,Fnatic,0.5,Volibear,Taliyah,Azir,Aphelios,Thresh,0.5,0.5,0.5,0.5,0.5,1.0,2568.0,3778.0,44.0,9.0,8.0,4.0,0.5,0.5,0.5,0.5,0.5,0.0,1
0,Red,G2 Esports,0.5,Camille,Lillia,Zoe,Kai'Sa,Alistar,0.5,0.5,0.5,0.6037,0.5,0.0,-2568.0,-3778.0,-44.0,4.0,3.0,9.0,0.5,0.5,0.5,0.5,0.5,128.4002,0
0,Blue,Astralis,0.5,Gnar,Skarner,Corki,Xayah,Rell,0.5,0.5,0.5,0.5,0.5,0.0,-214.0,-440.0,-55.0,2.0,4.0,1.0,0.5,0.5,0.5,0.5,0.5,0.0,1
0,Red,FC Schalke 04 Esports,0.5,Irelia,Gragas,Azir,Kai'Sa,Alistar,0.5,0.5,0.5,0.5405,0.5,1.0,214.0,440.0,55.0,1.0,3.0,2.0,0.5,0.5,0.5,0.5,0.5,28.4563,0
0,Blue,Excel Esports,0.5,Cho'Gath,Graves,Azir,Jhin,Gragas,0.5,0.5,0.5,0.5,0.5,0.0,-555.0,1069.0,-13.0,2.0,3.0,2.0,0.5,0.5,0.5,0.5,0.5,0.0,1
0,Red,Team Vitality,0.5,Gangplank,Lillia,Orianna,Miss Fortune,Alistar,0.5,0.5,0.5,0.5,0.5,1.0,555.0,-1069.0,13.0,2.0,3.0,2.0,0.5,0.5,0.5,0.5,0.5,0.0,0
0,Blue,G2 Esports,0.5,Renekton,Olaf,Ryze,Senna,Tahm Kench,0.5,0.5,0.5,0.5,0.5,0.0,2644.0,-147.0,10.0,6.0,8.0,5.0,0.5,0.5,0.5,0.5,0.5,0.0,1
0,Red,Misfits Gaming,0.5,Sion,Graves,Syndra,Jhin,Rakan,0.5,0.5,0.5,0.5,0.5,1.0,-2644.0,147.0,-10.0,5.0,10.0,6.0,0.5,0.5,0.5,0.5,0.5,0.0,0
0,Blue,Rogue,0.5,Renekton,Jarvan IV,Azir,Kai'Sa,Alistar,0.5,0.5,0.5,0.4844,0.5,1.0,4607.0,3600.0,37.0,6.0,10.0,0.0,0.5,0.5,0.5,0.5,0.5,31.0024,1
0,Red,KOI,0.5,Gragas,Kindred,Syndra,Xayah,Leona,0.5,0.5,0.5,0.5,0.5,0.0,-4607.0,-3600.0,-37.0,0.0,0.0,6.0,0.5,0.5,0.5,0.5,0.5,0.0,0
0,Blue,SK Gaming,0.5,Vladimir,Graves,Azir,Kai'Sa,Alistar,0.5,0.5,0.5,0.5375,0.5,0.0,-4416.0,-3913.0,-56.0,4.0,10.0,8.0,0.5,0.5,0.5,0.5,0.5,173.7738,0
0,Red,Fnatic,0.5,Riven,Lillia,Seraphine,Samira,Rell,0.5,0.5,0.5,0.5,0.5,1.0,4416.0,3913.0,56.0,8.0,14.0,4.0,0.5,0.5,0.5,0.5,0.5,0.0,1
0,Blue,Team Vitality,0.5,Gragas,Olaf,Azir,Kai'Sa,Seraphine,0.5,0.5,0.5,0.4826,0.5,1.0,-33.0,314.0,-19.0,1.0,2.0,0.0,0.5,0.5,0.5,0.5,0.5,46.6012,0
0,Red,SK Gaming,0.5,Renekton,Lillia,Ryze,Vayne,Rakan,0.5,0.5,0.5,0.5,0.5,0.0,33.0,-314.0,19.0,0.0,0.0,1.0,0.5,0.5,0.5,0.5,0.5,0.0,1
0,Blue,Misfits Gaming,0.5,Jayce,Udyr,Orianna,Xayah,Leona,0.5,0.5,0.5,0.5,0.5,1.0,7301.0,2963.0,61.0,7.0,14.0,1.0,0.5,0.5,0.5,0.5,0.5,0.0,1
0,Red,Astralis,0.5,Ornn,Jarvan IV,Corki,Kai'Sa,Rell,0.5,0.5,0.5,0.4337,0.5,0.0,-7301.0,-2963.0,-61.0,1.0,2.0,7.0,0.5,0.5,0.5,0.5,0.5,135.8641,0
0,Blue,FC Schalke 04 Esports,0.5,Gnar,Jarvan IV,Viktor,Kai'Sa,Alistar,0.5,0.5,0.5,0.39,0.5,0.0,-1257.0,32.0,-6.0,3.0,5.0,6.0,0.5,0.5,0.5,0.5,0.5,-209.2572,0
0,Red,KOI,0.5,Jayce,Olaf,Orianna,Samira,Rell,0.5,0.5,0.5,0.5,0.5,1.0,1257.0,-32.0,6.0,6.0,8.0,3.0,0.5,0.5,0.5,0.5,0.5,0.0,1
0,Blue,Rogue,0.5,Renekton,Lillia,Azir,Vayne,Gragas,0.5,0.5,0.5,0.5,0.5,1.0,-2821.0,-2229.0,-39.0,1.0,1.0,4.0,0.5,0.5,0.5,0.5,0.5,0.0,0
0,Red,G2 Esports,0.5,Quinn,Nidalee,Ekko,Jhin,Rell,0.5,0.5,0.5,0.5,0.5,0.0,2821.0,2229.0,39.0,4.0,7.0,1.0,0.5,0.5,0.5,0.5,0.5,0.0,1
0,Blue,Excel Esports,0.5,Jax,Hecarim,Orianna,Kai'Sa,Gragas,0.5,0.5,0.5,0.3509,0.5,0.0,-1665.0,-174.0,29.0,2.0,4.0,5.0,0.5,0.5,0.5,0.5,0.5,-169.3458,0
0,Red,Fnatic,0.5,Volibear,Lillia,Seraphine,Samira,Alistar,0.5,0.5,0.5,0.5,0.5,1.0,1665.0,174.0,-29.0,5.0,6.0,2.0,0.5,0.5,0.5,0.5,0.5,0.0,1
0,Blue,FC Schalke 04 Esports,0.5,Gnar,Nidalee,Zoe,Kai'Sa,Galio,0.5,0.5,0.5,0.3159,0.5,0.0,2053.0,-857.0,13.0,1.0,4.0,1.0,0.5,0.5,0.5,0.5,0.5,-349.8023,0
0,Red,SK Gaming,0.5,Renekton,Skarner,Azir,Jhin,Leona,0.5,0.5,0.5,0.5,0.5,1.0,-2053.0,857.0,-13.0,1.0,3.0,1.0,0.5,0.5,0.5,0.5,0.5,0.0,1
0,Blue,Excel Esports,0.5,Renekton,Lillia,Syndra,Kalista,Jarvan IV,0.5,0.5,0.5,0.5,0.5,1.0,-2631.0,-1242.0,-20.0,3.0,6.0,7.0,0.5,0.5,0.5,0.5,0.5,0.0,0
0,Red,KOI,0.5,Gragas,Kayn,Orianna,Kai'Sa,Alistar,0.5,0.5,0.5,0.2845,0.5,0.0,2631.0,1242.0,20.0,7.0,12.0,3.0,0.5,0.5,0.5,0.5,0.5,-286.8822,1
0,Blue,Astralis,0.5,Renekton,Skarner,Corki,Xayah,Leona,0.5,0.5,0.5,0.5,0.5,0.0,-489.0,-1834.0,-36.0,5.0,7.0,5.0,0.5,0.5,0.5,0.5,0.5,0.0,0
0,Red,G2 Esports,0.5,Gragas,Jarvan IV,Ryze,Jhin,Alistar,0.5,0.5,0.5,0.5,0.5,1.0,489.0,1834.0,36.0,5.0,10.0,5.0,0.5,0.5,0.5,0.5,0.5,0.0,1
0,Blue,Misfits Gaming,0.5,Camille,Udyr,Orianna,Samira,Rell,0.5,0.5,0.5,0.5,0.5,0.0,-1999.0,-430.0,-40.0,2.0,3.0,4.0,0.5,0.5,0.5,0.5,0.5,0.0,0
0,Red,Rogue,0.5,Gnar,Lillia,Syndra,Aphelios,Thresh,0.5,0.5,0.5,0.5,0.5,1.0,1999.0,430.0,40.0,4.0,7.0,2.0,0.5,0.5,0.5,0.5,0.5,0.0,1
0,Blue,Team Vitality,0.5,Aatrox,Lillia,Seraphine,Xayah,Rell,0.5,0.5,0.5,0.5,0.5,0.0,-1523.0,1235.0,-56.0,11.0,15.0,5.0,0.5,0.5,0.5,0.5,0.5,0.0,1
0,Red,Fnatic,0.5,Wukong,Olaf,Ryze,Kai'Sa,Alistar,0.5,0.5,0.5,0.3553,0.5,1.0,1523.0,-1235.0,56.0,5.0,7.0,11.0,0.5,0.5,0.5,0.5,0.5,-220.0544,0
0,Blue,Excel Esports,0.5,Camille,Lillia,Orianna,Samira,Alistar,0.5,0.5,0.5,0.5,0.5,0.0,46.0,-1128.0,-13.0,4.0,5.0,5.0,0.5,0.5,0.5,0.5,0.5,0.0,0
0,Red,Astralis,0.5,Shen,Hecarim,Syndra,Kai'Sa,Rell,0.5,0.5,0.5,0.3203,0.5,1.0,-46.0,1128.0,13.0,5.0,10.0,4.0,0.5,0.5,0.5,0.5,0.5,-83.6036,1
0,Blue,Misfits Gaming,0.5,Gragas,Graves,Syndra,Tristana,Rell,0.3861,0.5,0.5,0.5,0.5,0.0,-357.0,882.0,-23.0,5.0,7.0,6.0,0.5,0.5,0.5,0.5,0.5,-412.5378,0
0,Red,SK Gaming,0.5,Aatrox,Lillia,Azir,Kalista,Jarvan IV,0.5,0.5,0.5,0.5,0.5,1.0,357.0,-882.0,23.0,6.0,12.0,7.0,0.5,0.5,0.5,0.5,0.5,0.0,1
0,Blue,Rogue,0.5,Shen,Lillia,Azir,Senna,Tahm Kench,0.5,0.5,0.5,0.5,0.5,1.0,1179.0,421.0,-3.0,0.0,0.0,0.0,0.5,0.5,0.5,0.5,0.5,0.0,1
0,Red,Team Vitality,0.5,Camille,Udyr,Corki,Ezreal,Bard,0.5,0.5,0.5,0.5,0.5,0.0,-1179.0,-421.0,3.0,0.0,0.0,0.0,0.5,0.5,0.5,0.5,0.5,0.0,0
0,Blue,KOI,0.5,Gnar,Udyr,Viktor,Senna,Tahm Kench,0.5,0.5,0.5,0.5,0.5,0.0,-240.0,632.0,0.0,4.0,3.0,6.0,0.5,0.5,0.5,0.5,0.5,0.0,1
0,Red,Fnatic,0.5,Sett,Lillia,Syndra,Samira,Alistar,0.5,0.6182,0.5,0.5,0.3388,1.0,240.0,-632.0,0.0,6.0,12.0,4.0,0.5,0.5,0.5,0.5,0.5,68.6539,0
0,Blue,G2 Esports,0.5,Gragas,Nidalee,Lucian,Senna,Sion,0.3442,0.5,0.5,0.5,0.5,1.0,2524.0,2006.0,0.0,3.0,6.0,3.0,0.5,0.5,0.5,0.5,0.5,-365.8237,1
0,Red,FC Schalke 04 Esports,0.5,Aatrox,Skarner,Azir,Ezreal,Leona,0.5,0.5,0.5,0.5,0.5,0.0,-2524.0,-2006.0,0.0,3.0,4.0,3.0,0.5,0.5,0.5,0.5,0.5,0.0,0
0,Blue,KOI,0.5,Gnar,Lillia,Lucian,Kai'Sa,Nautilus,0.5,0.5511,0.5,0.387,0.5,0.0,965.0,880.0,57.0,1.0,2.0,3.0,0.5,0.5,0.5,0.5,0.5,-72.1387,0
0,Red,SK Gaming,0.5,Aatrox,Hecarim,Viktor,Kalista,Alistar,0.5,0.5,0.5,0.5,0.302,1.0,-965.0,-880.0,-57.0,3.0,5.0,1.0,0.5,0.5,0.5,0.5,0.5,-57.1305,1
0,Blue,Excel Esports,0.5,Renekton,Dr. Mundo,Viktor,Senna,Tahm Kench,0.5001,0.5,0.5,0.5,0.5,0.0,-3352.0,-3160.0,-30.0,0.0,0.0,5.0,0.5,0.5,0.5,0.5,0.5,282.5404,0
0,Red,Misfits Gaming,0.5,Gragas,Graves,Orianna,Ezreal,Seraphine,0.4144,0.5,0.5,0.5,0.5,1.0,3352.0,3160.0,30.0,5.0,6.0,0.0,0.5,0.5,0.5,0.5,0.5,-379.9773,1
0,Blue,Team Vitality,0.5,Sion,Lillia,Azir,Jinx,Thresh,0.5,0.4921,0.5,0.5,0.5,0.0,-3783.0,-1421.0,-35.0,3.0,6.0,4.0,0.5,0.5,0.5,0.5,0.5,137.8188,0
0,Red,G2 Esports,0.5,Sett,Nidalee,Lucian,Kai'Sa,Blitzcrank,0.5,0.5,0.5,0.3491,0.5,1.0,3783.0,1421.0,35.0,4.0,5.0,3.0,0.5,0.5,0.5,0.5,0.5,-224.8242,1
0,Blue,Rogue,0.5,Aatrox,Graves,Twisted Fate,Caitlyn,Lux,0.5,0.5,0.5,0.5,0.5,1.0,-487.0,-90.0,20.0,4.0,7.0,3.0,0.5,0.5,0.5,0.5,0.5,0.0,1
0,Red,FC Schalke 04 Esports,0.5,Renekton,Nidalee,Tristana,Senna,Gragas,0.4458,0.5,0.5,0.5,0.4764,0.0,487.0,90.0,-20.0,3.0,2.0,4.0,0.5,0.5,0.5,0.5,0.5,-86.7498,0
0,Blue,Fnatic,0.5,Gragas,Graves,Ryze,Kai'Sa,Rell,0.4265,0.5,0.5,0.4127,0.5,1.0,1968.0,49.0,61.0,3.0,7.0,4.0,0.5,0.5,0.5,0.5,0.5,-551.3693,1
0,Red,Astralis,0.5,Shen,Hecarim,Seraphine,Caitlyn,Morgana,0.5,0.5,0.5,0.5,0.5,0.0,-1968.0,-49.0,-61.0,4.0,8.0,3.0,0.5,0.5,0.5,0.5,0.5,0.0,0
0,Blue,FC Schalke 04 Esports,0.5,Renekton,Olaf,Twisted Fate,Senna,Tahm Kench,0.3981,0.5,0.5,0.5,0.5,1.0,-1361.0,-1941.0,-55.0,1.0,2.0,2.0,0.5,0.5,0.5,0.5,0.5,122.1907,0
0,Red,Misfits Gaming,0.5,Gragas,Hecarim,Ryze,Ezreal,Karma,0.486,0.5,0.5,0.5,0.5,0.0,1361.0,1941.0,55.0,2.0,2.0,1.0,0.5,0.5,0.5,0.5,0.5,-294.2745,1
0,Blue,SK Gaming,0.5,Gnar,Graves,Twisted Fate,Jhin,Rell,0.5,0.5,0.5,0.5,0.7053,0.0,-1188.0,-1377.0,-29.0,0.0,0.0,1.0,0.5,0.5,0.5,0.5,0.5,-229.6643,1
0,Red,Excel Esports,0.5,Sion,Lillia,Ryze,Xayah,Rakan,0.5,0.44,0.5,0.5,0.5,1.0,1188.0,1377.0,29.0,1.0,2.0,0.0,0.5,0.5,0.5,0.5,0.5,80.1617,0
0,Blue,Team Vitality,0.5,Gnar,Graves,Orianna,Ezreal,Rell,0.5,0.5,0.5,0.5,0.7373,0.0,-2012.0,-598.0,-17.0,2.0,3.0,2.0,0.5,0.5,0.5,0.5,0.5,-210.7129,0
0,Red,KOI,0.5,Wukong,Nidalee,Lucian,Sivir,Alistar,0.5,0.5,0.5,0.5,0.3768,1.0,2012.0,598.0,17.0,2.0,2.0,2.0,0.5,0.5,0.5,0.5,0.5,42.7903,1
0,Blue,Astralis,0.5,Sion,Lillia,Tristana,Kalista,Alistar,0.5,0.3939,0.5,0.5,0.4427,0.0,-2264.0,157.0,-13.0,3.0,2.0,4.0,0.5,0.5,0.5,0.5,0.5,165.4499,0
0,Red,Rogue,0.5,Gnar,Udyr,Orianna,Kai'Sa,Rell,0.5,0.5,0.457,0.4699,0.6584,1.0,2264.0,-157.0,13.0,4.0,7.0,3.0,0.5,0.5,0.5,0.5,0.5,-373.6915,1
0,Blue,G2 Esports,0.5,Gragas,Olaf,Syndra,Jhin,Rell,0.5389,0.5,0.5,0.5,0.6945,1.0,2985.0,1372.0,22.0,6.0,7.0,3.0,0.5,0.5,0.5,0.5,0.5,-392.4227,1
0,Red,Fnatic,0.5,Yone,Lillia,Azir,Kalista,Alistar,0.5,0.3531,0.527,0.5,0.3964,0.0,-2985.0,-1372.0,-22.0,3.0,6.0,6.0,0.5,0.5,0.5,0.5,0.5,26.332,0
0,Blue,KOI,0.5,Sion,Graves,Ahri,Jhin,Rell,0.5,0.5,0.5,0.5,0.7265,1.0,857.0,2018.0,20.0,3.0,6.0,6.0,0.5,0.5,0.5,0.5,0.5,-117.3007,1
0,Red,FC Schalke 04 Esports,0.5,Shen,Hecarim,Orianna,Aphelios,Thresh,0.5,0.5,0.5159,0.5,0.5,0.0,-857.0,-2018.0,-20.0,6.0,14.0,3.0,0.5,0.5,0.5,0.5,0.5,260.9085,0
0,Blue,Astralis,0.5,Gragas,Olaf,Syndra,Xayah,Rell,0.586,0.5,0.5,0.5,0.7549,0.0,-3039.0,-2814.0,-35.0,2.0,3.0,6.0,0.5,0.5,0.5,0.5,0.5,-249.99,0
0,Red,Misfits Gaming,0.5,Sion,Lillia,Yone,Kai'Sa,Alistar,0.5,0.3168,0.5,0.5214,0.3552,1.0,3039.0,2814.0,35.0,6.0,10.0,2.0,0.5,0.5,0.5,0.5,0.5,-42.6477,1
0,Blue,G2 Esports,0.5,Sion,Nidalee,Lucian,Jhin,Leona,0.5,0.5,0.5,0.5,0.5,0.0,2656.0,561.0,-28.0,6.0,8.0,1.0,0.5,0.5,0.5,0.5,0.5,0.0,1
0,Red,Rogue,0.5,Gnar,Lillia,Azir,Caitlyn,Morgana,0.5,0.3865,0.4698,0.5,0.5,1.0,-2656.0,-561.0,28.0,1.0,3.0,6.0,0.5,0.5,0.5,0.5,0.5,-51.2085,0
0,Blue,SK Gaming,0.5,Renekton,Hecarim,Orianna,Jhin,Rell,0.356,0.5,0.4606,0.5,0.6772,0.0,-1112.0,-735.0,-36.0,2.0,4.0,2.0,0.5,0.5,0.5,0.5,0.5,245.1708,0
0,Red,Team Vitality,0.5,Gnar,Skarner,Azir,Tristana,Alistar,0.5,0.5,0.4195,0.5,0.4216,1.0,1112.0,735.0,36.0,2.0,3.0,2.0,0.5,0.5,0.5,0.5,0.5,-456.598,1
0,Blue,Excel Esports,0.5,Gnar,Hecarim,Azir,Ashe,Lulu,0.5,0.5,0.4809,0.5,0.5,0.0,-1292.0,-1871.0,-2.0,3.0,6.0,3.0,0.5,0.5,0.5,0.5,0.5,-357.6197,0
0,Red,Fnatic,0.5,Gangplank,Graves,Zoe,Senna,Tahm Kench,0.5,0.5648,0.5,0.5,0.5,1.0,1292.0,1871.0,2.0,3.0,4.0,3.0,0.5,0.5,0.5,0.5,0.5,258.5528,1
0,Blue,FC Schalke 04 Esports,0.5,Fiora,Hecarim,Azir,Xayah,Rell,0.5,0.5,0.4306,0.5,0.6081,0.0,1021.0,1557.0,-32.0,5.0,10.0,2.0,0.5,0.5,0.5,0.5,0.5,-492.2466,1
0,Red,Astralis,0.5,Sion,Olaf,Orianna,Kai'Sa,Alistar,0.5,0.5,0.4119,0.5678,0.4806,1.0,-1021.0,-1557.0,32.0,2.0,1.0,5.0,0.5,0.5,0.5,0.5,0.5,108.8979,0
0,Blue,Team Vitality,0.5,Renekton,Lillia,Orianna,Xayah,Alistar,0.3187,0.3473,0.3688,0.5,0.4319,0.0,463.0,-1684.0,-21.0,2.0,3.0,3.0,0.5,0.5,0.5,0.5,0.5,223.8824,1
0,Red,Excel Esports,0.5,Aatrox,Hecarim,Syndra,Jhin,Rell,0.5,0.5,0.5,0.5,0.6478,1.0,-463.0,1684.0,21.0,3.0,6.0,2.0,0.5,0.5,0.5,0.5,0.5,-85.6739,0
0,Blue,Fnatic,0.5,Renekton,Taliyah,Twisted Fate,Kai'Sa,Rell,0.3894,0.5,0.5,0.5129,0.5825,0.0,3678.0,155.0,19.0,7.0,17.0,6.0,0.5,0.5,0.5,0.5,0.5,49.6826,1
0,Red,SK Gaming,0.5,Sion,Graves,Ryze,Tristana,Alistar,0.5,0.612,0.5,0.5,0.4891,1.0,-3678.0,-155.0,-19.0,6.0,15.0,7.0,0.5,0.5,0.5,0.5,0.5,299.6844,0
0,Blue,G2 Esports,0.5,Karma,Hecarim,Twisted Fate,Kai'Sa,Nautilus,0.5,0.5,0.5,0.56,0.5,1.0,122.0,2293.0,12.0,4.0,10.0,2.0,0.5,0.5,0.5,0.5,0.5,167.5556,1
0,Red,Misfits Gaming,0.5,Sion,Lillia,Lucian,Caitlyn,Braum,0.5,0.4131,0.5,0.5,0.5,0.0,-122.0,-2293.0,-12.0,2.0,5.0,4.0,0.5,0.5,0.5,0.5,0.5,96.4387,0
0,Blue,Rogue,0.5,Aatrox,Udyr,Orianna,Kalista,Thresh,0.5,0.5,0.4342,0.5,0.5,0.0,-412.0,192.0,33.0,1.0,2.0,5.0,0.5,0.5,0.5,0.5,0.5,52.4435,1
0,Red,KOI,0.5,Sion,Lillia,Ahri,Jhin,Nautilus,0.5,0.3717,0.5,0.5,0.5,1.0,412.0,-192.0,-33.0,5.0,5.0,1.0,0.5,0.5,0.5,0.5,0.5,78.7569,0
0,Blue,SK Gaming,0.5,Aatrox,Lillia,Zoe,Xayah,Alistar,0.5,0.3346,0.5,0.5,0.4401,0.0,-3080.0,-3106.0,-14.0,0.0,0.0,4.0,0.5,0.5,0.5,0.5,0.5,-22.4387,0
0,Red,Rogue,0.5,Sion,Nidalee,Syndra,Kai'Sa,Rell,0.5,0.5,0.5,0.6024,0.6244,1.0,3080.0,3106.0,14.0,4.0,4.0,0.0,0.5,0.5,0.5,0.5,0.5,148.8305,1
0,Blue,Team Vitality,0.5,Gnar,Hecarim,Seraphine,Xayah,Alistar,0.5,0.5,0.5,0.5,0.3962,0.0,-1661.0,-1954.0,-13.0,1.0,2.0,4.0,0.5,0.5,0.5,0.5,0.5,-135.7342,0
0,Red,Astralis,0.5,Renekton,Udyr,Orianna,Kai'Sa,Rakan,0.4522,0.5,0.4924,0.6408,0.5,1.0,1661.0,1954.0,13.0,4.0,8.0,1.0,0.5,0.5,0.5,0.5,0.5,454.4062,1
0,Blue,FC Schalke 04 Esports,0.5,Urgot,Hecarim,Orianna,Seraphine,Alistar,0.5,0.5,0.5443,0.5,0.3569,0.0,-2302.0,-1367.0,-9.0,3.0,5.0,3.0,0.5,0.5,0.5,0.5,0.5,-142.7682,1
0,Red,Fnatic,0.5,Gangplank,Udyr,Zoe,Senna,Tahm Kench,0.5,0.5,0.5,0.5,0.5,1.0,2302.0,1367.0,9.0,3.0,4.0,3.0,0.5,0.5,0.5,0.5,0.5,0.0,0
0,Blue,KOI,0.5,Gnar,Hecarim,Twisted Fate,Kai'Sa,Rakan,0.5,0.5,0.5,0.6754,0.5,0.0,3022.0,778.0,46.0,4.0,7.0,2.0,0.5,0.5,0.5,0.5,0.5,257.3455,0
0,Red,Misfits Gaming,0.5,Gangplank,Lillia,Sylas,Xayah,Rell,0.5,0.3014,0.5,0.4671,0.6618,1.0,-3022.0,-778.0,-46.0,2.0,4.0,4.0,0.5,0.5,0.5,0.5,0.5,-73.0729,1
0,Blue,G2 Esports,0.5,Jayce,Udyr,Rumble,Jhin,Rell,0.5,0.5,0.5,0.5,0.6954,1.0,-1133.0,-943.0,14.0,1.0,1.0,3.0,0.5,0.5,0.5,0.5,0.5,4.0029,0
0,Red,Excel Esports,0.5,Sion,Lillia,Orianna,Tristana,Alistar,0.5,0.3705,0.5905,0.5,0.4205,0.0,1133.0,943.0,-14.0,3.0,3.0,1.0,0.5,0.5,0.5,0.5,0.5,-444.2363,1
0,Blue,SK Gaming,0.5,Gnar,Hecarim,Orianna,Xayah,Alistar,0.3182,0.5,0.6317,0.5249,0.4776,0.0,2250.0,324.0,39.0,0.0,0.0,0.0,0.5,0.5,0.5,0.5,0.5,-152.5202,0
0,Red,Astralis,0.5,Sion,Udyr,Sylas,Kai'Sa,Rell,0.5,0.5,0.5,0.6104,0.6266,1.0,-2250.0,-324.0,-39.0,0.0,0.0,0.0,0.5,0.5,0.5,0.5,0.5,154.3037,1
0,Blue,FC Schalke 04 Esports,0.5,Karma,Hecarim,Ryze,Xayah,Alistar,0.5,0.3689,0.5,0.4687,0.4307,1.0,2703.0,1870.0,21.0,5.0,7.0,2.0,0.5,0.5,0.5,0.5,0.5,-522.0849,1
0,Red,Team Vitality,0.5,Renekton,Udyr,Viktor,Tristana,Rell,0.5081,0.5,0.5,0.5,0.6634,0.0,-2703.0,-1870.0,-21.0,2.0,4.0,5.0,0.5,0.5,0.5,0.5,0.5,190.7902,0
0,Blue,Excel Esports,0.5,Sion,Lillia,Sylas,Xayah,Alistar,0.5,0.4325,0.5,0.525,0.4864,0.0,171.0,-366.0,-58.0,3.0,6.0,2.0,0.5,0.5,0.5,0.5,0.5,-134.2931,1
0,Red,Rogue,0.5,Gnar,Udyr,Syndra,Kai'Sa,Rell,0.2836,0.5,0.5,0.6478,0.5983,1.0,-171.0,366.0,58.0,2.0,4.0,3.0,0.5,0.5,0.5,0.5,0.5,416.8471,0
0,Blue,Fnatic,0.5,Renekton,Udyr,Seraphine,Kai'Sa,Rell,0.4566,0.5,0.5,0.5856,0.5397,0.0,-4326.0,-1861.0,-15.0,6.0,14.0,10.0,0.5,0.5,0.5,0.5,0.5,246.8946,0
0,Red,Misfits Gaming,0.5,Gnar,Hecarim,Ryze,Tristana,Alistar,0.2533,0.4374,0.5,0.5,0.5366,1.0,4326.0,1861.0,15.0,10.0,16.0,6.0,0.5,0.5,0.5,0.5,0.5,-2.2142,1
0,Blue,KOI,0.5,Gragas,Lillia,Lucian,Xayah,Rakan,0.5265,0.4882,0.5,0.5747,0.5,1.0,1770.0,-1631.0,-43.0,4.0,7.0,1.0,0.5,0.5,0.5,0.5,0.5,158.4934,1
0,Red,G2 Esports,0.5,Sion,Rek'Sai,Syndra,Kai'Sa,Veigar,0.5,0.5,0.294,0.5294,0.5,0.0,-1770.0,1631.0,43.0,1.0,3.0,4.0,0.5,0.5,0.5,0.5,0.5,83.4281,0
0,Blue,Team Vitality,0.5,Gnar,Skarner,LeBlanc,Xayah,Alistar,0.3323,0.5,0.5,0.6188,0.5817,0.0,898.0,-213.0,11.0,1.0,3.0,1.0,0.5,0.5,0.5,0.5,0.5,443.8775,1
0,Red,Misfits Gaming,0.5,Sion,Hecarim,Zoe,Kai'Sa,Rell,0.5,0.4976,0.5,0.4787,0.487,1.0,-898.0,213.0,-11.0,1.0,2.0,1.0,0.5,0.5,0.5,0.5,0.5,-304.7165,0
0,Blue,Excel Esports,0.5,Sion,Dr. Mundo,Syndra,Aphelios,Thresh,0.5,0.5,0.2621,0.5,0.5,0.0,-1108.0,-196.0,-10.0,0.0,0.0,1.0,0.5,0.5,0.5,0.5,0.5,122.1924,0
0,Red,FC Schalke 04 Esports,0.5,Gangplank,Karthus,Nocturne,Jhin,Alistar,0.5,0.5,0.5,0.5,0.6224,1.0,1108.0,196.0,10.0,1.0,2.0,0.0,0.5,0.5,0.5,0.5,0.5,-113.0956,1
0,Blue,Astralis,0.5,Gragas,Skarner,Sylas,Tristana,Nautilus,0.5743,0.5,0.5,0.5,0.5,0.0,-827.0,623.0,16.0,9.0,14.0,9.0,0.5,0.5,0.5,0.5,0.5,-213.0899,1
0,Red,KOI,0.5,Nocturne,Malphite,Qiyana,Aphelios,Thresh,0.5,0.5,0.5,0.5,0.5,1.0,827.0,-623.0,-16.0,9.0,19.0,9.0,0.5,0.5,0.5,0.5,0.5,0.0,0
0,Blue,G2 Esports,0.5,Dr. Mundo,Lillia,Yone,Xayah,Rell,0.5,0.5383,0.5,0.658,0.4396,1.0,2251.0,1599.0,54.0,8.0,11.0,5.0,0.5,0.5,0.5,0.5,0.5,426.4713,1
0,Red,SK Gaming,0.5,Sion,Hecarim,LeBlanc,Kai'Sa,Leona,0.5,0.445,0.5,0.4328,0.5,0.0,-2251.0,-1599.0,-54.0,5.0,7.0,8.0,0.5,0.5,0.5,0.5,0.5,-286.4882,0
0,Blue,Rogue,0.5,Gnar,Graves,Orianna,Senna,Cho'Gath,0.4022,0.5465,0.5684,0.5,0.5,1.0,4145.0,1967.0,-15.0,9.0,12.0,4.0,0.5,0.5,0.5,0.5,0.5,719.1995,1
0,Red,Fnatic,0.5,Nocturne,Gragas,Lucian,Aphelios,Thresh,0.5,0.6169,0.5,0.5,0.5,0.0,-4145.0,-1967.0,15.0,4.0,8.0,9.0,0.5,0.5,0.5,0.5,0.5,-308.7862,0
1,Blue,Fnatic,0.5,Gragas,Volibear,Orianna,Tristana,Nautilus,0.5554,0.5,0.6115,0.5,0.5,1.0,615.0,-1068.0,10.0,3.0,5.0,5.0,0.5,0.5,0.5,0.5,0.5,-245.3359,1
1,Red,SK Gaming,0.5,Aatrox,Hecarim,Ahri,Xayah,Alistar,0.5,0.3984,0.5,0.6929,0.659,0.0,-615.0,1068.0,-10.0,5.0,12.0,3.0,0.5,0.5,0.5,0.5,0.5,33.1726,0
1,Blue,Fnatic,0.5,Sion,Hecarim,Azir,Xayah,Rakan,0.364,0.357,0.4896,0.6227,0.5,0.0,3761.0,3607.0,30.0,4.0,4.0,1.0,0.5,0.5,0.5,0.5,0.5,-529.0249,0
1,Red,SK Gaming,0.5,Gnar,Lillia,Viktor,Kai'Sa,Alistar,0.4642,0.5834,0.5,0.3914,0.5952,1.0,-3761.0,-3607.0,-30.0,1.0,2.0,4.0,0.5,0.5,0.5,0.5,0.5,530.6701,1
1,Blue,Fnatic,0.4454,Karma,Hecarim,Lucian,Kai'Sa,Rell,0.5,0.3203,0.5,0.4496,0.494,1.0,3360.0,1295.0,25.0,7.0,10.0,4.0,0.4454,0.4454,0.4454,0.4454,0.4454,-601.8622,1
1,Red,SK Gaming,0.4041,Jayce,Udyr,Akali,Xayah,Rakan,0.5,0.3784,0.5,0.5599,0.5,0.0,-3360.0,-1295.0,-25.0,4.0,5.0,7.0,0.4041,0.4041,0.4041,0.4041,0.4041,263.1105,0
1,Blue,SK Gaming,0.3603,Urgot,Hecarim,Cassiopeia,Xayah,Leona,0.5,0.3897,0.5,0.5038,0.3999,0.0,-1439.0,-1923.0,-59.0,6.0,6.0,8.0,0.3603,0.3603,0.3603,0.3603,0.3603,27.375,0
1,Red,Fnatic,0.5056,Karma,Volibear,Lucian,Kai'Sa,Rell,0.5,0.5,0.5,0.5023,0.5431,1.0,1439.0,1923.0,59.0,8.0,14.0,6.0,0.5056,0.5056,0.5056,0.5056,0.5056,-36.8476,1
1,Blue,G2 Esports,0.5,Gnar,Hecarim,Corki,Kai'Sa,Gragas,0.5193,0.3502,0.5,0.5499,0.5995,0.0,-864.0,-308.0,28.0,1.0,2.0,3.0,0.5,0.5,0.5,0.5,0.5,79.3758,1
1,Red,FC Schalke 04 Esports,0.5,Wukong,Udyr,Azir,Xayah,Alistar,0.5,0.3374,0.4393,0.4536,0.6343,1.0,864.0,308.0,-28.0,3.0,4.0,1.0,0.5,0.5,0.5,0.5,0.5,-363.4713,0
1,Blue,G2 Esports,0.5,Sion,Hecarim,Orianna,Ashe,Braum,0.3245,0.4157,0.65,0.5,0.5,0.0,2536.0,1036.0,58.0,7.0,13.0,9.0,0.5,0.5,0.5,0.5,0.5,-248.9641,1
1,Red,FC Schalke 04 Esports,0.5,Darius,Udyr,Zoe,Kai'Sa,Alistar,0.5,0.3013,0.5,0.5929,0.5731,1.0,-2536.0,-1036.0,-58.0,9.0,18.0,7.0,0.5,0.5,0.5,0.5,0.5,-174.9147,0
1,Blue,FC Schalke 04 Esports,0.4325,Darius,Hecarim,Orianna,Jinx,Gragas,0.5,0.4742,0.6846,0.5,0.6391,1.0,4940.0,3142.0,28.0,10.0,16.0,4.0,0.4325,0.4325,0.4325,0.4325,0.4325,-147.2894,1
1,Red,G2 Esports,0.7901,Sion,Lillia,Twisted Fate,Sivir,Alistar,0.3968,0.624,0.5,0.5,0.5178,0.0,-4940.0,-3142.0,-28.0,4.0,9.0,10.0,0.7901,0.7901,0.7901,0.7901,0.7901,-160.6768,0
1,Blue,G2 Esports,0.7044,Sion,Lillia,Azir,Kai'Sa,Rell,0.3548,0.5633,0.3944,0.5362,0.5874,0.0,-425.0,971.0,-21.0,5.0,7.0,4.0,0.7044,0.7044,0.7044,0.7044,0.7044,-582.1771,0
1,Red,FC Schalke 04 Esports,0.4941,Darius,Udyr,Orianna,Vayne,Alistar,0.5,0.2694,0.7157,0.5,0.468,1.0,425.0,-971.0,21.0,4.0,7.0,5.0,0.4941,0.4941,0.4941,0.4941,0.4941,-74.8638,1
1,Blue,G2 Esports,0.629,Sion,Volibear,Lucian,Seraphine,Gragas,0.3177,0.5,0.5,0.5,0.6747,1.0,2597.0,804.0,31.0,3.0,5.0,3.0,0.629,0.629,0.629,0.629,0.629,-464.7305,1
1,Red,FC Schalke 04 Esports,0.5483,Aatrox,Udyr,Azir,Jinx,Rell,0.5,0.3459,0.3544,0.5,0.5306,0.0,-2597.0,-804.0,-31.0,3.0,6.0,3.0,0.5483,0.5483,0.5483,0.5483,0.5483,-113.2912,0
1,Blue,Rogue,0.5,Jayce,Udyr,Azir,Senna,Cho'Gath,0.5,0.31,0.3187,0.5,0.5,0.0,2162.0,105.0,12.0,1.0,1.0,3.0,0.5,0.5,0.5,0.5,0.5,-261.1277,1
1,Red,KOI,0.5,Malphite,Volibear,Orianna,Jinx,Thresh,0.5,0.5,0.7436,0.5,0.5,1.0,-2162.0,-105.0,-12.0,3.0,5.0,1.0,0.5,0.5,0.5,0.5,0.5,169.5869,0
1,Blue,Rogue,0.5,Aatrox,Graves,Azir,Senna,Cho'Gath,0.5,0.5945,0.387,0.5,0.5,1.0,803.0,3557.0,30.0,7.0,12.0,7.0,0.5,0.5,0.5,0.5,0.5,340.243,0
1,Red,KOI,0.5,Wukong,Volibear,Orianna,Jinx,Thresh,0.5,0.5,0.6708,0.5,0.5,0.0,-803.0,-3557.0,-30.0,7.0,9.0,7.0,0.5,0.5,0.5,0.5,0.5,15.0351,1
1,Blue,Rogue,0.6842,Sion,Hecarim,Azir,Kai'Sa,Rakan,0.3885,0.5267,0.3484,0.485,0.5,0.0,-778.0,-145.0,-35.0,4.0,6.0,3.0,0.6842,0.6842,0.6842,0.6842,0.6842,-302.9217,0
1,Red,KOI,0.5235,Aatrox,Volibear,Orianna,Vayne,Alistar,0.5,0.5,0.703,0.5,0.5191,1.0,778.0,145.0,35.0,3.0,6.0,4.0,0.5235,0.5235,0.5235,0.5235,0.5235,-181.0732,1
1,Blue,Rogue,0.6099,Sion,Nidalee,Lucian,Aphelios,Thresh,0.3485,0.5,0.5,0.5,0.5,1.0,4471.0,3853.0,79.0,7.0,12.0,2.0,0.6099,0.6099,0.6099,0.6099,0.6099,-183.5226,0
1,Red,KOI,0.5752,Urgot,Lillia,Twisted Fate,Kai'Sa,Alistar,0.5,0.5087,0.5,0.4387,0.5654,0.0,-4471.0,-3853.0,-79.0,2.0,3.0,7.0,0.5752,0.5752,0.5752,0.5752,0.5752,-258.5426,1
1,Blue,FC Schalke 04 Esports,0.4903,Gangplank,Udyr,Sylas,Kai'Sa,Leona,0.5,0.381,0.5,0.4923,0.3565,0.0,3729.0,2978.0,5.0,7.0,9.0,3.0,0.4903,0.4903,0.4903,0.4903,0.4903,-501.2822,1
1,Red,Fnatic,0.5585,Lulu,Olaf,Twisted Fate,Xayah,Rell,0.5,0.5,0.6638,0.4086,0.4794,1.0,-3729.0,-2978.0,-5.0,3.0,6.0,7.0,0.5585,0.5585,0.5585,0.5585,0.5585,103.8554,0
1,Blue,FC Schalke 04 Esports,0.5436,Gangplank,Volibear,Viktor,Xayah,Gragas,0.5,0.5,0.5,0.3682,0.7066,0.0,2163.0,790.0,1.0,6.0,12.0,4.0,0.5436,0.5436,0.5436,0.5436,0.5436,21.7084,1
1,Red,Fnatic,0.4994,Cho'Gath,Lee Sin,Twisted Fate,Kai'Sa,Rell,0.5,0.5,0.5917,0.5407,0.4331,1.0,-2163.0,-790.0,-1.0,4.0,9.0,6.0,0.4994,0.4994,0.4994,0.4994,0.4994,-510.3763,0
1,Blue,Fnatic,0.4471,Aatrox,Volibear,Azir,Xayah,Rell,0.5,0.5,0.3138,0.4304,0.3914,0.0,-228.0,-1397.0,-5.0,4.0,5.0,5.0,0.4471,0.4471,0.4471,0.4471,0.4471,24.8881,0
1,Red,FC Schalke 04 Esports,0.591,Urgot,Udyr,Corki,Kai'Sa,Gragas,0.5,0.4442,0.5,0.4891,0.7354,1.0,228.0,1397.0,5.0,5.0,5.0,4.0,0.591,0.591,0.591,0.591,0.591,-242.759,1
1,Blue,G2 Esports,0.6682,Sylas,Udyr,Tristana,Karma,Leona,0.5,0.5005,0.5,0.5,0.4255,1.0,1414.0,49.0,-26.0,4.0,8.0,3.0,0.6682,0.6682,0.6682,0.6682,0.6682,239.3636,0
1,Red,KOI,0.6206,Gnar,Olaf,Orianna,Jinx,Rell,0.5684,0.5,0.7319,0.5,0.3538,0.0,-1414.0,-49.0,26.0,3.0,2.0,4.0,0.6206,0.6206,0.6206,0.6206,0.6206,309.5508,1
1,Blue,G2 Esports,0.5983,Gragas,Trundle,Lucian,Karma,Alistar,0.7612,0.5,0.5,0.5,0.6071,1.0,-4568.0,-2408.0,-34.0,3.0,5.0,7.0,0.5983,0.5983,0.5983,0.5983,0.5983,-159.1124,0
1,Red,KOI,0.6608,Gnar,Udyr,Twisted Fate,Kai'Sa,Rakan,0.6122,0.4501,0.5284,0.5379,0.5,0.0,4568.0,2408.0,34.0,7.0,15.0,3.0,0.6608,0.6608,0.6608,0.6608,0.6608,419.6788,1
1,Blue,G2 Esports,0.5362,Akali,Volibear,Orianna,Kai'Sa,Nautilus,0.5,0.5,0.758,0.582,0.5,1.0,1428.0,2324.0,44.0,7.0,15.0,4.0,0.5362,0.5362,0.5362,0.5362,0.5362,-441.2959,1
1,Red,KOI,0.6963,Gnar,Hecarim,Viktor,Xayah,Leona,0.6512,0.4744,0.5,0.3881,0.3804,0.0,-1428.0,-2324.0,-44.0,4.0,6.0,7.0,0.6963,0.6963,0.6963,0.6963,0.6963,892.7722,0
1,Blue,KOI,0.6241,Gnar,Udyr,Orianna,Ezreal,Leona,0.586,0.5052,0.7814,0.5,0.3406,1.0,2715.0,612.0,18.0,4.0,7.0,3.0,0.6241,0.6241,0.6241,0.6241,0.6241,991.3073,1
1,Red,G2 Esports,0.5839,Jayce,Volibear,Viktor,Kai'Sa,Nautilus,0.5,0.5,0.5,0.6218,0.5,0.0,-2715.0,-612.0,-18.0,3.0,7.0,4.0,0.5839,0.5839,0.5839,0.5839,0.5839,-80.914,0
1,Blue,Rogue,0.5446,Karma,Lillia,Tristana,Ashe,Rell,0.5,0.5563,0.5,0.5,0.4159,1.0,1737.0,-354.0,6.0,1.0,1.0,2.0,0.5446,0.5446,0.5446,0.5446,0.5446,-97.7456,1
1,Red,FC Schalke 04 Esports,0.633,Irelia,Udyr,Azir,Xayah,Alistar,0.5,0.5545,0.2828,0.3501,0.5488,0.0,-1737.0,354.0,-6.0,2.0,2.0,1.0,0.633,0.633,0.633,0.633,0.633,146.3899,0
1,Blue,FC Schalke 04 Esports,0.5684,Nocturne,Hecarim,Ryze,Kai'Sa,Rell,0.5,0.4275,0.5,0.5625,0.472,0.0,-1142.0,-655.0,-31.0,3.0,4.0,4.0,0.5684,0.5684,0.5684,0.5684,0.5684,162.5652,1
1,Red,Rogue,0.5928,Gnar,Udyr,Viktor,Kalista,Gragas,0.6273,0.4995,0.5,0.5,0.687,1.0,1142.0,655.0,31.0,4.0,4.0,3.0,0.5928,0.5928,0.5928,0.5928,0.5928,773.0681,0
1,Blue,Rogue,0.5307,Urgot,Hecarim,Syndra,Kalista,Gragas,0.5,0.4839,0.234,0.5,0.6203,1.0,2339.0,-53.0,17.0,5.0,8.0,4.0,0.5307,0.5307,0.5307,0.5307,0.5307,92.6374,1
1,Red,FC Schalke 04 Esports,0.6122,Wukong,Udyr,Viktor,Kai'Sa,Rell,0.5,0.4501,0.5,0.6043,0.5226,0.0,-2339.0,53.0,-17.0,4.0,8.0,5.0,0.6122,0.6122,0.6122,0.6122,0.6122,69.8829,0
1,Blue,FC Schalke 04 Esports,0.5505,Karma,Hecarim,Ryze,Kai'Sa,Gragas,0.5,0.5346,0.5,0.5466,0.6571,0.0,-376.0,41.0,-26.0,3.0,6.0,1.0,0.5505,0.5505,0.5505,0.5505,0.5505,-234.9757,0
1,Red,Rogue,0.5794,Kennen,Udyr,Lucian,Kalista,Rell,0.5,0.4058,0.5,0.5,0.4725,1.0,376.0,-41.0,26.0,1.0,2.0,3.0,0.5794,0.5794,0.5794,0.5794,0.5794,103.7423,1
1,Blue,G2 Esports,0.5243,Urgot,Olaf,Seraphine,Senna,Gragas,0.5,0.5,0.5,0.5,0.5935,0.0,-1280.0,-1158.0,-41.0,0.0,0.0,2.0,0.5243,0.5243,0.5243,0.5243,0.5243,-72.9982,1
1,Red,Rogue,0.6227,Karma,Udyr,Syndra,Ashe,Rell,0.5,0.4641,0.3151,0.5,0.5231,1.0,1280.0,1158.0,41.0,2.0,2.0,0.0,0.6227,0.6227,0.6227,0.6227,0.6227,268.676,0
1,Blue,Rogue,0.5591,Renekton,Nidalee,Lucian,Jinx,Thresh,0.4106,0.5,0.6004,0.5,0.3285,1.0,548.0,1728.0,45.0,1.0,1.0,3.0,0.5591,0.5591,0.5591,0.5591,0.5591,154.0746,1
1,Red,G2 Esports,0.5725,Karma,Nocturne,Twisted Fate,Jhin,Blitzcrank,0.5,0.5,0.5783,0.5808,0.5,0.0,-548.0,-1728.0,-45.0,3.0,6.0,1.0,0.5725,0.5725,0.5725,0.5725,0.5725,-80.3574,0
1,Blue,G2 Esports,0.5148,Gnar,Udyr,Syndra,Jhin,Gragas,0.565,0.4187,0.2821,0.5178,0.6328,0.0,-771.0,-468.0,-10.0,2.0,1.0,3.0,0.5148,0.5148,0.5148,0.5148,0.5148,1280.701,0
1,Red,Rogue,0.6038,Nocturne,Lillia,Lucian,Ashe,Rell,0.5,0.5992,0.6438,0.5,0.473,1.0,771.0,468.0,10.0,3.0,3.0,2.0,0.6038,0.6038,0.6038,0.6038,0.6038,135.313,1
1,Blue,G2 Esports,0.4632,Karma,Udyr,Sylas,Ashe,Braum,0.5,0.3778,0.5,0.5,0.5,1.0,-4382.0,-1983.0,-37.0,3.0,5.0,7.0,0.4632,0.4632,0.4632,0.4632,0.4632,218.9022,0
1,Red,Rogue,0.6437,Renekton,Lillia,Orianna,Varus,Thresh,0.4696,0.6379,0.8026,0.5,0.4014,0.0,4382.0,1983.0,37.0,7.0,16.0,3.0,0.6437,0.6437,0.6437,0.6437,0.6437,-93.5716,1
1,Blue,KOI,0.6628,Gnar,Udyr,Viktor,Jhin,Alistar,0.5091,0.341,0.5,0.4623,0.4962,0.0,-36.0,856.0,13.0,1.0,1.0,2.0,0.6628,0.6628,0.6628,0.6628,0.6628,490.7729,0
1,Red,Rogue,0.6794,Gangplank,Hecarim,Orianna,Varus,Rell,0.5,0.4822,0.8217,0.5,0.5234,1.0,36.0,-856.0,-13.0,2.0,5.0,1.0,0.6794,0.6794,0.6794,0.6794,0.6794,-88.6888,1
1,Blue,KOI,0.5951,Gnar,Volibear,Orianna,Senna,Tahm Kench,0.459,0.5,0.8389,0.5,0.5,0.0,-2087.0,-1673.0,-12.0,0.0,0.0,4.0,0.5951,0.5951,0.5951,0.5951,0.5951,610.8084,0
1,Red,Rogue,0.7114,Gangplank,Hecarim,Viktor,Varus,Rakan,0.5,0.5328,0.5,0.5,0.5,1.0,2087.0,1673.0,12.0,4.0,3.0,0.0,0.7114,0.7114,0.7114,0.7114,0.7114,-12.3356,1
1,Blue,KOI,0.5348,Wukong,Volibear,Orianna,Ezreal,Leona,0.5,0.5,0.758,0.5,0.409,0.0,-1138.0,62.0,-42.0,6.0,7.0,3.0,0.5348,0.5348,0.5348,0.5348,0.5348,213.1142,1
1,Red,Rogue,0.7401,Karma,Hecarim,Tristana,Caitlyn,Morgana,0.5,0.5783,0.5,0.5,0.5,1.0,1138.0,-62.0,42.0,3.0,4.0,6.0,0.7401,0.7401,0.7401,0.7401,0.7401,50.4294,0
1,Blue,Rogue,0.6669,Gnar,Lillia,Lucian,Varus,Braum,0.4139,0.6728,0.6819,0.5,0.5,0.0,-1431.0,-2455.0,6.0,2.0,3.0,4.0,0.6669,0.6669,0.6669,0.6669,0.6669,1045.041,0
1,Red,KOI,0.5816,Wukong,Udyr,Twisted Fate,Kai'Sa,Alistar,0.5,0.3078,0.5177,0.4945,0.4487,1.0,1431.0,2455.0,-6.0,4.0,5.0,2.0,0.5816,0.5816,0.5816,0.5816,0.5816,-210.5108,1
1,Blue,Rogue,0.6012,Renekton,Udyr,Ryze,Senna,Tahm Kench,0.5225,0.375,0.5,0.5,0.5,0.0,4038.0,2598.0,17.0,5.0,8.0,1.0,0.6012,0.6012,0.6012,0.6012,0.6012,528.7485,0
1,Red,KOI,0.6236,Gnar,Volibear,Viktor,Kai'Sa,Rakan,0.3734,0.5,0.5,0.5427,0.5,1.0,-4038.0,-2598.0,-17.0,1.0,1.0,5.0,0.6236,0.6236,0.6236,0.6236,0.6236,80.2973,1
0,Blue,G2 Esports,0.4171,Viego,Xin Zhao,Syndra,Varus,Rakan,0.5,0.5,0.2528,0.5,0.5,0.0,1631.0,1051.0,11.0,6.0,11.0,4.0,0.4171,0.4171,0.4171,0.4171,0.4171,147.2195,1
0,Red,KOI,0.6611,Jayce,Rumble,Lucian,Ezreal,Braum,0.5,0.5,0.6098,0.5,0.5,1.0,-1631.0,-1051.0,-11.0,4.0,7.0,6.0,0.6611,0.6611,0.6611,0.6611,0.6611,350.8188,0
0,Blue,Astralis,0.5,Lee Sin,Trundle,Viktor,Ezreal,Leona,0.5,0.5,0.5,0.5,0.4698,0.0,-1321.0,-1731.0,-47.0,2.0,3.0,4.0,0.5,0.5,0.5,0.5,0.5,84.1782,1
0,Red,SK Gaming,0.3217,Lucian,Rumble,Orianna,Kai'Sa,Nautilus,0.5459,0.5,0.7813,0.5863,0.5,1.0,1321.0,1731.0,47.0,4.0,9.0,2.0,0.3217,0.3217,0.5,0.3217,0.5,171.5158,0
0,Blue,Rogue,0.5422,Kennen,Rumble,Jayce,Kalista,Alistar,0.5,0.5,0.5,0.5,0.5015,1.0,5607.0,4242.0,79.0,2.0,5.0,0.0,0.5422,0.5422,0.5422,0.5422,0.5422,-144.8957,1
0,Red,Excel Esports,0.5,Wukong,Xin Zhao,Akali,Kai'Sa,Rakan,0.5,0.5,0.5,0.5304,0.5,0.0,-5607.0,-4242.0,-79.0,0.0,0.0,2.0,0.5,0.5,0.5,0.5,0.5,-240.4891,0
0,Blue,FC Schalke 04 Esports,0.4953,Lee Sin,Taliyah,Renekton,Sivir,Alistar,0.5,0.5,0.4707,0.5,0.5492,0.0,-3639.0,-2860.0,-46.0,0.0,0.0,6.0,0.4953,0.5,0.5,0.4953,0.4953,219.3115,0
0,Red,Team Vitality,0.5,Lulu,Xin Zhao,Viego,Varus,Braum,0.5,0.5,0.5,0.5,0.5,1.0,3639.0,2860.0,46.0,6.0,9.0,0.0,0.5,0.4007,0.5,0.5,0.5,0.0,1
0,Blue,Fnatic,0.4007,Viego,Rumble,Lucian,Xayah,Rakan,0.5,0.5,0.4893,0.3159,0.5521,1.0,3831.0,1929.0,24.0,7.0,12.0,5.0,0.5,0.4007,0.4007,0.4007,0.4007,-392.6637,0
0,Red,Misfits Gaming,0.5,Lee Sin,Udyr,Akali,Kai'Sa,Alistar,0.5,0.3387,0.5,0.4799,0.4966,0.0,-3831.0,-1929.0,-24.0,5.0,6.0,7.0,0.5,0.5,0.5,0.5,0.5,-335.2935,1
0,Blue,Excel Esports,0.5,Nocturne,Rumble,Viego,Senna,Tahm Kench,0.5,0.5,0.5,0.5,0.5,0.0,1100.0,-670.0,-28.0,3.0,8.0,4.0,0.5,0.5,0.5,0.5,0.5,0.0,0
0,Red,Astralis,0.5,Lee Sin,Trundle,Akali,Kai'Sa,Nautilus,0.5,0.5,0.5,0.5294,0.5,1.0,-1100.0,670.0,28.0,4.0,9.0,3.0,0.5,0.5,0.5,0.5,0.5,-435.8116,1
0,Blue,SK Gaming,0.2877,Gwen,Lillia,Lucian,Kai'Sa,Nautilus,0.5,0.608,0.4389,0.5743,0.5,0.0,2685.0,1471.0,25.0,2.0,2.0,0.0,0.2877,0.2877,0.5,0.2877,0.5,166.7097,0
0,Red,Misfits Gaming,0.5,Viego,Udyr,Viktor,Ezreal,Braum,0.5,0.4026,0.4736,0.5,0.5,1.0,-2685.0,-1471.0,-25.0,0.0,0.0,2.0,0.5,0.5,0.5,0.5,0.5,-446.0221,1
0,Blue,Team Vitality,0.5,Gwen,Udyr,Viego,Kog'Maw,Nautilus,0.5,0.4603,0.5,0.5,0.5,1.0,-4958.0,-2394.0,-50.0,4.0,5.0,9.0,0.5,0.4624,0.5,0.5,0.5,42.2662,0
0,Red,Rogue,0.587,Nocturne,Gragas,Lucian,Varus,Leona,0.5,0.5717,0.3941,0.5,0.5239,0.0,4958.0,2394.0,50.0,9.0,11.0,4.0,0.587,0.587,0.587,0.587,0.587,613.0328,1
0,Blue,FC Schalke 04 Esports,0.4459,Nocturne,Xin Zhao,Akali,Kog'Maw,Lulu,0.5,0.5,0.5,0.5,0.5,0.0,359.0,-752.0,-78.0,2.0,3.0,1.0,0.4459,0.5,0.5,0.4459,0.4459,0.0,1
0,Red,G2 Esports,0.4749,Sett,Rumble,Viego,Tristana,Rell,0.5,0.5,0.5,0.5,0.569,1.0,-359.0,752.0,78.0,1.0,2.0,2.0,0.4749,0.4749,0.4749,0.4749,0.4749,-260.8348,0
0,Blue,KOI,0.5955,Renekton,Volibear,Akali,Kai'Sa,Leona,0.4241,0.5,0.5,0.5196,0.5722,0.0,3443.0,2347.0,2.0,10.0,18.0,4.0,0.5955,0.5955,0.5955,0.5955,0.5955,-62.4184,1
0,Red,Fnatic,0.3595,Olaf,Udyr,Orianna,Kog'Maw,Lulu,0.5434,0.4159,0.7062,0.5,0.5,1.0,-3443.0,-2347.0,-2.0,4.0,5.0,10.0,0.5,0.3595,0.3595,0.3595,0.3595,-421.6161,0
0,Blue,Excel Esports,0.2883,Wukong,Sejuani,Akali,Kai'Sa,Nautilus,0.5,0.5,0.5,0.5653,0.5,1.0,-394.0,-146.0,5.0,2.0,3.0,4.0,0.2883,0.2883,0.5,0.2883,0.5,-154.7708,1
0,Red,FC Schalke 04 Esports,0.5009,Viego,Xin Zhao,Sylas,Ezreal,Taric,0.5,0.5,0.5,0.5,0.5,0.0,394.0,146.0,-5.0,4.0,8.0,2.0,0.5009,0.5,0.5,0.5009,0.5009,0.0,0
0,Blue,Misfits Gaming,0.6027,Renekton,Rumble,Akali,Tristana,Leona,0.4809,0.5,0.5,0.5,0.6153,1.0,2200.0,977.0,-9.0,3.0,5.0,1.0,0.6027,0.6027,0.6027,0.6027,0.6027,260.3795,1
0,Red,Team Vitality,0.3756,Nocturne,Udyr,Sylas,Kog'Maw,Braum,0.5,0.3759,0.5,0.5,0.5,0.0,-2200.0,-977.0,9.0,1.0,3.0,3.0,0.5,0.4152,0.5,0.5,0.3756,-70.3161,0
0,Blue,Astralis,0.5532,Lee Sin,Rumble,Corki,Ezreal,Alistar,0.5,0.5,0.5,0.5,0.5448,1.0,-3665.0,-2261.0,-68.0,5.0,9.0,4.0,0.5532,0.5532,0.5,0.5532,0.5532,-173.4844,0
0,Red,KOI,0.6355,Nocturne,Volibear,Akali,Jhin,Leona,0.5,0.5,0.5,0.4134,0.6538,0.0,3665.0,2261.0,68.0,4.0,6.0,5.0,0.6355,0.6355,0.6355,0.6355,0.6355,-98.3011,1
0,Blue,SK Gaming,0.2575,Renekton,Nidalee,Orianna,Ezreal,Leona,0.5318,0.5,0.6383,0.5,0.6884,0.0,-1115.0,-1469.0,-70.0,3.0,3.0,3.0,0.2575,0.2575,0.5,0.2575,0.5,524.7668,0
0,Red,G2 Esports,0.428,Viego,Udyr,Viktor,Tristana,Braum,0.5,0.3397,0.5307,0.5,0.5,1.0,1115.0,1469.0,70.0,3.0,3.0,3.0,0.428,0.428,0.428,0.428,0.428,-646.2335,1
0,Blue,Rogue,0.6273,Renekton,Rumble,Jayce,Ashe,Nautilus,0.4798,0.5,0.5,0.5,0.5,0.0,535.0,-1072.0,6.0,3.0,6.0,4.0,0.6273,0.6273,0.6273,0.6273,0.6273,355.5463,0
0,Red,Fnatic,0.3228,Wukong,Karthus,Lucian,Kai'Sa,Leona,0.5,0.5,0.4556,0.6067,0.62,1.0,-535.0,1072.0,-6.0,4.0,6.0,3.0,0.5,0.3228,0.3228,0.3228,0.3228,558.4762,1
0,Blue,SK Gaming,0.2308,Urgot,Volibear,Orianna,Ezreal,Karma,0.5,0.7336,0.577,0.5,0.5,1.0,1543.0,247.0,17.0,2.0,1.0,3.0,0.2308,0.2308,0.3217,0.2308,0.5,-2.3351,0
0,Red,FC Schalke 04 Esports,0.4514,Sett,Xin Zhao,Ryze,Kai'Sa,Rakan,0.5,0.5,0.5,0.6442,0.4922,0.0,-1543.0,-247.0,-17.0,3.0,6.0,2.0,0.4514,0.5,0.5,0.4514,0.4514,-461.9638,1
0,Blue,KOI,0.6714,Karma,Hecarim,Orianna,Tristana,Leona,0.5,0.5221,0.5216,0.5,0.6576,0.0,433.0,201.0,17.0,2.0,3.0,3.0,0.6714,0.6714,0.6714,0.6714,0.6714,35.1709,0
0,Red,Excel Esports,0.3655,Lulu,Xin Zhao,Azir,Kai'Sa,Nautilus,0.5,0.5,0.2549,0.6781,0.5,1.0,-433.0,-201.0,-17.0,3.0,1.0,2.0,0.3655,0.3655,0.5,0.3655,0.5,-184.1092,1
0,Blue,Misfits Gaming,0.6458,Gwen,Xin Zhao,Syndra,Kai'Sa,Alistar,0.5,0.5,0.3297,0.7088,0.4927,0.0,-2904.0,-2533.0,-29.0,2.0,1.0,3.0,0.6458,0.6458,0.6458,0.6458,0.6458,-352.7589,0
0,Red,Rogue,0.5662,Nocturne,Fiddlesticks,Lucian,Draven,Morgana,0.5,0.5,0.5104,0.5,0.5,1.0,2904.0,2533.0,29.0,3.0,5.0,2.0,0.5662,0.5662,0.5662,0.5662,0.5662,459.1555,1
0,Blue,Fnatic,0.3915,Olaf,Viego,Akali,Kalista,Braum,0.4845,0.5,0.5,0.5,0.5,0.0,4944.0,2039.0,34.0,8.0,15.0,2.0,0.5,0.3915,0.3915,0.3915,0.3915,-590.1462,1
0,Red,Team Vitality,0.3348,Renekton,Rumble,Yone,Ezreal,Leona,0.4329,0.5,0.5,0.5,0.5928,1.0,-4944.0,-2039.0,-34.0,2.0,3.0,8.0,0.5,0.3731,0.5,0.5,0.3348,531.9298,0
0,Blue,G2 Esports,0.4843,Gragas,Xin Zhao,Akali,Tristana,Braum,0.613,0.5,0.5,0.5,0.5,0.0,-501.0,-291.0,5.0,6.0,6.0,7.0,0.4843,0.4843,0.4843,0.4843,0.4843,84.7065,1
0,Red,Astralis,0.4932,Lee Sin,Rumble,Lucian,Karthus,Nautilus,0.5,0.5,0.5595,0.5,0.5,1.0,501.0,291.0,-5.0,7.0,8.0,6.0,0.4932,0.4932,0.5,0.4932,0.4932,397.4074,0
0,Blue,Team Vitality,0.299,Gwen,Rumble,Lucian,Varus,Tahm Kench,0.5,0.5,0.5037,0.5,0.5,1.0,9309.0,3989.0,111.0,9.0,10.0,2.0,0.5,0.3355,0.5,0.5,0.299,397.5663,1
0,Red,SK Gaming,0.2071,Viego,Sejuani,Viktor,Tristana,Braum,0.5,0.5,0.581,0.5371,0.5,0.0,-9309.0,-3989.0,-111.0,2.0,2.0,9.0,0.2071,0.2071,0.2877,0.2071,0.5,-36.8795,0
0,Blue,Misfits Gaming,0.5767,Renekton,Rumble,Sylas,Ezreal,Leona,0.3907,0.5,0.5,0.5,0.5346,1.0,3555.0,2924.0,-7.0,6.0,12.0,1.0,0.5767,0.5767,0.5767,0.5767,0.5767,430.7337,1
0,Red,Astralis,0.4404,Nocturne,Volibear,Orianna,Jinx,Thresh,0.5,0.654,0.4716,0.5,0.4655,0.0,-3555.0,-2924.0,7.0,1.0,1.0,6.0,0.4404,0.4404,0.5,0.4404,0.4404,-250.6911,0
0,Blue,FC Schalke 04 Esports,0.5055,Lulu,Hecarim,Ryze,Kog'Maw,Nautilus,0.5,0.4714,0.5,0.5,0.4583,0.0,489.0,337.0,16.0,5.0,8.0,3.0,0.5055,0.5,0.5,0.5055,0.5055,-483.5098,0
0,Red,KOI,0.6055,Camille,Volibear,Zoe,Varus,Karma,0.5,0.5839,0.5,0.5,0.5,1.0,-489.0,-337.0,-16.0,3.0,4.0,5.0,0.6055,0.6055,0.6055,0.6055,0.6055,-71.7981,1
0,Blue,Excel Esports,0.4335,Karma,Volibear,Jayce,Ezreal,Leona,0.5,0.628,0.5,0.5,0.5802,0.0,-4841.0,-3616.0,-102.0,2.0,2.0,4.0,0.4335,0.4335,0.5,0.4335,0.5,6.8765,0
0,Red,Fnatic,0.4528,Renekton,Rumble,Zoe,Kalista,Braum,0.45,0.5,0.5,0.5,0.5,1.0,4841.0,3616.0,102.0,4.0,6.0,2.0,0.5,0.4528,0.4528,0.4528,0.4528,514.2089,1
0,Blue,Rogue,0.6084,Kennen,Fiddlesticks,Jayce,Kalista,Blitzcrank,0.5,0.5,0.5,0.5,0.5,0.0,-263.0,545.0,-26.0,6.0,7.0,7.0,0.6084,0.6084,0.6084,0.6084,0.6084,0.0,0
0,Red,G2 Esports,0.535,Viego,Rumble,Orianna,Varus,Thresh,0.5,0.5,0.4264,0.5,0.4162,1.0,263.0,-545.0,26.0,7.0,13.0,6.0,0.535,0.535,0.535,0.535,0.535,-302.771,1
0,Blue,Excel Esports,0.3876,Nocturne,Sejuani,Akali,Xayah,Leona,0.5,0.5,0.5,0.2852,0.5235,0.0,-3590.0,-2303.0,-31.0,1.0,0.0,5.0,0.3876,0.3876,0.5,0.3876,0.5,-251.1329,0
0,Red,Misfits Gaming,0.6215,Gwen,Lee Sin,Sylas,Kai'Sa,Alistar,0.5,0.5,0.5,0.6413,0.4456,1.0,3590.0,2303.0,31.0,5.0,5.0,1.0,0.6215,0.6215,0.6215,0.6215,0.6215,-624.7234,1
0,Blue,KOI,0.6441,Nocturne,Rumble,Lee Sin,Kai'Sa,Galio,0.5,0.5,0.5,0.6754,0.5,0.0,2529.0,499.0,-29.0,7.0,10.0,2.0,0.6441,0.6441,0.6441,0.6441,0.6441,-361.2415,1
0,Red,SK Gaming,0.1859,Volibear,Diana,Lucian,Ezreal,Nautilus,0.5622,0.5,0.553,0.5,0.4086,1.0,-2529.0,-499.0,29.0,2.0,1.0,7.0,0.1859,0.1859,0.2575,0.1859,0.5,29.3448,0
0,Blue,FC Schalke 04 Esports,0.4558,Gwen,Diana,Sett,Senna,Tahm Kench,0.5,0.5,0.5,0.5,0.5,0.0,-3700.0,-3509.0,-94.0,1.0,1.0,6.0,0.4558,0.5,0.5,0.4558,0.4558,0.0,0
0,Red,Rogue,0.5493,Kennen,Kindred,Lucian,Varus,Rell,0.5,0.5,0.4983,0.5,0.5146,1.0,3700.0,3509.0,94.0,6.0,10.0,1.0,0.5493,0.5493,0.5493,0.5493,0.5493,301.6523,1
0,Blue,Astralis,0.3938,Lee Sin,Rumble,Lucian,Senna,Galio,0.5,0.5,0.5477,0.5,0.5,0.0,-1642.0,-552.0,-25.0,3.0,7.0,3.0,0.3938,0.3938,0.5,0.3938,0.3938,615.5547,0
0,Red,Fnatic,0.5076,Nocturne,Viego,Twisted Fate,Tristana,Alistar,0.5,0.5,0.5678,0.4788,0.4986,1.0,1642.0,552.0,25.0,3.0,5.0,3.0,0.5,0.5076,0.5076,0.5076,0.5076,-235.6649,1
0,Blue,G2 Esports,0.5805,Karma,Olaf,Gwen,Jinx,Tahm Kench,0.5,0.5397,0.5,0.5,0.5,0.0,-2014.0,231.0,2.0,1.0,3.0,3.0,0.5805,0.5805,0.5805,0.5805,0.5805,-559.184,0
0,Red,Team Vitality,0.3732,Lulu,Lee Sin,Ryze,Aphelios,Thresh,0.5,0.5,0.5,0.5,0.4773,1.0,2014.0,-231.0,-2.0,3.0,7.0,1.0,0.5,0.4021,0.5,0.5,0.3732,-337.7554,1
0,Blue,SK Gaming,0.1671,Lee Sin,Rumble,Sylas,Tristana,Sett,0.5,0.5,0.5,0.5347,0.5,1.0,1028.0,794.0,36.0,4.0,9.0,3.0,0.1671,0.1671,0.2308,0.1671,0.5,48.602,1
0,Red,Excel Esports,0.347,Camille,Sejuani,Azir,Kalista,Nautilus,0.5,0.5,0.3281,0.5,0.3648,0.0,-1028.0,-794.0,-36.0,3.0,5.0,4.0,0.347,0.347,0.5,0.347,0.5,-439.6129,0
0,Blue,Misfits Gaming,0.6611,Viego,Rumble,Lee Sin,Varus,Alistar,0.5,0.5,0.5,0.5,0.5465,1.0,2969.0,1578.0,4.0,5.0,11.0,1.0,0.6611,0.6611,0.6611,0.6611,0.6611,-280.8617,1
0,Red,FC Schalke 04 Esports,0.4112,Riven,Fiddlesticks,Nocturne,Kalista,Braum,0.5,0.5,0.5,0.5,0.5,0.0,-2969.0,-1578.0,-4.0,1.0,0.0,5.0,0.4112,0.5,0.5,0.4112,0.4112,0.0,0
0,Blue,Rogue,0.593,Gwen,Kindred,Akali,Draven,Braum,0.5,0.5,0.5,0.5,0.5,1.0,1488.0,437.0,73.0,2.0,2.0,2.0,0.593,0.593,0.593,0.593,0.593,0.0,1
0,Red,Astralis,0.3525,Nocturne,Rumble,Jayce,Senna,Galio,0.5,0.6022,0.5,0.3217,0.5,0.0,-1488.0,-437.0,-73.0,2.0,7.0,2.0,0.3525,0.3525,0.5,0.3525,0.3525,-459.5955,0
0,Blue,Team Vitality,0.4388,Sett,Evelynn,Viego,Varus,Braum,0.5,0.5,0.5,0.5,0.5,0.0,2685.0,1239.0,20.0,6.0,6.0,4.0,0.5,0.4617,0.5,0.5,0.4388,0.0,1
0,Red,KOI,0.6788,Jayce,Rumble,Ryze,Kai'Sa,Nautilus,0.5,0.5369,0.5,0.7063,0.3262,1.0,-2685.0,-1239.0,-20.0,4.0,7.0,6.0,0.6788,0.6788,0.6788,0.6788,0.6788,34.2705,0
0,Blue,Fnatic,0.5567,Renekton,Xin Zhao,Sylas,Kalista,Taric,0.5033,0.5,0.5,0.5,0.5,0.0,-2329.0,-405.0,-25.0,3.0,4.0,6.0,0.5,0.5567,0.5567,0.5567,0.5567,375.0778,1
0,Red,G2 Esports,0.5238,Viego,Rumble,Nocturne,Jhin,Pantheon,0.5,0.4794,0.5,0.4748,0.5,1.0,2329.0,405.0,25.0,6.0,11.0,3.0,0.5238,0.5238,0.5238,0.5238,0.5238,484.2077,0
0,Blue,Astralis,0.316,Renekton,Trundle,Akali,Aphelios,Thresh,0.5514,0.5,0.5,0.5,0.5316,1.0,-1083.0,-178.0,-23.0,5.0,10.0,3.0,0.316,0.316,0.5,0.316,0.316,16.5464,1
0,Red,Team Vitality,0.497,Gangplank,Rumble,Lucian,Ezreal,Nautilus,0.5,0.4287,0.4939,0.5,0.2921,0.0,1083.0,178.0,23.0,3.0,4.0,5.0,0.5,0.5151,0.5,0.5,0.497,552.5814,0
0,Blue,Rogue,0.6323,Gwen,Viego,Orianna,Varus,Nautilus,0.5,0.5,0.4814,0.5,0.2618,0.0,2098.0,1683.0,45.0,1.0,1.0,1.0,0.6323,0.6323,0.6323,0.6323,0.6323,-447.9425,1
0,Red,SK Gaming,0.251,Sett,Lee Sin,Sylas,Ezreal,Alistar,0.5,0.5,0.5,0.2766,0.5898,1.0,-2098.0,-1683.0,-45.0,1.0,2.0,1.0,0.251,0.251,0.3099,0.251,0.5,-1097.2855,0
0,Blue,Misfits Gaming,0.6963,Camille,Lee Sin,LeBlanc,Varus,Galio,0.5,0.5,0.5,0.5,0.5,1.0,-927.0,910.0,33.0,5.0,11.0,6.0,0.6963,0.6963,0.6963,0.6963,0.6963,0.0,0
0,Red,KOI,0.6127,Wukong,Viego,Sylas,Kalista,Leona,0.5,0.5,0.5,0.5493,0.4725,0.0,927.0,-910.0,-33.0,6.0,13.0,5.0,0.6127,0.6127,0.6127,0.6127,0.6127,678.0357,1
0,Blue,Fnatic,0.6007,Olaf,Volibear,Akali,Tristana,Rakan,0.4826,0.5039,0.5,0.5839,0.5466,0.0,327.0,-653.0,-7.0,2.0,5.0,6.0,0.5,0.6007,0.6007,0.6007,0.6007,-872.0481,0
0,Red,FC Schalke 04 Esports,0.371,Lee Sin,Kindred,Twisted Fate,Varus,Galio,0.5,0.5,0.6122,0.5,0.5,1.0,-327.0,653.0,7.0,6.0,13.0,2.0,0.371,0.5,0.5,0.371,0.371,130.3905,1
0,Blue,Excel Esports,0.311,Renekton,Volibear,LeBlanc,Aphelios,Thresh,0.5948,0.4521,0.5,0.5,0.5797,0.0,1063.0,-829.0,-16.0,5.0,6.0,3.0,0.311,0.5,0.5,0.311,0.5,124.2229,1
0,Red,G2 Esports,0.4728,Gwen,Lee Sin,Sylas,Kai'Sa,Leona,0.5,0.5,0.5,0.6391,0.5238,1.0,-1063.0,829.0,16.0,3.0,3.0,5.0,0.4728,0.4728,0.4728,0.4728,0.4728,-336.6545,0
0,Blue,Team Vitality,0.4459,Renekton,Viego,Akali,Varus,Leona,0.6339,0.5,0.5,0.5,0.473,1.0,-2063.0,-1142.0,-18.0,3.0,8.0,3.0,0.5,0.4642,0.5,0.5,0.4459,275.4489,0
0,Red,Excel Esports,0.3819,Gwen,Lee Sin,Twisted Fate,Draven,Galio,0.5,0.5,0.6518,0.5,0.5,0.0,2063.0,1142.0,18.0,3.0,10.0,3.0,0.3819,0.5,0.5,0.3819,0.5,320.8379,1
0,Blue,FC Schalke 04 Esports,0.4323,Viego,Volibear,Ryze,Tristana,Zilean,0.5,0.508,0.5,0.5228,0.5,1.0,985.0,-522.0,1.0,4.0,8.0,4.0,0.4323,0.5,0.5,0.4323,0.4323,34.2968,0
0,Red,Astralis,0.3863,Lee Sin,Gragas,Lucian,Ezreal,Braum,0.5,0.6503,0.4456,0.2466,0.5,0.0,-985.0,522.0,-1.0,4.0,11.0,4.0,0.3863,0.3863,0.5,0.3863,0.3863,-183.3677,1
0,Blue,Fnatic,0.5413,Gwen,Viego,Sylas,Kai'Sa,Pyke,0.5,0.5392,0.5,0.5782,0.5,0.0,1903.0,325.0,-16.0,7.0,6.0,3.0,0.5,0.5413,0.5413,0.5413,0.5413,-188.2145,1
0,Red,SK Gaming,0.2259,Jayce,Lee Sin,Ryze,Tristana,Braum,0.5,0.5,0.4773,0.4685,0.658,1.0,-1903.0,-325.0,16.0,3.0,6.0,7.0,0.2259,0.2259,0.2783,0.2259,0.5,561.8322,0
0,Blue,Misfits Gaming,0.6247,Sett,Lee Sin,Syndra,Kai'Sa,Alistar,0.5,0.5471,0.296,0.6184,0.5335,0.0,-499.0,-1038.0,-39.0,2.0,3.0,2.0,0.6247,0.6247,0.6247,0.6247,0.6247,-651.7264,1
0,Red,G2 Esports,0.4268,Dr. Mundo,Diana,Lucian,Tristana,Leona,0.5,0.5,0.4997,0.4203,0.4272,1.0,499.0,1038.0,39.0,2.0,4.0,2.0,0.4268,0.4268,0.4268,0.4268,0.4268,784.2721,0
0,Blue,KOI,0.6504,Camille,Lee Sin,Akali,Ezreal,Alistar,0.5,0.5962,0.5,0.3273,0.578,0.0,-1788.0,-156.0,-13.0,4.0,6.0,4.0,0.6504,0.6504,0.6504,0.6504,0.6504,-1222.637,0
0,Red,Rogue,0.6678,Nocturne,Volibear,Orianna,Kalista,Galio,0.5,0.4565,0.531,0.5982,0.5,1.0,1788.0,156.0,13.0,4.0,6.0,4.0,0.6678,0.6678,0.6678,0.6678,0.6678,1026.6343,1
0,Blue,FC Schalke 04 Esports,0.3903,Gangplank,Viego,LeBlanc,Aphelios,Leona,0.5,0.5892,0.5,0.5,0.3859,0.0,-1883.0,-2871.0,-60.0,1.0,2.0,3.0,0.3903,0.5,0.5,0.3903,0.3903,178.6745,0
0,Red,SK Gaming,0.2033,Lee Sin,Gwen,Syndra,Tristana,Nautilus,0.5324,0.5,0.3674,0.3774,0.3377,1.0,1883.0,2871.0,60.0,3.0,3.0,1.0,0.2033,0.2033,0.2501,0.2033,0.5,-305.7369,1
0,Blue,Excel Esports,0.445,Dr. Mundo,Lee Sin,LeBlanc,Draven,Alistar,0.5,0.5819,0.5,0.5,0.5228,0.0,825.0,-445.0,-7.0,2.0,5.0,1.0,0.445,0.5,0.5,0.445,0.5,-330.8501,0
0,Red,KOI,0.5873,Gnar,Diana,Twisted Fate,Kalista,Leona,0.4346,0.5,0.6871,0.6412,0.3486,1.0,-825.0,445.0,7.0,1.0,1.0,2.0,0.5873,0.5873,0.5873,0.5873,0.5873,1323.0423,1
0,Blue,Team Vitality,0.4004,Gwen,Lee Sin,Yone,Ziggs,Leona,0.5,0.5209,0.5,0.5,0.4114,0.0,-3413.0,-3217.0,-23.0,4.0,6.0,8.0,0.5,0.4185,0.5,0.4229,0.4004,-77.0317,0
0,Red,Fnatic,0.5865,Sett,Nocturne,Ryze,Tristana,Alistar,0.5,0.4804,0.4255,0.4405,0.473,1.0,3413.0,3217.0,23.0,8.0,13.0,4.0,0.5,0.5865,0.5865,0.5865,0.5865,69.4871,1
0,Blue,Rogue,0.6999,Nocturne,Hecarim,Viktor,Ziggs,Nautilus,0.5367,0.4258,0.5195,0.5,0.4053,0.0,1181.0,1176.0,29.0,3.0,3.0,2.0,0.6999,0.6999,0.6999,0.6999,0.6999,-1274.3355,1
0,Red,Misfits Gaming,0.663,Viego,Volibear,Zoe,Aphelios,Thresh,0.5261,0.5113,0.5,0.5,0.6226,1.0,-1181.0,-1176.0,-29.0,2.0,5.0,3.0,0.663,0.663,0.663,0.663,0.663,101.4818,0
0,Blue,Astralis,0.449,Viego,Diana,Renekton,Tristana,Taric,0.4704,0.5,0.5728,0.4969,0.5,0.0,-1393.0,-1675.0,-42.0,3.0,8.0,5.0,0.449,0.449,0.4743,0.449,0.449,580.4433,0
0,Red,G2 Esports,0.3854,Dr. Mundo,Lee Sin,Gwen,Varus,Poppy,0.5,0.4669,0.5,0.5,0.5,1.0,1393.0,1675.0,42.0,5.0,7.0,3.0,0.3854,0.3854,0.3854,0.3854,0.3854,-50.6312,1
0,Blue,SK Gaming,0.2824,Dr. Mundo,Gwen,Jayce,Varus,Leona,0.5,0.5,0.5,0.5,0.3718,0.0,-3855.0,-2938.0,-58.0,2.0,3.0,7.0,0.2824,0.2824,0.3257,0.2824,0.5,-48.679,0
0,Red,Team Vitality,0.3598,Aatrox,Rumble,Viego,Tristana,Alistar,0.5,0.3838,0.4212,0.4471,0.5232,1.0,3855.0,2938.0,58.0,7.0,9.0,2.0,0.5,0.3774,0.5,0.377,0.3598,755.7349,1
0,Blue,KOI,0.6272,Gwen,Viego,Akali,Aphelios,Leona,0.5,0.4812,0.5,0.5,0.336,1.0,1119.0,-531.0,37.0,2.0,2.0,4.0,0.6272,0.6272,0.6272,0.6272,0.6272,-30.1273,1
0,Red,FC Schalke 04 Esports,0.3524,Lulu,Diana,Lee Sin,Ezreal,Alistar,0.5,0.5,0.5217,0.2926,0.5687,0.0,-1119.0,531.0,-37.0,4.0,7.0,2.0,0.3524,0.5,0.5,0.3524,0.3524,-864.8844,0
0,Blue,Misfits Gaming,0.5958,Viego,Volibear,Akali,Xayah,Leona,0.5346,0.46,0.6279,0.2575,0.3998,0.0,4329.0,2832.0,28.0,6.0,15.0,2.0,0.5958,0.5958,0.5958,0.5958,0.5958,-613.2094,0
0,Red,Astralis,0.4034,Dr. Mundo,Xin Zhao,Sylas,Tristana,Alistar,0.5,0.5,0.5,0.5023,0.5145,1.0,-4329.0,-2832.0,-28.0,2.0,5.0,6.0,0.4034,0.4034,0.4229,0.4034,0.4034,518.7481,1
0,Blue,Fnatic,0.6271,Camille,Viego,Sylas,Aphelios,Thresh,0.5,0.48,0.6465,0.4385,0.5595,1.0,-403.0,-1866.0,-16.0,5.0,4.0,6.0,0.5,0.6271,0.6271,0.6271,0.6271,-210.8984,1
0,Red,Excel Esports,0.3999,Gwen,Diana,Yasuo,Kalista,Nautilus,0.5,0.5,0.5,0.6792,0.4656,0.0,403.0,1866.0,16.0,6.0,10.0,5.0,0.3999,0.5,0.5,0.3999,0.5,116.6228,0
0,Blue,G2 Esports,0.4449,Renekton,Diana,Lucian,Tristana,Braum,0.5176,0.5,0.451,0.5517,0.5866,0.0,3297.0,2354.0,35.0,6.0,8.0,1.0,0.4449,0.4449,0.4449,0.4449,0.4449,1095.8132,1
0,Red,Rogue,0.7288,Dr. Mundo,Viego,Orianna,Kalista,Nautilus,0.5,0.5327,0.5759,0.6081,0.4187,1.0,-3297.0,-2354.0,-35.0,1.0,1.0,6.0,0.7288,0.7288,0.7288,0.7288,0.7288,207.2855,0
0,Blue,Misfits Gaming,0.5357,Jayce,Lee Sin,Zoe,Varus,Thresh,0.5,0.4685,0.5,0.5,0.6039,1.0,-483.0,57.0,24.0,4.0,7.0,6.0,0.5357,0.5357,0.5357,0.5357,0.5357,10.6268,1
0,Red,Excel Esports,0.3596,Renekton,Diana,Twisted Fate,Aphelios,Nautilus,0.564,0.5,0.7186,0.4994,0.3767,0.0,483.0,-57.0,-24.0,6.0,11.0,4.0,0.3596,0.5,0.5,0.3596,0.5,232.1223,0
0,Blue,Rogue,0.6587,Viego,Fiddlesticks,Lucian,Aphelios,Braum,0.479,0.5,0.5044,0.4459,0.6309,1.0,5653.0,2971.0,53.0,6.0,11.0,3.0,0.6587,0.6587,0.6587,0.6587,0.6587,884.6377,1
0,Red,FC Schalke 04 Esports,0.3183,Irelia,Lillia,Jayce,Varus,Alistar,0.5,0.5495,0.5,0.7299,0.5608,0.0,-5653.0,-2971.0,-53.0,3.0,4.0,6.0,0.3183,0.5,0.5,0.3183,0.3183,-56.2905,0
0,Blue,SK Gaming,0.2545,Jayce,Dr. Mundo,Syndra,Tristana,Leona,0.2424,0.5,0.4311,0.596,0.3615,0.0,798.0,-2455.0,-10.0,3.0,5.0,4.0,0.2545,0.2545,0.293,0.2545,0.5,430.6555,1
0,Red,KOI,0.6633,Lee Sin,Volibear,LeBlanc,Kalista,Nautilus,0.5224,0.4142,0.5,0.545,0.3392,1.0,-798.0,2455.0,10.0,4.0,6.0,3.0,0.6633,0.6633,0.6633,0.6633,0.6633,-11.566,0
0,Blue,Fnatic,0.6636,Sett,Viego,Cassiopeia,Kai'Sa,Alistar,0.5,0.5313,0.5,0.6547,0.5073,1.0,8165.0,3806.0,51.0,16.0,20.0,4.0,0.5,0.6636,0.6636,0.6636,0.6636,-430.4293,1
0,Red,Astralis,0.4636,Dr. Mundo,Xin Zhao,Sylas,Tristana,Taric,0.5,0.5,0.6848,0.6358,0.5,0.0,-8165.0,-3806.0,-51.0,4.0,4.0,16.0,0.4636,0.4636,0.4847,0.4636,0.4636,107.3452,0
0,Blue,Team Vitality,0.4243,Sett,Rumble,Yone,Varus,Alistar,0.5,0.4477,0.5,0.6507,0.5543,0.0,-656.0,-872.0,11.0,7.0,9.0,7.0,0.3861,0.4383,0.5,0.4437,0.4243,319.1233,0
0,Red,G2 Esports,0.4986,Sejuani,Lee Sin,LeBlanc,Kalista,Gragas,0.5,0.4697,0.5,0.4889,0.6839,1.0,656.0,872.0,-11.0,7.0,11.0,7.0,0.4986,0.4986,0.4986,0.4986,0.4986,231.7903,1
0,Blue,Excel Esports,0.3235,Gwen,Viego,Sett,Varus,Rakan,0.5,0.578,0.5,0.581,0.4887,0.0,-1995.0,-453.0,-30.0,5.0,7.0,5.0,0.3235,0.5,0.5,0.3235,0.5,-63.8353,0
0,Red,SK Gaming,0.3279,Jayce,Gragas,Lucian,Ziggs,Leona,0.3246,0.7143,0.5525,0.5,0.4227,1.0,1995.0,453.0,30.0,5.0,9.0,5.0,0.3279,0.3279,0.3635,0.3279,0.5,532.9911,1
0,Blue,FC Schalke 04 Esports,0.2875,Lucian,Lillia,Irelia,Aphelios,Rakan,0.5958,0.4967,0.5,0.5046,0.4376,1.0,-2078.0,-858.0,-7.0,3.0,4.0,5.0,0.2875,0.5,0.5,0.2875,0.2875,865.0143,0
0,Red,Misfits Gaming,0.5822,Renekton,Volibear,Syndra,Tristana,Alistar,0.5098,0.373,0.4881,0.5734,0.5014,0.0,2078.0,858.0,7.0,5.0,7.0,3.0,0.5822,0.5822,0.5822,0.5822,0.5822,225.4925,1
0,Blue,Team Vitality,0.3818,Lulu,Xin Zhao,Sylas,Tristana,Braum,0.5,0.5,0.6115,0.6151,0.6699,0.0,-252.0,1514.0,7.0,2.0,3.0,1.0,0.3442,0.3955,0.5,0.3967,0.3818,-357.555,0
0,Red,KOI,0.5992,Gwen,Lee Sin,Orianna,Kai'Sa,Rakan,0.5,0.5229,0.5208,0.6876,0.3922,1.0,252.0,-1514.0,-7.0,1.0,0.0,2.0,0.5992,0.5992,0.5992,0.5992,0.5992,-111.6885,1
0,Blue,Astralis,0.4171,Dr. Mundo,Viego,Sylas,Tristana,Alistar,0.5,0.5206,0.5468,0.5551,0.549,0.0,-2961.0,-916.0,-109.0,5.0,9.0,2.0,0.4171,0.4171,0.4334,0.4171,0.4171,-301.6726,0
0,Red,Rogue,0.6915,Camille,Xin Zhao,Irelia,Ziggs,Leona,0.5,0.5,0.5,0.5,0.4781,1.0,2961.0,916.0,109.0,2.0,2.0,5.0,0.6915,0.6915,0.6915,0.6915,0.6915,81.093,1
0,Blue,G2 Esports,0.547,Gragas,Diana,Lucian,Vayne,Thresh,0.7417,0.5,0.5382,0.5,0.6436,0.0,-540.0,-1205.0,-4.0,4.0,9.0,5.0,0.547,0.547,0.547,0.547,0.547,676.2446,0
0,Red,Fnatic,0.6965,Dr. Mundo,Karthus,Irelia,Tristana,Alistar,0.5,0.5,0.5,0.501,0.4966,1.0,540.0,1205.0,4.0,5.0,9.0,4.0,0.5,0.6965,0.6965,0.6965,0.6965,83.4994,1
0,Blue,FC Schalke 04 Esports,0.2598,Camille,Volibear,Twisted Fate,Jinx,Thresh,0.5,0.435,0.6466,0.5,0.5794,1.0,-1278.0,-1822.0,-9.0,5.0,6.0,7.0,0.2598,0.5,0.5,0.2598,0.2598,525.8852,0
0,Red,Excel Esports,0.2913,Jax,Diana,Lucian,Aphelios,Alistar,0.5,0.5,0.4862,0.4517,0.5446,0.0,1278.0,1822.0,9.0,7.0,12.0,5.0,0.2913,0.5,0.2458,0.2913,0.5,780.9621,1
0,Blue,Team Vitality,0.3437,Renekton,Evelynn,Lucian,Jinx,Rakan,0.5569,0.5,0.5358,0.5,0.4547,0.0,-336.0,1258.0,34.0,1.0,1.0,3.0,0.3073,0.357,0.5,0.3552,0.3437,603.246,0
0,Red,Misfits Gaming,0.6239,Dr. Mundo,Volibear,Ryze,Aphelios,Nautilus,0.5,0.3922,0.487,0.5086,0.3055,1.0,336.0,-1258.0,-34.0,3.0,3.0,1.0,0.6239,0.6239,0.6239,0.6239,0.6239,-67.535,1
0,Blue,KOI,0.6379,Gwen,Viego,Twisted Fate,Ezreal,Alistar,0.5238,0.4691,0.5821,0.262,0.588,1.0,472.0,137.0,7.0,3.0,5.0,3.0,0.6379,0.6379,0.6379,0.6379,0.6379,-526.8586,1
0,Red,Astralis,0.3755,Lee Sin,Trundle,Orianna,Ziggs,Leona,0.5704,0.5,0.5666,0.5,0.5281,0.0,-472.0,-137.0,-7.0,3.0,5.0,3.0,0.3755,0.3755,0.388,0.3755,0.3755,338.5633,0
0,Blue,G2 Esports,0.4943,Camille,Viego,LeBlanc,Kai'Sa,Gragas,0.5,0.5214,0.5,0.7174,0.6705,0.0,527.0,2424.0,29.0,6.0,12.0,3.0,0.4943,0.4943,0.4943,0.4943,0.4943,207.0254,1
0,Red,SK Gaming,0.3939,Urgot,Dr. Mundo,Syndra,Tristana,Leona,0.5,0.5,0.5392,0.5495,0.4775,1.0,-527.0,-2424.0,-29.0,3.0,5.0,6.0,0.3939,0.3939,0.4267,0.3939,0.5,373.9228,0
0,Blue,Fnatic,0.726,Sett,Viego,Sylas,Tristana,Morgana,0.5,0.5684,0.4895,0.4962,0.5,0.0,-4863.0,-2756.0,-3.0,2.0,4.0,11.0,0.5,0.726,0.726,0.726,0.726,-300.3073,0
0,Red,Rogue,0.7211,Camille,Xin Zhao,Twisted Fate,Kalista,Rakan,0.5,0.5,0.6236,0.5411,0.4083,1.0,4863.0,2756.0,3.0,11.0,17.0,2.0,0.7211,0.7211,0.7211,0.7211,0.7211,269.9218,1
0,Blue,Astralis,0.3382,Renekton,Trundle,Orianna,Ziggs,Alistar,0.5035,0.5,0.5125,0.5,0.6273,1.0,2791.0,-2700.0,-25.0,4.0,6.0,3.0,0.3382,0.3382,0.3477,0.3382,0.3382,199.3161,1
0,Red,FC Schalke 04 Esports,0.2347,Gwen,Jarvan IV,LeBlanc,Tristana,Nautilus,0.5754,0.5,0.5,0.4481,0.3742,0.0,-2791.0,2700.0,25.0,3.0,4.0,4.0,0.2347,0.5,0.5,0.2347,0.2347,-142.6472,0
0,Blue,Excel Esports,0.3616,Jayce,Diana,Lucian,Aphelios,Rakan,0.3969,0.5,0.4842,0.5592,0.4683,0.0,1255.0,-440.0,-5.0,4.0,7.0,5.0,0.3616,0.5,0.3277,0.3616,0.5,363.4562,1
0,Red,Team Vitality,0.3096,Sett,Lee Sin,Ryze,Jinx,Nautilus,0.5,0.5138,0.5413,0.5,0.3373,1.0,-1255.0,440.0,5.0,5.0,10.0,4.0,0.2748,0.3223,0.5,0.3183,0.3096,55.7501,0
0,Blue,Rogue,0.7479,Tahm Kench,Diana,Lucian,Kalista,Rakan,0.5,0.5,0.5338,0.5876,0.5218,0.0,4216.0,2250.0,17.0,3.0,5.0,0.0,0.7479,0.7479,0.7479,0.7479,0.7479,741.8007,0
0,Red,KOI,0.6728,Jayce,Trundle,Viktor,Varus,Alistar,0.4608,0.5,0.5698,0.5195,0.6628,1.0,-4216.0,-2250.0,-17.0,0.0,0.0,3.0,0.6728,0.6728,0.6728,0.6728,0.6728,-1021.7223,1
0,Blue,Fnatic,0.6555,Sett,Rengar,Twisted Fate,Jinx,Thresh,0.5,0.5,0.6608,0.5,0.5219,0.0,3516.0,-674.0,-2.0,6.0,8.0,4.0,0.5,0.6555,0.6555,0.6555,0.6555,527.0821,0
0,Red,SK Gaming,0.3554,Gragas,Nocturne,Syndra,Aphelios,Tahm Kench,0.7021,0.5864,0.4857,0.6042,0.5,1.0,-3516.0,674.0,2.0,4.0,8.0,6.0,0.3554,0.3554,0.3845,0.3554,0.5,-100.075,1
0,Blue,Misfits Gaming,0.6612,Renekton,Viego,Ryze,Aphelios,Braum,0.5511,0.5128,0.4846,0.6443,0.5998,0.0,793.0,340.0,29.0,1.0,1.0,3.0,0.6612,0.6612,0.6612,0.6612,0.6612,774.3369,0
0,Red,G2 Esports,0.543,Gangplank,Xin Zhao,Orianna,Tristana,Rakan,0.5,0.5,0.559,0.4048,0.4696,1.0,-793.0,-340.0,-29.0,3.0,6.0,1.0,0.543,0.543,0.543,0.543,0.543,146.0582,1
0,Blue,FC Schalke 04 Esports,0.2121,Jayce,Dr. Mundo,Orianna,Tristana,Rell,0.5172,0.5,0.6011,0.4623,0.561,1.0,-4974.0,-4376.0,-89.0,1.0,4.0,5.0,0.2121,0.5,0.5,0.2121,0.2121,-183.9438,0
0,Red,Team Vitality,0.279,Renekton,Rumble,Akali,Varus,Alistar,0.4983,0.4017,0.5598,0.5698,0.6949,0.0,4974.0,4376.0,89.0,5.0,9.0,1.0,0.246,0.291,0.5,0.2856,0.279,-311.017,1
0,Blue,SK Gaming,0.4183,Mordekaiser,Gwen,Lucian,Kalista,Tahm Kench,0.5,0.5138,0.4825,0.5284,0.5,1.0,1385.0,526.0,36.0,0.0,0.0,1.0,0.4183,0.4183,0.4452,0.4183,0.5,862.9614,0
0,Red,Astralis,0.4037,Kennen,Viego,Orianna,Aphelios,Thresh,0.5,0.4627,0.5438,0.5794,0.4703,0.0,-1385.0,-526.0,-36.0,1.0,1.0,0.0,0.4037,0.4037,0.4148,0.4037,0.4037,352.5619,1
0,Blue,Excel Esports,0.4247,Jayce,Diana,Lucian,Jhin,Alistar,0.4636,0.5,0.4362,0.4256,0.724,0.0,708.0,-1917.0,-41.0,4.0,10.0,4.0,0.4247,0.5,0.3997,0.4247,0.5,394.5549,0
0,Red,Rogue,0.6761,Kennen,Viego,Syndra,Varus,Rell,0.5,0.515,0.5365,0.6144,0.5074,1.0,-708.0,1917.0,41.0,4.0,8.0,4.0,0.6761,0.6761,0.6761,0.6761,0.6761,-436.0939,1
0,Blue,KOI,0.7042,Jayce,Graves,Syndra,Varus,Trundle,0.4159,0.5322,0.5822,0.6541,0.5,0.0,-888.0,-1220.0,14.0,5.0,4.0,8.0,0.7042,0.7042,0.7042,0.7042,0.7042,-88.1788,0
0,Red,G2 Esports,0.5869,Gangplank,Lee Sin,Twisted Fate,Kalista,Leona,0.5,0.463,0.5957,0.4755,0.4318,1.0,888.0,1220.0,-14.0,8.0,14.0,5.0,0.5869,0.5869,0.5869,0.5869,0.5869,996.6745,1
0,Blue,Misfits Gaming,0.5959,Camille,Xin Zhao,Syndra,Tristana,Alistar,0.5,0.5,0.525,0.4177,0.655,0.0,-3217.0,-1511.0,-53.0,1.0,1.0,3.0,0.5959,0.5959,0.5959,0.5959,0.5959,-268.27,1
0,Red,Fnatic,0.5919,Renekton,Dr. Mundo,Akali,Ezreal,Morgana,0.5463,0.5,0.6069,0.3386,0.5,1.0,3217.0,1511.0,53.0,3.0,4.0,1.0,0.5,0.5919,0.5919,0.5919,0.5919,-819.3312,0
0,Blue,Misfits Gaming,0.6357,Jayce,Trundle,Syndra,Tristana,Braum,0.3734,0.5,0.5715,0.4738,0.5376,0.0,14.0,1600.0,32.0,5.0,9.0,5.0,0.6357,0.6357,0.6357,0.6357,0.6357,-447.1792,1
0,Red,SK Gaming,0.3776,Dr. Mundo,Gragas,Azir,Xayah,Leona,0.5,0.7307,0.296,0.2325,0.4862,1.0,-14.0,-1600.0,-32.0,5.0,9.0,5.0,0.3776,0.3776,0.4014,0.3776,0.5,-331.0576,0
0,Blue,Astralis,0.4624,Renekton,Volibear,Orianna,Ashe,Thresh,0.494,0.4519,0.5873,0.5,0.5225,0.0,-2587.0,-1952.0,-23.0,1.0,2.0,2.0,0.4624,0.4624,0.4746,0.4624,0.4624,337.7978,0
0,Red,Excel Esports,0.3829,Gangplank,Viego,Twisted Fate,Varus,Braum,0.5,0.5622,0.6354,0.5873,0.5851,1.0,2587.0,1952.0,23.0,2.0,4.0,1.0,0.3829,0.5,0.3574,0.3829,0.5,280.9284,1
0,Blue,Rogue,0.7072,Kennen,Xin Zhao,Lucian,Syndra,Blitzcrank,0.5,0.5,0.3943,0.6134,0.5,0.0,3920.0,2530.0,49.0,6.0,11.0,4.0,0.7072,0.7072,0.7072,0.7072,0.7072,414.7077,0
0,Red,Team Vitality,0.35,Renekton,Olaf,Akali,Aphelios,Thresh,0.4468,0.432,0.5427,0.6215,0.4712,1.0,-3920.0,-2530.0,-49.0,4.0,11.0,6.0,0.3242,0.3597,0.5,0.3585,0.35,-228.6281,1
0,Blue,G2 Esports,0.6266,Camille,Viego,Orianna,Kalista,Thresh,0.5,0.6047,0.5313,0.5278,0.523,0.0,-508.0,-1051.0,7.0,2.0,5.0,3.0,0.6266,0.6266,0.6266,0.6266,0.6266,378.924,1
0,Red,FC Schalke 04 Esports,0.1917,Gangplank,Trundle,Syndra,Varus,Alistar,0.5,0.5,0.5536,0.6292,0.6879,1.0,508.0,1051.0,-7.0,3.0,4.0,2.0,0.1917,0.5,0.5,0.1917,0.1917,-327.3077,0
0,Blue,Fnatic,0.5346,Sett,Dr. Mundo,Cassiopeia,Kalista,Alistar,0.5,0.5,0.5,0.5746,0.6223,1.0,535.0,-562.0,-11.0,7.0,20.0,8.0,0.5,0.5346,0.5346,0.5346,0.5346,393.2091,0
0,Red,KOI,0.6366,Jayce,Olaf,Sylas,Ashe,Braum,0.437,0.4909,0.4388,0.5,0.6275,0.0,-535.0,562.0,11.0,8.0,13.0,7.0,0.6366,0.6366,0.6366,0.6366,0.6366,-1496.5516,1
0,Blue,Rogue,0.6395,Camille,Viego,Twisted Fate,Xayah,Rakan,0.6101,0.6429,0.6711,0.21,0.5224,1.0,6528.0,2943.0,25.0,9.0,15.0,2.0,0.6395,0.6395,0.6395,0.6395,0.6395,-123.1422,1
0,Red,SK Gaming,0.3409,Jax,Olaf,Orianna,Tristana,Leona,0.5,0.5433,0.576,0.5244,0.4397,0.0,-6528.0,-2943.0,-25.0,2.0,2.0,9.0,0.3409,0.3409,0.3621,0.3409,0.5,-410.7485,0
0,Blue,Team Vitality,0.4138,Renekton,Viego,Akali,Jinx,Alistar,0.4997,0.6775,0.5906,0.5,0.5631,1.0,3964.0,481.0,8.0,11.0,19.0,5.0,0.3937,0.4216,0.5,0.4236,0.4138,-467.5332,1
0,Red,Astralis,0.417,Dr. Mundo,Fiddlesticks,Lucian,Varus,Nautilus,0.2607,0.5,0.3565,0.5658,0.3042,0.0,-3964.0,-481.0,-8.0,5.0,11.0,11.0,0.417,0.417,0.4264,0.417,0.417,-111.0427,0
0,Blue,FC Schalke 04 Esports,0.1733,Jayce,Dr. Mundo,Syndra,Xayah,Alistar,0.4937,0.2324,0.4998,0.2863,0.6047,0.0,-4866.0,-3016.0,-24.0,4.0,6.0,8.0,0.1733,0.5,0.5,0.1733,0.1733,-37.9038,0
0,Red,Fnatic,0.4829,Mordekaiser,Gragas,Lucian,Tristana,Braum,0.5,0.6607,0.3224,0.474,0.6652,1.0,4866.0,3016.0,24.0,8.0,14.0,4.0,0.5,0.4829,0.4829,0.4829,0.4829,-138.3878,1
0,Blue,Misfits Gaming,0.6715,Jayce,Viego,Sylas,Ziggs,Nautilus,0.4442,0.7086,0.4965,0.5,0.2744,0.0,-2979.0,-3314.0,-15.0,8.0,17.0,13.0,0.6715,0.6715,0.6715,0.6715,0.6715,-1133.7296,0
0,Red,KOI,0.6715,Wukong,Zac,LeBlanc,Draven,Leona,0.5,0.5,0.5,0.5,0.3976,1.0,2979.0,3314.0,15.0,13.0,21.0,8.0,0.6715,0.6715,0.6715,0.6715,0.6715,-72.9592,1
0,Blue,G2 Esports,0.6625,Dr. Mundo,Lee Sin,Lissandra,Tristana,Thresh,0.2075,0.5159,0.5,0.5245,0.5695,1.0,-1501.0,668.0,14.0,0.0,0.0,2.0,0.6625,0.6625,0.6625,0.6625,0.6625,-272.5139,1
0,Red,Excel Esports,0.4435,Lillia,Volibear,LeBlanc,Draven,Braum,0.449,0.4076,0.5,0.5,0.699,0.0,1501.0,-668.0,-14.0,2.0,2.0,0.0,0.4435,0.5,0.4247,0.4435,0.5,128.8712,0
1,Blue,Rogue,0.674,Tahm Kench,Xin Zhao,Lucian,Ziggs,Leona,0.5,0.5,0.3872,0.5,0.4552,0.0,3670.0,2098.0,-10.0,9.0,15.0,2.0,0.674,0.674,0.674,0.674,0.674,545.9105,1
1,Red,Misfits Gaming,0.6057,Gnar,Viego,Ryze,Ashe,Nautilus,0.4896,0.6403,0.4344,0.5,0.2476,1.0,-3670.0,-2098.0,10.0,2.0,2.0,9.0,0.6057,0.6057,0.6057,0.6057,0.6057,279.6928,0
1,Blue,Rogue,0.7052,Renekton,Viego,Orianna,Varus,Braum,0.5475,0.5786,0.521,0.5091,0.6289,0.0,560.0,1528.0,7.0,6.0,14.0,5.0,0.7052,0.7052,0.7052,0.7052,0.7052,-388.3308,0
1,Red,Misfits Gaming,0.5466,Camille,Xin Zhao,LeBlanc,Xayah,Rakan,0.6524,0.5,0.5,0.2587,0.5699,1.0,-560.0,-1528.0,-7.0,5.0,6.0,6.0,0.5466,0.5466,0.5466,0.5466,0.5466,-496.5292,1
1,Blue,Rogue,0.6377,Camille,Viego,LeBlanc,Kog'Maw,Lulu,0.6897,0.523,0.5,0.5,0.5,0.0,3232.0,1573.0,-35.0,6.0,9.0,1.0,0.6377,0.6377,0.6377,0.6377,0.6377,-224.1046,1
1,Red,Misfits Gaming,0.5907,Fiora,Xin Zhao,Zoe,Ashe,Braum,0.5,0.7299,0.5,0.5,0.5662,1.0,-3232.0,-1573.0,35.0,1.0,0.0,6.0,0.5907,0.5907,0.5907,0.5907,0.5907,-102.3396,0
1,Blue,Rogue,0.6724,Camille,Viego,Lulu,Ashe,Leona,0.7225,0.5688,0.5,0.5,0.5072,1.0,-1923.0,-1006.0,-8.0,4.0,7.0,7.0,0.6724,0.6724,0.6724,0.6724,0.6724,100.1961,0
1,Red,Misfits Gaming,0.5333,Jayce,Xin Zhao,LeBlanc,Jhin,Trundle,0.3999,0.6507,0.5,0.3818,0.5,0.0,1923.0,1006.0,8.0,7.0,14.0,4.0,0.5333,0.5333,0.5333,0.5333,0.5333,-501.0028,1
1,Blue,Rogue,0.6081,Gwen,Viego,Syndra,Varus,Rell,0.4594,0.5142,0.4513,0.4583,0.5544,0.0,-1463.0,-378.0,-11.0,4.0,9.0,4.0,0.6081,0.6081,0.6081,0.6081,0.6081,-739.2088,1
1,Red,Misfits Gaming,0.5786,Gnar,Xin Zhao,Akali,Ashe,Nautilus,0.4421,0.6881,0.633,0.5,0.2235,1.0,1463.0,378.0,11.0,4.0,7.0,4.0,0.5786,0.5786,0.5786,0.5786,0.5786,-902.5247,0
1,Blue,G2 Esports,0.6949,Tahm Kench,Xin Zhao,LeBlanc,Varus,Braum,0.5,0.6153,0.5,0.5121,0.51,1.0,2365.0,1336.0,19.0,3.0,7.0,1.0,0.6949,0.6949,0.6949,0.6949,0.6949,-344.0162,1
1,Red,KOI,0.703,Gwen,Lee Sin,Twisted Fate,Ezreal,Leona,0.516,0.5634,0.7032,0.3037,0.4588,0.0,-2365.0,-1336.0,-19.0,1.0,4.0,3.0,0.703,0.703,0.703,0.703,0.703,-390.9331,0
1,Blue,G2 Esports,0.7241,Tahm Kench,Lee Sin,Syndra,Tristana,Gragas,0.5,0.5083,0.5044,0.5701,0.6932,0.0,-891.0,-1051.0,23.0,7.0,9.0,8.0,0.7241,0.7241,0.7241,0.7241,0.7241,-510.3545,0
1,Red,KOI,0.6356,Gwen,Xin Zhao,Ryze,Kai'Sa,Leona,0.4625,0.6556,0.3897,0.7443,0.415,1.0,891.0,1051.0,-23.0,8.0,17.0,7.0,0.6356,0.6356,0.6356,0.6356,0.6356,-394.209,1
1,Blue,G2 Esports,0.6547,Dr. Mundo,Viego,LeBlanc,Tristana,Nautilus,0.2914,0.5608,0.5,0.5155,0.2018,0.0,-1229.0,1143.0,12.0,5.0,7.0,4.0,0.6547,0.6547,0.6547,0.6547,0.6547,-366.3768,0
1,Red,KOI,0.6705,Gnar,Xin Zhao,Twisted Fate,Ezreal,Rakan,0.3992,0.6913,0.6347,0.2727,0.6124,1.0,1229.0,-1143.0,-12.0,4.0,7.0,5.0,0.6705,0.6705,0.6705,0.6705,0.6705,-52.9229,1
1,Blue,G2 Esports,0.592,Jayce,Viego,Syndra,Tristana,Rell,0.4595,0.507,0.4557,0.4661,0.597,1.0,-2628.0,-2749.0,8.0,4.0,7.0,7.0,0.592,0.592,0.592,0.592,0.592,-279.6971,0
1,Red,KOI,0.702,Wukong,Lee Sin,Viktor,Ashe,Braum,0.5,0.4586,0.6144,0.5,0.5585,0.0,2628.0,2749.0,-8.0,7.0,15.0,4.0,0.702,0.702,0.702,0.702,0.702,-478.0458,1
1,Blue,Fnatic,0.5328,Olaf,Lee Sin,LeBlanc,Kai'Sa,Rell,0.4878,0.5114,0.5519,0.7686,0.54,1.0,-2237.0,-2491.0,-65.0,3.0,6.0,4.0,0.5,0.5328,0.5328,0.5328,0.5328,-88.037,0
1,Red,Team Vitality,0.4712,Renekton,Diana,Yasuo,Xayah,Rakan,0.4952,0.5,0.5,0.3302,0.6506,0.0,2237.0,2491.0,65.0,4.0,6.0,3.0,0.4556,0.4774,0.5,0.4817,0.4712,-92.4045,1
1,Blue,Fnatic,0.4814,Mordekaiser,Lee Sin,Sylas,Xayah,Rakan,0.5,0.4617,0.4458,0.3947,0.6849,1.0,6392.0,4672.0,-1.0,12.0,19.0,3.0,0.5,0.4814,0.4814,0.4814,0.4814,-911.6654,1
1,Red,Team Vitality,0.5229,Renekton,Diana,Yasuo,Ezreal,Galio,0.5434,0.5,0.5,0.3465,0.5,0.0,-6392.0,-4672.0,1.0,3.0,3.0,12.0,0.5108,0.5278,0.5,0.5336,0.5229,-696.2092,0
1,Blue,Team Vitality,0.4719,Kennen,Xin Zhao,Lucian,Aphelios,Lulu,0.5,0.7231,0.4459,0.6593,0.5,0.0,-459.0,-1005.0,-22.0,5.0,6.0,8.0,0.4594,0.477,0.4879,0.4804,0.4719,350.8195,0
1,Red,Fnatic,0.5314,Renekton,Olaf,Ryze,Ezreal,Alistar,0.4915,0.4384,0.452,0.3116,0.5471,1.0,459.0,1005.0,22.0,8.0,15.0,5.0,0.5501,0.5314,0.5314,0.5314,0.5314,-1038.868,1
1,Blue,Fnatic,0.5765,Dr. Mundo,Lee Sin,Sylas,Aphelios,Morgana,0.2609,0.5139,0.502,0.5938,0.5,1.0,-923.0,-187.0,6.0,2.0,1.0,4.0,0.5989,0.5765,0.5765,0.5765,0.5765,-1099.1583,0
1,Red,Team Vitality,0.4261,Jayce,Diana,Renekton,Ashe,Rakan,0.4141,0.5,0.5401,0.5,0.7157,0.0,923.0,187.0,-6.0,4.0,3.0,2.0,0.4133,0.4311,0.435,0.4327,0.4261,-18.6721,1
1,Blue,Team Vitality,0.4817,Kennen,Lee Sin,Akali,Varus,Alistar,0.5,0.4641,0.5679,0.5603,0.5902,0.0,-3221.0,-1027.0,-29.0,1.0,1.0,4.0,0.4718,0.4858,0.4955,0.4888,0.4817,-390.0432,0
1,Red,Fnatic,0.5211,Dr. Mundo,Trundle,Twisted Fate,Ezreal,Braum,0.2338,0.5,0.6702,0.3805,0.602,1.0,3221.0,1027.0,29.0,4.0,9.0,1.0,0.5348,0.5211,0.5211,0.5211,0.5211,-226.6495,1
1,Blue,Fnatic,0.567,Renekton,Viego,Sylas,Xayah,Rakan,0.584,0.4584,0.4514,0.4529,0.7435,1.0,-590.0,1245.0,20.0,2.0,2.0,4.0,0.584,0.567,0.567,0.567,0.567,-519.6719,1
1,Red,Misfits Gaming,0.5226,Camille,Lee Sin,LeBlanc,Ezreal,Galio,0.6468,0.4193,0.492,0.4423,0.5,0.0,590.0,-1245.0,-20.0,4.0,10.0,2.0,0.5226,0.5226,0.5226,0.5226,0.5226,-599.5857,0
1,Blue,Fnatic,0.6086,Renekton,Viego,Sylas,Tristana,Braum,0.6237,0.5103,0.5064,0.4214,0.641,0.0,-1143.0,-1903.0,5.0,6.0,11.0,8.0,0.6276,0.6086,0.6086,0.6086,0.6086,-761.342,0
1,Red,Misfits Gaming,0.472,Camille,Lee Sin,Orianna,Ashe,Seraphine,0.5797,0.3788,0.4713,0.5,0.5,1.0,1143.0,1903.0,-5.0,8.0,12.0,6.0,0.472,0.472,0.472,0.472,0.472,-532.6016,1
1,Blue,Fnatic,0.5502,Renekton,Trundle,Ryze,Xayah,Rakan,0.5642,0.5,0.5076,0.5055,0.7685,0.0,6124.0,2878.0,4.0,10.0,17.0,2.0,0.5625,0.5502,0.5502,0.5502,0.5502,307.8457,1
1,Red,Misfits Gaming,0.523,Camille,Viego,Orianna,Ezreal,Leona,0.623,0.4615,0.5218,0.3984,0.4708,1.0,-6124.0,-2878.0,-4.0,2.0,3.0,10.0,0.523,0.523,0.523,0.523,0.523,-963.1839,0
1,Blue,Fnatic,0.5933,Renekton,Viego,Ryze,Tristana,Braum,0.6057,0.4173,0.5572,0.3811,0.5783,1.0,-5660.0,-3742.0,-42.0,4.0,7.0,8.0,0.6075,0.5933,0.5933,0.5933,0.5933,33.4844,0
1,Red,Misfits Gaming,0.4726,Gnar,Lee Sin,Orianna,Ashe,Seraphine,0.4574,0.4387,0.472,0.5,0.5,0.0,5660.0,3742.0,42.0,8.0,16.0,4.0,0.4726,0.4726,0.4726,0.4726,0.4726,133.7108,1
1,Blue,Misfits Gaming,0.5234,Gangplank,Lee Sin,LeBlanc,Ashe,Thresh,0.5,0.4927,0.4393,0.5,0.6115,0.0,-276.0,1206.0,39.0,1.0,2.0,2.0,0.5234,0.5234,0.5234,0.5234,0.5234,312.4604,0
1,Red,Fnatic,0.5365,Cho'Gath,Graves,Twisted Fate,Aphelios,Morgana,0.5,0.477,0.7022,0.5351,0.5,1.0,276.0,-1206.0,-39.0,2.0,5.0,1.0,0.5455,0.5365,0.5365,0.5365,0.5365,895.5528,1
1,Blue,Rogue,0.6455,Camille,Xin Zhao,Azir,Aphelios,Thresh,0.5594,0.6493,0.2671,0.5809,0.552,1.0,-1377.0,-970.0,-3.0,1.0,1.0,6.0,0.6455,0.6455,0.6455,0.6455,0.6455,-822.8192,0
1,Red,KOI,0.7306,Jayce,Lee Sin,Ryze,Varus,Rakan,0.4718,0.4453,0.5013,0.5051,0.791,0.0,1377.0,970.0,3.0,6.0,15.0,1.0,0.7306,0.7306,0.7306,0.7306,0.7306,231.7743,1
1,Blue,KOI,0.7563,Jayce,Viego,Ryze,Kalista,Alistar,0.5237,0.3774,0.5511,0.5178,0.534,1.0,1010.0,-989.0,-28.0,5.0,9.0,2.0,0.7563,0.7563,0.7563,0.7563,0.7563,491.3839,1
1,Red,Rogue,0.5839,Ornn,Lee Sin,Orianna,Aphelios,Leona,0.5,0.4986,0.5223,0.5239,0.4259,0.0,-1010.0,989.0,28.0,2.0,1.0,5.0,0.5839,0.5839,0.5839,0.5839,0.5839,-78.2652,0
1,Blue,Rogue,0.5281,Jayce,Xin Zhao,Twisted Fate,Kalista,Leona,0.5703,0.5834,0.7311,0.5653,0.3853,0.0,6634.0,3469.0,79.0,10.0,10.0,5.0,0.5281,0.5281,0.5281,0.5281,0.5281,744.9713,0
1,Red,KOI,0.7796,Gangplank,Lee Sin,Sylas,Ashe,Braum,0.5,0.4508,0.4559,0.5012,0.5218,1.0,-6634.0,-3469.0,-79.0,5.0,8.0,10.0,0.7796,0.7796,0.7796,0.7796,0.7796,-381.8455,1
1,Blue,G2 Esports,0.5354,Camille,Lee Sin,Orianna,Xayah,Rakan,0.5027,0.5035,0.4725,0.553,0.8113,0.0,708.0,-47.0,-27.0,6.0,7.0,3.0,0.5354,0.5354,0.5354,0.5354,0.5354,-119.5129,1
1,Red,Fnatic,0.5809,Dr. Mundo,Viego,Sylas,Kalista,Leona,0.3126,0.4369,0.5099,0.5098,0.3485,1.0,-708.0,47.0,27.0,3.0,2.0,6.0,0.5916,0.5809,0.5809,0.5809,0.5809,-923.8462,0
1,Blue,Fnatic,0.5253,Olaf,Trundle,Twisted Fate,Tristana,Lulu,0.495,0.5,0.6604,0.3446,0.5,1.0,4814.0,2309.0,33.0,5.0,13.0,0.0,0.5319,0.5253,0.5253,0.5253,0.5253,485.9309,1
1,Red,G2 Esports,0.5798,Viego,Diana,Yasuo,Sivir,Braum,0.3952,0.5,0.5,0.5,0.5684,0.0,-4814.0,-2309.0,-33.0,0.0,0.0,5.0,0.5798,0.5798,0.5798,0.5798,0.5798,-232.4724,0
1,Blue,Fnatic,0.5707,Dr. Mundo,Lee Sin,Twisted Fate,Tristana,Pyke,0.2807,0.5511,0.6932,0.4073,0.5,0.0,3513.0,1836.0,-1.0,10.0,15.0,7.0,0.5789,0.5707,0.5707,0.5707,0.5707,716.3511,0
1,Red,G2 Esports,0.5244,Irelia,Trundle,Orianna,Xayah,Braum,0.5,0.5,0.5228,0.5959,0.5131,1.0,-3513.0,-1836.0,1.0,7.0,11.0,10.0,0.5244,0.5244,0.5244,0.5244,0.5244,88.1381,1
1,Blue,Fnatic,0.5161,Renekton,Jarvan IV,Twisted Fate,Tristana,Pyke,0.548,0.5,0.6263,0.3684,0.5,0.0,5126.0,1039.0,40.0,5.0,6.0,4.0,0.5211,0.5161,0.5161,0.5161,0.5161,484.1216,1
1,Red,G2 Esports,0.5698,Gangplank,Xin Zhao,Orianna,Vayne,Braum,0.5,0.5246,0.5683,0.5,0.5604,1.0,-5126.0,-1039.0,-40.0,4.0,6.0,5.0,0.5698,0.5698,0.5698,0.5698,0.5698,-411.6903,0
1,Blue,G2 Esports,0.5154,Camille,Viego,Ryze,Tristana,Gragas,0.5528,0.3574,0.5956,0.4287,0.6269,0.0,-1493.0,-1539.0,-18.0,2.0,3.0,4.0,0.5154,0.5154,0.5154,0.5154,0.5154,-486.4688,0
1,Red,Fnatic,0.5624,Darius,Trundle,Twisted Fate,Ezreal,Leona,0.5,0.5,0.6623,0.359,0.3153,1.0,1493.0,1539.0,18.0,4.0,3.0,2.0,0.5687,0.5624,0.5624,0.5624,0.5624,218.0221,1
1,Blue,Fnatic,0.6042,Camille,Viego,Ryze,Ezreal,Rakan,0.4974,0.3233,0.5367,0.4222,0.8295,1.0,2409.0,2980.0,43.0,7.0,14.0,3.0,0.6113,0.6042,0.6042,0.6042,0.6042,-859.4109,1
1,Red,Rogue,0.4777,Jayce,Trundle,Azir,Aphelios,Morgana,0.5146,0.5,0.2411,0.4726,0.5,0.0,-2409.0,-2980.0,-43.0,3.0,6.0,7.0,0.4777,0.4777,0.4777,0.4777,0.4777,206.2625,0
1,Blue,Rogue,0.4321,Jayce,Trundle,Ryze,Ashe,Lulu,0.4645,0.5,0.5824,0.5553,0.5,1.0,677.0,-2391.0,-58.0,5.0,6.0,6.0,0.4321,0.4321,0.4321,0.4321,0.4321,437.8706,0
1,Red,Fnatic,0.642,Camille,Viego,Cassiopeia,Kai'Sa,Rakan,0.5475,0.3879,0.5,0.6954,0.846,0.0,-677.0,2391.0,58.0,6.0,7.0,5.0,0.6496,0.642,0.642,0.642,0.642,-362.4139,1
1,Blue,Rogue,0.3909,Gangplank,Viego,Orianna,Jinx,Thresh,0.5695,0.4463,0.5141,0.5,0.4985,0.0,-3051.0,-1750.0,-15.0,7.0,12.0,14.0,0.3909,0.3909,0.3909,0.3909,0.3909,-133.743,0
1,Red,Fnatic,0.6762,Renekton,Trundle,Sylas,Aphelios,Braum,0.5911,0.5,0.4595,0.4264,0.5061,1.0,3051.0,1750.0,15.0,14.0,25.0,7.0,0.684,0.6762,0.6762,0.6762,0.6762,-1012.4267,1
1,Blue,KOI,0.8007,Gnar,Viego,Ryze,Ezreal,Braum,0.5098,0.4037,0.5252,0.4789,0.5539,0.0,997.0,433.0,10.0,7.0,13.0,5.0,0.8007,0.8007,0.8007,0.8007,0.8007,15.8143,1
1,Red,Fnatic,0.7071,Wukong,Xin Zhao,Cassiopeia,Ashe,Thresh,0.5,0.4721,0.5,0.4958,0.4502,1.0,-997.0,-433.0,-10.0,5.0,7.0,7.0,0.715,0.7071,0.7071,0.7071,0.7071,-83.772,0
1,Blue,Fnatic,0.6396,Sett,Trundle,Twisted Fate,Vayne,Rakan,0.3344,0.5,0.6948,0.5,0.8609,1.0,7408.0,1330.0,19.0,15.0,28.0,6.0,0.6451,0.6396,0.6396,0.6396,0.6396,871.2953,1
1,Red,KOI,0.8198,Gangplank,Viego,Sylas,Ezreal,Karma,0.5077,0.4606,0.5127,0.5299,0.5,0.0,-7408.0,-1330.0,-19.0,6.0,9.0,15.0,0.8198,0.8198,0.8198,0.8198,0.8198,-1017.2279,0
1,Blue,KOI,0.7414,Gangplank,Lee Sin,Orianna,Ziggs,Braum,0.4533,0.4983,0.4651,0.5,0.5969,1.0,1717.0,-1215.0,9.0,2.0,5.0,5.0,0.7414,0.7414,0.7414,0.7414,0.7414,-118.5178,1
1,Red,Fnatic,0.674,Cho'Gath,Jarvan IV,Sylas,Ashe,Thresh,0.5,0.5,0.4624,0.4434,0.4067,0.0,-1717.0,1215.0,-9.0,5.0,5.0,2.0,0.6797,0.674,0.674,0.674,0.674,-539.4657,0
1,Blue,Fnatic,0.6097,Mordekaiser,Gragas,Irelia,Xayah,Rakan,0.5,0.5669,0.5,0.6346,0.8743,1.0,-3964.0,-1805.0,-69.0,7.0,11.0,8.0,0.6136,0.6097,0.6097,0.6097,0.6097,373.3387,0
1,Red,KOI,0.7661,Renekton,Viego,LeBlanc,Ezreal,Leona,0.6301,0.4167,0.3928,0.4782,0.3806,0.0,3964.0,1805.0,69.0,8.0,15.0,7.0,0.7661,0.7661,0.7661,0.7661,0.7661,-1015.9254,1
0,Blue,KOI,0.7885,Renekton,Diana,Yasuo,Karthus,Nautilus,0.6653,0.5,0.5,0.5,0.1822,0.0,3138.0,2990.0,-16.0,6.0,10.0,1.0,0.7885,0.7885,0.5,0.5,0.7885,-193.7756,1
0,Red,Team Vitality,0.4351,Kennen,Viego,Akshan,Jhin,Alistar,0.5,0.4723,0.5,0.4449,0.5784,1.0,-3138.0,-2990.0,16.0,1.0,2.0,6.0,0.5,0.4391,0.5,0.7885,0.4351,-374.8749,0
0,Blue,Rogue,0.3536,Ornn,Xin Zhao,LeBlanc,Jinx,Rakan,0.5,0.425,0.4564,0.5,0.7901,0.0,538.0,-624.0,-27.0,1.0,1.0,1.0,0.3536,0.5,0.3536,0.5,0.3536,151.5317,1
0,Red,SK Gaming,0.3078,Gwen,Jarvan IV,Vex,Jhin,Nautilus,0.5178,0.5,0.5,0.3998,0.2614,1.0,-538.0,624.0,27.0,1.0,2.0,1.0,0.3078,0.4953,0.5,0.3078,0.3078,-517.7078,0
0,Blue,Excel Esports,0.4001,Gangplank,Jarvan IV,Malzahar,Lucian,Nami,0.5112,0.5,0.5,0.4032,0.5,0.0,-1136.0,1210.0,-27.0,4.0,6.0,4.0,0.5,0.5,0.3806,0.4001,0.5,996.8834,0
0,Red,G2 Esports,0.4662,Corki,Xin Zhao,LeBlanc,Jinx,Lulu,0.5,0.4821,0.5128,0.5,0.5,1.0,1136.0,-1210.0,27.0,4.0,7.0,4.0,0.1566,0.4662,0.4662,0.5,0.5,-46.5451,1
0,Blue,Astralis,0.3762,Kennen,Viego,Vex,Jinx,Thresh,0.5,0.4273,0.5,0.5,0.3674,0.0,-779.0,-506.0,-15.0,1.0,0.0,1.0,0.3762,0.3762,0.5,0.473,0.3762,-337.5293,0
0,Red,Misfits Gaming,0.473,Irelia,Diana,Yasuo,Jhin,Nautilus,0.5,0.5,0.5,0.3595,0.2361,1.0,779.0,506.0,15.0,1.0,2.0,1.0,0.473,0.5,0.473,0.1566,0.5,-327.6282,1
0,Blue,Fnatic,0.5515,Gwen,Xin Zhao,Twisted Fate,Jhin,Rakan,0.4649,0.5333,0.7241,0.4237,0.8103,1.0,-1671.0,-1788.0,8.0,1.0,2.0,4.0,0.4662,0.473,0.7885,0.5515,0.5515,574.8821,1
0,Red,Team BDS,0.5,Darius,Viego,LeBlanc,Lucian,Nami,0.5,0.3865,0.5629,0.3647,0.5,0.0,1671.0,1788.0,-8.0,4.0,6.0,1.0,0.5541,0.5,0.5,0.5,0.1566,233.5985,0
0,Blue,Rogue,0.4153,Renekton,Jarvan IV,Viktor,Jinx,Lulu,0.6972,0.5,0.6541,0.5,0.5,0.0,792.0,228.0,-16.0,6.0,7.0,4.0,0.4153,0.5,0.4153,0.5,0.4153,-459.8046,1
0,Red,Misfits Gaming,0.5237,Gnar,Xin Zhao,LeBlanc,Jhin,Yuumi,0.5571,0.5793,0.5054,0.4812,0.5,1.0,-792.0,-228.0,16.0,4.0,5.0,6.0,0.5237,0.5,0.5237,0.2376,0.5,164.3691,0
0,Blue,Excel Esports,0.361,Ornn,Jarvan IV,Corki,Jinx,Lulu,0.5,0.5,0.5,0.5,0.5,0.0,2163.0,1299.0,19.0,1.0,2.0,0.0,0.5,0.5,0.3415,0.361,0.5,0.0,0
0,Red,Team BDS,0.5,Irelia,Xin Zhao,Syndra,Jhin,Soraka,0.5,0.5224,0.4117,0.4334,0.5,1.0,-2163.0,-1299.0,-19.0,0.0,0.0,1.0,0.5005,0.5,0.5,0.5,0.1416,-565.5833,1
0,Blue,SK Gaming,0.278,Gragas,Xin Zhao,Corki,Ezreal,Alistar,0.5127,0.5691,0.5,0.529,0.5233,1.0,-2897.0,-3957.0,-95.0,2.0,4.0,4.0,0.278,0.4459,0.5,0.278,0.278,-806.2412,1
0,Red,KOI,0.8087,Gwen,Diana,Yasuo,Jhin,Nautilus,0.5192,0.5076,0.5,0.4894,0.3099,0.0,2897.0,3957.0,95.0,4.0,5.0,2.0,0.8087,0.8087,0.5,0.5,0.8087,-570.0957,0
0,Blue,G2 Esports,0.5171,Graves,Lee Sin,Syndra,Seraphine,Pyke,0.5308,0.5463,0.4684,0.5,0.5,0.0,2991.0,-397.0,5.0,3.0,5.0,1.0,0.2376,0.5171,0.5171,0.5,0.5,434.9348,1
0,Red,Astralis,0.3394,Kennen,Trundle,Irelia,Aphelios,Thresh,0.5,0.7137,0.5,0.4823,0.332,1.0,-2991.0,397.0,-5.0,1.0,2.0,3.0,0.3394,0.3394,0.5,0.4276,0.3394,172.3079,0
0,Blue,Team Vitality,0.393,Renekton,Qiyana,Twisted Fate,Jinx,Rakan,0.7261,0.5,0.7506,0.4152,0.8285,0.0,3563.0,-25.0,-12.0,6.0,9.0,4.0,0.5,0.397,0.5,0.7132,0.393,1894.1539,0
0,Red,Fnatic,0.5943,Gragas,Viego,LeBlanc,Jhin,Zilean,0.5593,0.3497,0.4542,0.4412,0.5,1.0,-3563.0,25.0,12.0,4.0,2.0,6.0,0.5171,0.5237,0.8087,0.5943,0.5943,-359.4861,1
0,Blue,Team BDS,0.5,Sion,Xin Zhao,Syndra,Ezreal,Yuumi,0.3129,0.6112,0.5196,0.5748,0.5,0.0,-2235.0,20.0,-58.0,6.0,7.0,5.0,0.5488,0.5,0.1836,0.5,0.2239,-945.515,0
0,Red,Misfits Gaming,0.4734,Jayce,Jarvan IV,Sylas,Aphelios,Thresh,0.4193,0.5,0.4171,0.4354,0.3,1.0,2235.0,-20.0,58.0,5.0,9.0,6.0,0.4734,0.5,0.4734,0.2148,0.5,-436.5375,1
0,Blue,Excel Esports,0.3258,Jayce,Xin Zhao,LeBlanc,Xayah,Rakan,0.4757,0.5517,0.5092,0.5738,0.749,1.0,123.0,655.0,20.0,2.0,3.0,2.0,0.5,0.5,0.3066,0.3258,0.5,381.695,1
0,Red,Team Vitality,0.3551,Wukong,Viego,Vex,Jinx,Thresh,0.5,0.4117,0.5,0.3701,0.3674,0.0,-123.0,-655.0,-20.0,2.0,1.0,2.0,0.5,0.3589,0.5,0.6451,0.3551,325.372,0
0,Blue,Rogue,0.471,Jayce,Trundle,Viktor,Jinx,Rakan,0.5264,0.6363,0.6894,0.3305,0.7731,1.0,3583.0,1950.0,61.0,2.0,2.0,2.0,0.471,0.5,0.471,0.5,0.471,33.3684,1
0,Red,Astralis,0.3064,Renekton,Viego,Akali,Jhin,Leona,0.6569,0.3724,0.51,0.4961,0.4396,0.0,-3583.0,-1950.0,-61.0,2.0,2.0,2.0,0.3064,0.3064,0.5,0.3865,0.3064,-456.1035,0
0,Blue,SK Gaming,0.3478,Gragas,Xin Zhao,Zoe,Ezreal,Rakan,0.6014,0.5953,0.5,0.519,0.7948,1.0,-2690.0,-749.0,-61.0,4.0,6.0,4.0,0.3478,0.5009,0.5,0.3478,0.3478,-958.8713,0
0,Red,Fnatic,0.633,Gangplank,Lee Sin,Viktor,Aphelios,Thresh,0.4576,0.5897,0.7209,0.4902,0.3321,0.0,2690.0,749.0,61.0,4.0,10.0,4.0,0.5632,0.5694,0.8269,0.633,0.633,472.9718,1
0,Blue,KOI,0.7315,Ornn,Jarvan IV,Corki,Jinx,Thresh,0.5,0.5,0.5,0.4014,0.3962,0.0,972.0,-1394.0,-7.0,1.0,2.0,2.0,0.7315,0.7315,0.5,0.5,0.7315,416.738,1
0,Red,G2 Esports,0.5632,Akshan,Viego,Kassadin,Jhin,Yuumi,0.5,0.3369,0.5,0.4475,0.5,1.0,-972.0,1394.0,7.0,2.0,6.0,1.0,0.3107,0.5632,0.5632,0.5,0.5,-499.5414,0
0,Blue,Misfits Gaming,0.5239,Gwen,Lee Sin,Viktor,Jinx,Leona,0.4669,0.629,0.749,0.464,0.3977,0.0,-915.0,-969.0,10.0,0.0,0.0,1.0,0.5239,0.5,0.5239,0.29,0.5,154.5025,1
0,Red,Excel Esports,0.3914,Graves,Xin Zhao,Vex,Aphelios,Thresh,0.5787,0.5375,0.5,0.5396,0.4541,1.0,915.0,969.0,-10.0,1.0,4.0,0.0,0.5,0.5,0.3769,0.3914,0.5,445.937,0
0,Blue,Astralis,0.2766,Gragas,Poppy,Corki,Xayah,Rakan,0.544,0.5,0.5,0.6146,0.7187,0.0,-3605.0,-2853.0,-67.0,1.0,1.0,4.0,0.2766,0.2766,0.5,0.3494,0.2766,177.0402,0
0,Red,Fnatic,0.668,Akali,Lee Sin,Orianna,Jinx,Zilean,0.4582,0.6645,0.5161,0.5196,0.5,1.0,3605.0,2853.0,67.0,4.0,10.0,1.0,0.6049,0.6107,0.8434,0.668,0.668,-34.8241,1
0,Blue,G2 Esports,0.5095,Akali,Xin Zhao,Orianna,Jhin,Bard,0.5128,0.4855,0.5622,0.4038,0.5,0.0,1001.0,1240.0,14.0,2.0,2.0,1.0,0.2809,0.5095,0.5095,0.5,0.5,-1058.142,1
0,Red,SK Gaming,0.3142,Lee Sin,Jarvan IV,Viktor,Caitlyn,Nautilus,0.6965,0.5,0.7742,0.5,0.28,1.0,-1001.0,-1240.0,-14.0,1.0,3.0,2.0,0.3142,0.4514,0.5,0.3142,0.3142,-113.9768,0
0,Blue,Team BDS,0.5,Gwen,Xin Zhao,Syndra,Jhin,Nautilus,0.5203,0.5352,0.4696,0.4619,0.253,0.0,-3840.0,-2986.0,-63.0,2.0,2.0,5.0,0.4958,0.5,0.1637,0.5,0.2025,-1015.4543,0
0,Red,Team Vitality,0.3208,Gangplank,Olaf,Corki,Jinx,Thresh,0.5139,0.5456,0.5,0.5691,0.4106,1.0,3840.0,2986.0,63.0,5.0,6.0,2.0,0.5,0.3245,0.5,0.5836,0.3208,661.6769,1
0,Blue,KOI,0.7571,Ornn,Jarvan IV,Ryze,Jinx,Thresh,0.5,0.4715,0.5717,0.613,0.4671,0.0,703.0,-1642.0,-34.0,3.0,7.0,5.0,0.7571,0.7571,0.5,0.5,0.7571,840.9161,0
0,Red,Rogue,0.5215,Camille,Lee Sin,Viktor,Jhin,Blitzcrank,0.5924,0.63,0.697,0.417,0.5,1.0,-703.0,1642.0,34.0,5.0,8.0,3.0,0.5215,0.5,0.5215,0.5,0.5215,-1016.371,1
0,Blue,SK Gaming,0.2839,Jayce,Xin Zhao,LeBlanc,Ziggs,Nautilus,0.5722,0.4835,0.5584,0.5,0.2287,0.0,-1730.0,-2418.0,-50.0,2.0,4.0,6.0,0.2839,0.4069,0.5,0.2839,0.2839,5.3961,0
0,Red,Excel Esports,0.3534,Malphite,Lee Sin,Lissandra,Aphelios,Leona,0.5,0.6653,0.5,0.4874,0.4551,1.0,1730.0,2418.0,50.0,6.0,10.0,2.0,0.5,0.5,0.3389,0.3534,0.5,432.8224,1
0,Blue,KOI,0.6849,Aatrox,Lee Sin,Viktor,Jinx,Zilean,0.5,0.6973,0.7271,0.5509,0.5,0.0,-102.0,-846.0,28.0,2.0,3.0,4.0,0.6849,0.6849,0.5,0.5,0.6849,747.4726,1
0,Red,Astralis,0.2498,Ornn,Jarvan IV,Vex,Xayah,Rakan,0.5,0.4203,0.5,0.5558,0.6498,1.0,102.0,846.0,-28.0,4.0,6.0,2.0,0.2498,0.2498,0.5,0.3159,0.2498,446.5663,0
0,Blue,Team BDS,0.5,Graves,Lee Sin,Akali,Jinx,Leona,0.52,0.7262,0.5617,0.5961,0.5071,0.0,-3295.0,-1875.0,-18.0,2.0,3.0,5.0,0.448,0.5,0.1462,0.5,0.1831,1037.4889,0
0,Red,Rogue,0.5671,Jayce,Trundle,Ryze,Lucian,Nami,0.517,0.6752,0.5159,0.3298,0.5,1.0,3295.0,1875.0,18.0,5.0,6.0,2.0,0.5671,0.5,0.5671,0.5,0.5671,845.4292,1
0,Blue,Fnatic,0.6996,Akali,Xin Zhao,Twisted Fate,Caitlyn,Braum,0.5057,0.4369,0.6786,0.5,0.6358,1.0,3187.0,1947.0,51.0,5.0,11.0,3.0,0.6426,0.6481,0.8584,0.6996,0.6996,112.8686,1
0,Red,Misfits Gaming,0.5696,Gragas,Jarvan IV,Sylas,Jinx,Yuumi,0.492,0.3753,0.474,0.5364,0.5,0.0,-3187.0,-1947.0,-51.0,3.0,3.0,5.0,0.5696,0.5,0.5696,0.358,0.5,-598.5236,0
0,Blue,G2 Esports,0.5563,Gragas,Lee Sin,Corki,Caitlyn,Zyra,0.4451,0.6569,0.5,0.5,0.5,0.0,-3056.0,-1475.0,-95.0,1.0,3.0,3.0,0.3498,0.5563,0.5563,0.5,0.5,-59.27,0
0,Red,Team Vitality,0.3862,Gangplank,Xin Zhao,Orianna,Aphelios,Thresh,0.5639,0.4911,0.6039,0.5369,0.4223,1.0,3056.0,1475.0,95.0,3.0,3.0,1.0,0.5,0.3892,0.5,0.6233,0.3862,483.3806,1
0,Blue,Team BDS,0.5,Olaf,Diana,Twisted Fate,Jinx,Nautilus,0.5909,0.4525,0.7094,0.4829,0.2067,1.0,3202.0,1737.0,54.0,2.0,1.0,0.0,0.4048,0.5,0.1307,0.5,0.1656,1475.0785,1
0,Red,Astralis,0.2256,Kennen,Viego,Sylas,Xayah,Rakan,0.5,0.3048,0.4279,0.5026,0.5876,0.0,-3202.0,-1737.0,-54.0,0.0,0.0,2.0,0.2256,0.2256,0.5,0.2856,0.2256,-638.9212,0
0,Blue,Excel Esports,0.416,Gwen,Xin Zhao,Veigar,Senna,Galio,0.4684,0.5401,0.5,0.2868,0.5,1.0,-1582.0,-841.0,-6.0,1.0,3.0,3.0,0.5,0.5,0.4052,0.416,0.4662,-1812.5767,0
0,Red,KOI,0.7149,Akali,Lee Sin,Viktor,Varus,Nautilus,0.5547,0.5942,0.754,0.5537,0.2829,0.0,1582.0,841.0,6.0,3.0,6.0,1.0,0.7149,0.7149,0.5,0.5,0.7149,-595.1803,1
0,Blue,Team Vitality,0.4453,Jayce,Gwen,Corki,Jhin,Rakan,0.5635,0.4219,0.5,0.4735,0.5314,0.0,3220.0,1892.0,67.0,3.0,7.0,3.0,0.5,0.4477,0.5,0.6592,0.4453,-365.5437,1
0,Red,SK Gaming,0.2566,Gragas,Viego,Orianna,Xayah,Nautilus,0.4026,0.2758,0.6417,0.4546,0.3517,1.0,-3220.0,-1892.0,-67.0,3.0,3.0,3.0,0.2566,0.367,0.5,0.2566,0.2566,-605.3299,0
0,Blue,Rogue,0.6084,Gwen,Viego,Twisted Fate,Jhin,Janna,0.4791,0.2495,0.7373,0.5245,0.5,0.0,683.0,-583.0,-91.0,10.0,18.0,3.0,0.6084,0.5,0.6084,0.5,0.6084,-124.8547,1
0,Red,Fnatic,0.7283,Renekton,Diana,Orianna,Lucian,Nami,0.5943,0.5111,0.5805,0.3939,0.5,1.0,-683.0,583.0,91.0,3.0,5.0,10.0,0.6767,0.6818,0.8719,0.7283,0.7283,958.4473,0
0,Blue,G2 Esports,0.5032,Renekton,Jarvan IV,Ryze,Senna,Rakan,0.5376,0.3356,0.563,0.2561,0.5762,1.0,2905.0,898.0,-20.0,6.0,13.0,1.0,0.3163,0.5032,0.5032,0.5,0.5,-441.4048,1
0,Red,Misfits Gaming,0.515,Gwen,Xin Zhao,Cassiopeia,Jhin,Leona,0.5304,0.4882,0.5,0.5705,0.4587,0.0,-2905.0,-898.0,20.0,1.0,0.0,6.0,0.515,0.5,0.515,0.3237,0.5,-1166.4744,0
0,Blue,Team BDS,0.5,Jayce,Xin Zhao,Ryze,Ezreal,Karma,0.6056,0.4413,0.6055,0.4688,0.5,1.0,3519.0,1465.0,26.0,3.0,6.0,1.0,0.4621,0.5,0.2217,0.5,0.2454,-470.5595,1
0,Red,SK Gaming,0.2319,Graves,Olaf,Viktor,Jinx,Lulu,0.4676,0.6315,0.7783,0.5342,0.4599,0.0,-3519.0,-1465.0,-26.0,1.0,1.0,3.0,0.2319,0.331,0.5,0.2319,0.2319,535.8135,0
0,Blue,Astralis,0.2038,Gwen,Xin Zhao,Vex,Lucian,Nami,0.4783,0.4949,0.5,0.3562,0.5,0.0,-1661.0,89.0,-13.0,2.0,3.0,2.0,0.2038,0.2038,0.5,0.2583,0.2038,-204.9653,0
0,Red,Excel Esports,0.3758,Jayce,Lee Sin,Veigar,Jinx,Lulu,0.6435,0.6329,0.5,0.4814,0.41,1.0,1661.0,-89.0,13.0,2.0,1.0,2.0,0.5,0.5,0.3648,0.3758,0.4216,1064.9649,1
0,Blue,KOI,0.7421,Renekton,Nidalee,Viktor,Varus,Rakan,0.5817,0.5,0.7019,0.5974,0.6167,0.0,-2854.0,-2068.0,-36.0,2.0,3.0,6.0,0.7421,0.7421,0.5,0.5,0.7421,-171.4084,0
0,Red,Misfits Gaming,0.4657,Gwen,Lee Sin,Akali,Jinx,Leona,0.4315,0.6679,0.5988,0.5325,0.415,1.0,2854.0,2068.0,36.0,6.0,7.0,2.0,0.4657,0.5,0.4657,0.2928,0.5,48.542,1
0,Blue,Rogue,0.6457,Ornn,Volibear,Viktor,Caitlyn,Lux,0.5,0.3678,0.6331,0.5,0.5,0.0,1645.0,-969.0,-59.0,4.0,5.0,3.0,0.6457,0.5,0.6457,0.5,0.6457,-336.7066,1
0,Red,Team Vitality,0.4986,Graves,Xin Zhao,LeBlanc,Jinx,Thresh,0.4208,0.4475,0.5027,0.5784,0.4776,1.0,-1645.0,969.0,59.0,3.0,3.0,4.0,0.5,0.5005,0.5,0.6917,0.4986,433.4399,0
0,Blue,Fnatic,0.6589,Gragas,Lee Sin,Azir,Aphelios,Rakan,0.3642,0.6996,0.2176,0.5815,0.5578,1.0,2761.0,1141.0,0.0,3.0,6.0,1.0,0.6122,0.6165,0.7887,0.6589,0.6589,587.2713,0
0,Red,G2 Esports,0.5506,Aatrox,Xin Zhao,Viktor,Jinx,Zilean,0.5764,0.4046,0.669,0.5218,0.5,0.0,-2761.0,-1141.0,0.0,1.0,2.0,3.0,0.3817,0.5506,0.5506,0.5,0.5,-344.9202,1
0,Blue,Astralis,0.1841,Graves,Trundle,Ryze,Senna,Nautilus,0.3788,0.7096,0.6438,0.3348,0.318,0.0,2265.0,1341.0,12.0,6.0,12.0,2.0,0.1841,0.1841,0.5,0.2336,0.1841,-558.1305,0
0,Red,SK Gaming,0.2096,Jayce,Lee Sin,Orianna,Jinx,Leona,0.6778,0.6329,0.5252,0.5685,0.4708,1.0,-2265.0,-1341.0,-12.0,2.0,3.0,6.0,0.2096,0.2987,0.5,0.2096,0.2096,359.6369,1
0,Blue,Rogue,0.6795,Ornn,Volibear,Corki,Lucian,Nami,0.5,0.4294,0.5,0.3222,0.5,0.0,3380.0,334.0,34.0,2.0,4.0,2.0,0.6795,0.5,0.6795,0.5,0.6795,307.8591,1
0,Red,Excel Esports,0.4361,Gwen,Lee Sin,Sona,Jinx,Leona,0.487,0.6679,0.5,0.6105,0.5212,1.0,-3380.0,-334.0,-34.0,2.0,3.0,2.0,0.5,0.5,0.4278,0.4361,0.4769,-14.6885,0
0,Blue,Team Vitality,0.4507,Renekton,Diana,Yasuo,Caitlyn,Karma,0.5263,0.457,0.5,0.5,0.3185,0.0,460.0,1603.0,42.0,3.0,4.0,4.0,0.5,0.4527,0.5,0.6258,0.4507,549.5142,1
0,Red,Misfits Gaming,0.5168,Jayce,Lee Sin,Sylas,Jinx,Nautilus,0.7087,0.6042,0.3863,0.5512,0.2875,1.0,-460.0,-1603.0,-42.0,4.0,6.0,3.0,0.5168,0.5,0.5168,0.3604,0.5,-368.5615,0
0,Blue,G2 Esports,0.5935,Jayce,Poppy,Ryze,Senna,Tahm Kench,0.6407,0.5,0.5814,0.2998,0.5,0.0,1523.0,781.0,27.0,6.0,10.0,2.0,0.4408,0.5935,0.5935,0.5,0.5,-210.1853,1
0,Red,Team BDS,0.5,Irelia,Jarvan IV,Vex,Varus,Bard,0.5,0.4052,0.5,0.5391,0.5,1.0,-1523.0,-781.0,-27.0,2.0,3.0,6.0,0.5138,0.5,0.3025,0.5,0.3175,-202.5282,0
0,Blue,KOI,0.6714,Graves,Gwen,Renekton,Zeri,Yuumi,0.3412,0.4396,0.5714,0.5,0.5,0.0,-3516.0,-774.0,-34.0,3.0,4.0,6.0,0.6714,0.6714,0.5,0.5,0.6714,303.0205,0
0,Red,Fnatic,0.5961,Gragas,Xin Zhao,Viktor,Aphelios,Thresh,0.3294,0.4616,0.7012,0.5255,0.4319,1.0,3516.0,774.0,34.0,6.0,10.0,3.0,0.5538,0.5575,0.7135,0.5961,0.5961,-386.8715,1
0,Blue,Misfits Gaming,0.4674,Renekton,Diana,Yasuo,Aphelios,Thresh,0.517,0.5139,0.5,0.5712,0.4863,0.0,191.0,-307.0,20.0,3.0,4.0,5.0,0.4674,0.5,0.4674,0.326,0.5,1324.0165,1
0,Red,SK Gaming,0.2855,Gragas,Volibear,Akali,Jinx,Leona,0.3934,0.4849,0.6383,0.4977,0.4715,1.0,-191.0,307.0,-20.0,5.0,9.0,3.0,0.2855,0.367,0.5,0.2855,0.2855,-668.7988,0
0,Blue,KOI,0.6073,Graves,Lee Sin,Viktor,Aphelios,Thresh,0.3075,0.5466,0.7303,0.6124,0.5354,0.0,753.0,185.0,17.0,4.0,6.0,5.0,0.6073,0.6073,0.5,0.5,0.6073,901.9217,1
0,Red,Team BDS,0.5,Camille,Xin Zhao,LeBlanc,Varus,Leona,0.6327,0.5131,0.4528,0.4866,0.4266,1.0,-753.0,-185.0,-17.0,5.0,11.0,4.0,0.4644,0.5,0.2714,0.5,0.2872,-886.4211,0
0,Blue,Astralis,0.1663,Jayce,Xin Zhao,Corki,Jhin,Leona,0.6752,0.464,0.5,0.5154,0.386,0.0,3649.0,1965.0,-23.0,7.0,10.0,1.0,0.1663,0.1663,0.5,0.2112,0.1663,-290.698,0
0,Red,Team Vitality,0.5034,Camille,Lee Sin,Orianna,Aphelios,Thresh,0.5704,0.5898,0.5705,0.6496,0.5798,1.0,-3649.0,-1965.0,23.0,1.0,1.0,7.0,0.5,0.505,0.5,0.6615,0.5034,187.9312,1
0,Blue,Excel Esports,0.394,Graves,Xin Zhao,Corki,Aphelios,Leona,0.3757,0.4197,0.5,0.6832,0.3492,1.0,-1032.0,802.0,-5.0,6.0,10.0,6.0,0.5,0.5,0.3855,0.394,0.4313,684.5388,1
0,Red,Fnatic,0.6346,Gwen,Viego,Orianna,Jhin,Rell,0.3968,0.321,0.6114,0.4657,0.4885,0.0,1032.0,-802.0,5.0,6.0,10.0,6.0,0.5963,0.5998,0.7408,0.6346,0.6346,-1298.5781,0
0,Blue,G2 Esports,0.6322,Akali,Lee Sin,Twisted Fate,Zeri,Nautilus,0.5756,0.6289,0.7624,0.5,0.26,0.0,-2151.0,-2621.0,-39.0,0.0,0.0,4.0,0.4943,0.6322,0.6322,0.5,0.5,819.1585,0
0,Red,Rogue,0.71,Akshan,Xin Zhao,Corki,Jinx,Rakan,0.5,0.4751,0.5,0.4495,0.5045,1.0,2151.0,2621.0,39.0,4.0,6.0,0.0,0.71,0.5,0.71,0.5,0.71,139.1268,1
0,Blue,Misfits Gaming,0.5183,Camille,Lee Sin,Zoe,Jinx,Thresh,0.6126,0.569,0.5,0.5027,0.6199,0.0,-1467.0,-771.0,-10.0,2.0,2.0,4.0,0.5183,0.5,0.5183,0.3904,0.5,-273.5579,1
0,Red,Team BDS,0.5,Sett,Viego,Ryze,Caitlyn,Karma,0.4066,0.2904,0.6219,0.5,0.3924,1.0,1467.0,771.0,10.0,4.0,6.0,2.0,0.4199,0.5,0.2437,0.5,0.2597,19.5301,0
0,Blue,Astralis,0.1503,Graves,Jarvan IV,Vex,Zeri,Leona,0.437,0.3631,0.5,0.5,0.4112,1.0,1003.0,929.0,1.0,6.0,13.0,2.0,0.1503,0.1503,0.5,0.191,0.1503,460.6343,1
0,Red,Rogue,0.7377,Jayce,Lee Sin,Ahri,Jinx,Janna,0.6105,0.6101,0.5,0.5507,0.5,0.0,-1003.0,-929.0,-1.0,2.0,2.0,6.0,0.7377,0.5,0.7377,0.5,0.7377,827.0159,0
0,Blue,Excel Esports,0.4524,Malphite,Xin Zhao,Zeri,Aphelios,Lux,0.5,0.5253,0.5,0.7136,0.5,0.0,2673.0,-149.0,-65.0,7.0,10.0,5.0,0.5,0.4727,0.4461,0.4524,0.4856,256.2367,1
0,Red,Team Vitality,0.551,Jayce,Trundle,Ryze,Vayne,Leona,0.552,0.6353,0.5619,0.5,0.4673,1.0,-2673.0,149.0,65.0,5.0,9.0,7.0,0.5,0.5523,0.5,0.6937,0.551,943.5039,0
0,Blue,Fnatic,0.5741,Jayce,Volibear,Ryze,Aphelios,Leona,0.4992,0.4378,0.5077,0.741,0.4228,1.0,5459.0,2072.0,46.0,6.0,15.0,2.0,0.5395,0.5425,0.6702,0.5741,0.5741,1348.0371,1
0,Red,SK Gaming,0.2581,Malphite,Xin Zhao,LeBlanc,Jinx,Braum,0.5,0.5706,0.408,0.4976,0.6709,0.0,-5459.0,-2072.0,-46.0,2.0,2.0,6.0,0.2581,0.3314,0.5,0.2581,0.2581,-115.0674,0
0,Blue,KOI,0.6448,Graves,Diana,Irelia,Aphelios,Nautilus,0.4921,0.5643,0.5,0.7658,0.2351,0.0,1433.0,431.0,18.0,2.0,2.0,2.0,0.6448,0.6448,0.5,0.5,0.6448,1366.2964,0
0,Red,G2 Esports,0.5719,Yone,Gwen,Orianna,Jinx,Sett,0.5,0.3583,0.5531,0.4497,0.3631,1.0,-1433.0,-431.0,-18.0,2.0,5.0,2.0,0.447,0.5719,0.5719,0.5,0.5,-476.1045,1
0,Blue,Team BDS,0.5,Jayce,Lee Sin,Ryze,Jhin,Leona,0.5471,0.5519,0.5551,0.4209,0.4778,0.0,831.0,519.0,3.0,5.0,8.0,2.0,0.3796,0.5,0.219,0.5,0.2349,985.1887,0
0,Red,Excel Esports,0.5051,Irelia,Xin Zhao,Corki,Aphelios,Rakan,0.5,0.5161,0.5,0.6925,0.5518,1.0,-831.0,-519.0,-3.0,2.0,2.0,5.0,0.5,0.5299,0.5005,0.5051,0.5347,548.0252,1
0,Blue,KOI,0.5833,Jayce,Viego,Viktor,Jinx,Braum,0.4948,0.2627,0.7564,0.5027,0.6063,0.0,2624.0,2553.0,83.0,3.0,4.0,2.0,0.5833,0.5833,0.5,0.5,0.5833,-91.7987,0
0,Red,SK Gaming,0.2334,Graves,Hecarim,Akali,Aphelios,Leona,0.4441,0.4813,0.5193,0.722,0.4322,1.0,-2624.0,-2553.0,-83.0,2.0,4.0,3.0,0.2334,0.2992,0.5,0.2334,0.2334,649.2448,1
0,Blue,Rogue,0.6674,Ornn,Lee Sin,Ryze,Lucian,Nami,0.5,0.4993,0.5017,0.3869,0.5,0.0,-882.0,-318.0,-36.0,4.0,4.0,3.0,0.6674,0.5,0.6674,0.5,0.6674,920.9974,0
0,Red,Misfits Gaming,0.5643,Camille,Xin Zhao,Orianna,Jinx,Lulu,0.6505,0.5623,0.5957,0.4543,0.4732,1.0,882.0,318.0,36.0,3.0,5.0,4.0,0.5643,0.5,0.5643,0.4486,0.5,-299.6189,1
0,Blue,Astralis,0.2321,Graves,Trundle,Ryze,Jhin,Leona,0.4982,0.5694,0.4535,0.3804,0.4863,0.0,-2268.0,-480.0,-26.0,5.0,12.0,5.0,0.2321,0.2321,0.5,0.2684,0.2321,502.7741,0
0,Red,G2 Esports,0.6128,Yone,Jarvan IV,Viktor,Jinx,Braum,0.5,0.4286,0.6832,0.5067,0.5481,1.0,2268.0,480.0,26.0,5.0,9.0,5.0,0.4999,0.6128,0.6128,0.5,0.5,0.5196,1
0,Blue,Fnatic,0.6147,Graves,Viego,Twisted Fate,Zeri,Pyke,0.4498,0.2377,0.6895,0.5,0.5,0.0,1802.0,763.0,-8.0,3.0,4.0,3.0,0.5834,0.5862,0.7016,0.6147,0.6147,874.3262,1
0,Red,Team Vitality,0.4982,Jax,Gwen,Orianna,Aphelios,Thresh,0.5,0.4205,0.6342,0.7485,0.6562,1.0,-1802.0,-763.0,8.0,3.0,4.0,3.0,0.5,0.4995,0.5,0.6276,0.4982,-325.0763,0
0,Blue,Fnatic,0.6514,Gnar,Xin Zhao,Viktor,Aphelios,Rakan,0.5034,0.6041,0.7138,0.677,0.5946,0.0,2079.0,2514.0,33.0,5.0,7.0,3.0,0.6231,0.6257,0.7301,0.6514,0.6514,575.6759,0
0,Red,Astralis,0.2098,Jayce,Jarvan IV,Vex,Jinx,Galio,0.4475,0.487,0.5,0.5541,0.5,1.0,-2079.0,-2514.0,-33.0,3.0,6.0,5.0,0.2098,0.2098,0.5,0.2427,0.2098,821.0132,1
0,Blue,Misfits Gaming,0.606,Graves,Lee Sin,Ryze,Jinx,Leona,0.5032,0.4518,0.4099,0.5968,0.44,1.0,3771.0,1295.0,34.0,6.0,10.0,4.0,0.606,0.5,0.606,0.5013,0.5,776.3365,1
0,Red,Excel Esports,0.5526,Tryndamere,Jarvan IV,LeBlanc,Aphelios,Tahm Kench,0.5,0.539,0.3678,0.6123,0.4751,0.0,-3771.0,-1295.0,-34.0,4.0,8.0,6.0,0.5,0.5802,0.5494,0.5526,0.5791,250.8972,0
0,Blue,Team BDS,0.5,Jayce,Jarvan IV,Galio,Jinx,Thresh,0.5003,0.4847,0.5,0.6355,0.5936,1.0,1436.0,-1537.0,-14.0,3.0,7.0,2.0,0.3432,0.5,0.1969,0.5,0.2125,502.6273,0
0,Red,Team Vitality,0.4505,Camille,Lee Sin,Ryze,Xayah,Rakan,0.6846,0.504,0.4665,0.4111,0.5379,0.0,-1436.0,1537.0,14.0,2.0,2.0,3.0,0.5,0.4518,0.5,0.5678,0.4505,394.6779,1
0,Blue,SK Gaming,0.3068,Graves,Volibear,Orianna,Jinx,Leona,0.5513,0.4923,0.5738,0.5746,0.4933,0.0,493.0,-1249.0,-44.0,2.0,3.0,2.0,0.3068,0.3671,0.5,0.3068,0.3068,584.532,1
0,Red,G2 Esports,0.6497,Gwen,Jarvan IV,Viktor,Aphelios,Thresh,0.3798,0.4361,0.6449,0.5538,0.5369,1.0,-493.0,1249.0,44.0,2.0,5.0,2.0,0.5476,0.6497,0.6497,0.5,0.5,-417.891,0
0,Blue,Rogue,0.6038,Graves,Hecarim,Orianna,Aphelios,Nautilus,0.5947,0.5314,0.6144,0.5009,0.2126,0.0,2020.0,1057.0,4.0,8.0,19.0,9.0,0.6038,0.5,0.6038,0.5,0.6038,103.6599,1
0,Red,KOI,0.5277,Jayce,Lee Sin,Ryze,Jhin,Leona,0.4525,0.5512,0.5177,0.3438,0.5416,1.0,-2020.0,-1057.0,-4.0,9.0,20.0,8.0,0.5277,0.5277,0.5,0.5,0.5277,845.3244,0
0,Blue,Excel Esports,0.4996,Gwen,Xin Zhao,Veigar,Jinx,Thresh,0.3432,0.5465,0.5,0.6153,0.4857,0.0,681.0,-550.0,-17.0,6.0,9.0,4.0,0.5,0.5188,0.4957,0.4996,0.5238,-58.4442,1
0,Red,Astralis,0.2856,Graves,Viego,Ryze,Aphelios,Nautilus,0.6338,0.3103,0.4681,0.5486,0.2879,1.0,-681.0,550.0,17.0,4.0,8.0,6.0,0.2856,0.2856,0.5,0.3151,0.2856,497.5706,0
0,Blue,SK Gaming,0.3732,Graves,Hecarim,Corki,Jinx,Leona,0.5727,0.5766,0.6815,0.6521,0.49,0.0,-478.0,-1763.0,-39.0,1.0,2.0,1.0,0.3732,0.4283,0.5,0.3732,0.3732,737.5862,1
0,Red,Team BDS,0.5,Tryndamere,Gwen,LeBlanc,Aphelios,Lulu,0.5,0.4065,0.3317,0.4962,0.5289,1.0,478.0,1763.0,39.0,1.0,2.0,1.0,0.3104,0.5,0.1772,0.5,0.1922,143.5752,0
0,Blue,KOI,0.4774,Wukong,Volibear,Vex,Jinx,Nautilus,0.5,0.5414,0.5,0.6854,0.2604,1.0,3224.0,642.0,-8.0,6.0,9.0,0.0,0.4774,0.4774,0.5,0.5,0.4774,87.9177,0
0,Red,Misfits Gaming,0.6436,Graves,Lee Sin,Corki,Aphelios,Thresh,0.6138,0.4987,0.7161,0.4489,0.5347,0.0,-3224.0,-642.0,8.0,0.0,0.0,6.0,0.6436,0.5,0.6436,0.5489,0.5,577.2888,1
0,Blue,Team Vitality,0.5031,Camille,Diana,Galio,Ezreal,Rakan,0.7154,0.5063,0.5,0.5201,0.582,0.0,251.0,-114.0,-7.0,2.0,3.0,1.0,0.5,0.5042,0.5,0.609,0.5031,-154.939,0
0,Red,Rogue,0.6415,Graves,Xin Zhao,Orianna,Jhin,Tahm Kench,0.651,0.5897,0.6511,0.3108,0.4236,1.0,-251.0,114.0,7.0,1.0,2.0,2.0,0.6415,0.5,0.6415,0.5,0.6415,223.1705,1
0,Blue,Fnatic,0.5893,Camille,Diana,Twisted Fate,Jinx,Pyke,0.6458,0.4546,0.7192,0.6199,0.5,1.0,3383.0,3383.0,32.0,3.0,5.0,1.0,0.5637,0.566,0.6605,0.5893,0.5893,1474.0236,1
0,Red,G2 Esports,0.5877,Jayce,Volibear,Ryze,Aphelios,Leona,0.4093,0.4891,0.4233,0.5014,0.5386,0.0,-3383.0,-3383.0,-32.0,1.0,2.0,3.0,0.4953,0.5877,0.5877,0.5,0.5,788.5481,0
0,Blue,Excel Esports,0.5476,Kled,Hecarim,Viktor,Jinx,Lulu,0.5,0.6173,0.5827,0.6562,0.4736,0.0,1995.0,-990.0,-66.0,6.0,8.0,3.0,0.5,0.5692,0.5448,0.5476,0.5693,515.1957,1
0,Red,KOI,0.4319,Aatrox,Viego,Ahri,Aphelios,Pyke,0.6224,0.2808,0.5,0.4536,0.5,1.0,-1995.0,990.0,66.0,3.0,5.0,6.0,0.4319,0.4319,0.5,0.5,0.4319,-163.8196,0
0,Blue,Astralis,0.2582,Gnar,Jarvan IV,Vex,Zeri,Leona,0.4549,0.3926,0.5,0.5,0.4873,0.0,-3725.0,-2318.0,-65.0,5.0,8.0,8.0,0.2582,0.2582,0.5,0.285,0.2582,257.4912,0
0,Red,Team BDS,0.5,Olaf,Hecarim,Viktor,Jinx,Nautilus,0.5691,0.6542,0.6229,0.689,0.2355,1.0,3725.0,2318.0,65.0,8.0,15.0,5.0,0.2807,0.5,0.1595,0.5,0.1739,233.2238,1
0,Blue,SK Gaming,0.4332,Aatrox,Hecarim,Viktor,Aphelios,Rakan,0.5557,0.6874,0.6592,0.4103,0.5264,0.0,133.0,-433.0,-59.0,6.0,8.0,1.0,0.4332,0.4835,0.5,0.4332,0.4332,63.9984,0
0,Red,Team Vitality,0.455,Gangplank,Xin Zhao,Zilean,Jinx,Tahm Kench,0.6084,0.6289,0.5,0.7187,0.4853,1.0,-133.0,433.0,59.0,1.0,1.0,6.0,0.5,0.456,0.5,0.5509,0.455,1152.3251,1
0,Blue,Fnatic,0.6284,Jayce,Diana,Twisted Fate,Aphelios,Nautilus,0.3702,0.5099,0.746,0.3712,0.3085,1.0,-329.0,-1025.0,-22.0,3.0,7.0,4.0,0.6053,0.6074,0.6929,0.6284,0.6284,1673.2679,1
0,Red,Rogue,0.6757,Graves,Xin Zhao,Orianna,Jinx,Tahm Kench,0.6845,0.6643,0.6844,0.7456,0.5398,0.0,329.0,1025.0,22.0,4.0,8.0,3.0,0.6757,0.5,0.6757,0.6879,0.6757,682.0381,0
0,Blue,G2 Esports,0.5317,Tryndamere,Viego,Ahri,Jinx,Pyke,0.5,0.254,0.5,0.6744,0.5,1.0,8025.0,4474.0,112.0,8.0,10.0,2.0,0.4481,0.5317,0.5317,0.5,0.5,383.0621,0
0,Red,Misfits Gaming,0.6777,Gwen,Xin Zhao,Akali,Zeri,Yuumi,0.3673,0.6009,0.5662,0.5,0.5,0.0,-8025.0,-4474.0,-112.0,2.0,4.0,8.0,0.6777,0.5,0.6777,0.5919,0.5,-512.9722,1
0,Blue,Misfits Gaming,0.7084,Aatrox,Lee Sin,Syndra,Jinx,Thresh,0.4969,0.5465,0.4245,0.6101,0.5791,1.0,551.0,138.0,0.0,2.0,4.0,1.0,0.7084,0.5,0.7084,0.6309,0.5,48.1865,0
0,Red,Team Vitality,0.5071,Gnar,Xin Zhao,Twisted Fate,Aphelios,Tahm Kench,0.4112,0.639,0.7703,0.4312,0.4833,0.0,-551.0,-138.0,0.0,1.0,2.0,2.0,0.5,0.5079,0.5,0.5937,0.5071,492.5534,1
0,Blue,SK Gaming,0.3918,Gnar,Volibear,LeBlanc,Jinx,Tahm Kench,0.4678,0.4419,0.2992,0.5519,0.5369,1.0,-2692.0,-946.0,-10.0,0.0,0.0,1.0,0.3918,0.4369,0.5,0.3918,0.3918,992.6104,0
0,Red,Astralis,0.2335,Graves,Trundle,Twisted Fate,Aphelios,Leona,0.6188,0.5108,0.7922,0.4854,0.4409,0.0,2692.0,946.0,10.0,1.0,2.0,0.0,0.2335,0.2335,0.5,0.2578,0.2335,-28.6297,1
0,Blue,Excel Esports,0.591,Gwen,Lee Sin,Corki,Jinx,Tahm Kench,0.4282,0.4944,0.7465,0.4992,0.4816,0.0,-4737.0,-3565.0,-57.0,1.0,0.0,5.0,0.5,0.6139,0.5891,0.591,0.6103,607.6426,0
0,Red,Rogue,0.6113,Graves,Viego,Viktor,Aphelios,Rakan,0.6554,0.2298,0.5958,0.5345,0.4762,1.0,4737.0,3565.0,57.0,5.0,7.0,1.0,0.6113,0.5,0.6113,0.6133,0.6113,225.3103,1
0,Blue,G2 Esports,0.481,Akshan,Xin Zhao,Sylas,Jinx,Tahm Kench,0.5,0.6734,0.3488,0.4516,0.4325,0.0,1526.0,1021.0,2.0,2.0,1.0,1.0,0.4053,0.481,0.481,0.5,0.5,-926.0426,1
0,Red,Team BDS,0.5,Sion,Hecarim,Kog'Maw,Varus,Zilean,0.2812,0.6214,0.5,0.4393,0.5,1.0,-1526.0,-1021.0,-2.0,1.0,1.0,2.0,0.3495,0.5,0.2429,0.5,0.2527,-206.0364,0
0,Blue,Fnatic,0.6638,Gwen,Viego,Viktor,Jinx,Pyke,0.387,0.3032,0.6346,0.5039,0.5,1.0,-856.0,1057.0,48.0,0.0,0.0,1.0,0.6429,0.6449,0.7221,0.6638,0.6638,25.7013,1
0,Red,KOI,0.3908,Aatrox,Hecarim,Ryze,Aphelios,Rakan,0.4449,0.5618,0.3828,0.5788,0.5262,0.0,856.0,-1057.0,-48.0,1.0,4.0,0.0,0.3908,0.3908,0.5,0.5,0.3908,340.5136,0
0,Blue,SK Gaming,0.3543,Gwen,Lee Sin,Ryze,Jinx,Leona,0.4459,0.4473,0.3461,0.5512,0.4941,0.0,382.0,811.0,-2.0,2.0,4.0,1.0,0.3543,0.3948,0.5,0.3543,0.3543,-72.4738,1
0,Red,Rogue,0.6483,Graves,Xin Zhao,Orianna,Aphelios,Rakan,0.6884,0.7045,0.6192,0.5237,0.476,1.0,-382.0,-811.0,2.0,1.0,2.0,2.0,0.6483,0.5,0.6483,0.6547,0.6483,322.8935,0
0,Blue,Astralis,0.3069,Graves,Trundle,Vex,Jinx,Leona,0.6225,0.5608,0.5,0.594,0.5423,0.0,-4576.0,-1183.0,-30.0,2.0,3.0,5.0,0.3069,0.3069,0.5,0.3286,0.3069,183.2133,0
0,Red,Misfits Gaming,0.6408,Gnar,Hecarim,Syndra,Aphelios,Rakan,0.4228,0.5079,0.3837,0.4738,0.4306,1.0,4576.0,1183.0,30.0,5.0,8.0,2.0,0.6408,0.5,0.6408,0.5707,0.5,593.5166,1
0,Blue,Team Vitality,0.5542,Renekton,Diana,Yasuo,Xayah,Nautilus,0.563,0.5593,0.5,0.4674,0.3746,0.0,1643.0,36.0,50.0,3.0,4.0,3.0,0.5,0.5549,0.5,0.6324,0.5542,881.6007,0
0,Red,KOI,0.3535,Gnar,Poppy,Twisted Fate,Jinx,Alistar,0.4782,0.5,0.8121,0.5374,0.5687,1.0,-1643.0,-36.0,-50.0,3.0,9.0,3.0,0.3535,0.3535,0.5,0.5,0.3535,661.8071,1
0,Blue,G2 Esports,0.5305,Akshan,Diana,Azir,Jhin,Tahm Kench,0.5,0.5032,0.1965,0.3769,0.49,0.0,2599.0,1193.0,18.0,5.0,8.0,2.0,0.462,0.5305,0.5305,0.5,0.5,497.5291,1
0,Red,Excel Esports,0.5343,Gwen,Jarvan IV,Ryze,Varus,Yuumi,0.4991,0.3536,0.4087,0.3967,0.5,1.0,-2599.0,-1193.0,-18.0,2.0,3.0,5.0,0.5,0.5507,0.5319,0.5343,0.5521,-439.9825,0
0,Blue,Team BDS,0.5,Aatrox,Xin Zhao,Ahri,Aphelios,Tahm Kench,0.3987,0.6374,0.5,0.5239,0.5414,0.0,-3792.0,-3035.0,-85.0,6.0,8.0,9.0,0.3161,0.5,0.2189,0.5,0.2286,-479.742,0
0,Red,Fnatic,0.6959,Graves,Hecarim,Ryze,Caitlyn,Renata Glasc,0.5628,0.5551,0.3696,0.5,0.5,1.0,3792.0,3035.0,85.0,8.0,11.0,6.0,0.6769,0.6788,0.7486,0.6959,0.6959,269.2664,1
0,Blue,Excel Esports,0.4832,Gnar,Viego,Ryze,Jinx,Thresh,0.5283,0.3696,0.4298,0.5815,0.5239,0.0,3042.0,1342.0,5.0,3.0,8.0,0.0,0.5,0.4945,0.4804,0.4832,0.4995,28.3484,1
0,Red,SK Gaming,0.416,Graves,Lee Sin,Orianna,Aphelios,Renata Glasc,0.6047,0.5,0.5602,0.474,0.5,1.0,-3042.0,-1342.0,-5.0,0.0,0.0,3.0,0.416,0.453,0.5,0.416,0.416,62.0441,0
0,Blue,Astralis,0.2775,Lee Sin,Hecarim,Ryze,Aphelios,Leona,0.4523,0.5977,0.4843,0.4288,0.4907,0.0,1844.0,184.0,11.0,2.0,4.0,1.0,0.2775,0.2775,0.5,0.2972,0.2775,-217.7821,0
0,Red,KOI,0.4151,Gnar,Xin Zhao,Twisted Fate,Jinx,Alistar,0.5735,0.5766,0.83,0.6214,0.6098,1.0,-1844.0,-184.0,-11.0,1.0,3.0,2.0,0.4151,0.4151,0.5,0.5,0.4151,351.4938,1
0,Blue,Rogue,0.5866,Gnar,Poppy,Ryze,Caitlyn,Lux,0.6143,0.5,0.4381,0.5,0.5,0.0,4414.0,1653.0,45.0,4.0,6.0,3.0,0.5866,0.5,0.5866,0.5854,0.5866,67.8142,1
0,Red,Team BDS,0.5,Gwen,Jarvan IV,LeBlanc,Aphelios,Leona,0.4512,0.3187,0.27,0.388,0.4439,1.0,-4414.0,-1653.0,-45.0,3.0,8.0,4.0,0.2859,0.5,0.1973,0.5,0.2068,-948.5981,0
0,Blue,Misfits Gaming,0.6751,Camille,Lee Sin,Viktor,Jinx,Tahm Kench,0.6802,0.4093,0.6697,0.6574,0.4871,0.0,-2080.0,331.0,34.0,4.0,3.0,9.0,0.6751,0.5,0.6751,0.6116,0.5,95.2663,1
0,Red,Fnatic,0.7248,Jayce,Hecarim,Akali,Aphelios,Thresh,0.4303,0.5405,0.6085,0.351,0.5693,1.0,2080.0,-331.0,-34.0,9.0,14.0,4.0,0.7077,0.7094,0.7726,0.7248,0.7248,-111.1168,0
0,Blue,Team Vitality,0.5013,Gangplank,Hecarim,Syndra,Caitlyn,Tahm Kench,0.6481,0.4888,0.4429,0.5,0.5383,1.0,-283.0,-679.0,78.0,1.0,0.0,3.0,0.5,0.502,0.5,0.5722,0.5013,839.9758,0
0,Red,G2 Esports,0.5752,Tryndamere,Xin Zhao,Corki,Ezreal,Karma,0.5,0.617,0.6675,0.4699,0.3504,0.0,283.0,679.0,-78.0,3.0,3.0,1.0,0.5134,0.5752,0.5752,0.5,0.5,-765.2992,1
0,Blue,SK Gaming,0.3763,Tryndamere,Jarvan IV,Ryze,Kalista,Nautilus,0.5,0.2873,0.4917,0.4599,0.3388,1.0,2261.0,2902.0,37.0,10.0,19.0,8.0,0.3763,0.4095,0.5,0.3763,0.3763,409.4868,1
0,Red,Misfits Gaming,0.7061,Gnar,Xin Zhao,LeBlanc,Jhin,Alistar,0.6512,0.6535,0.2437,0.4367,0.6469,0.0,-2261.0,-2902.0,-37.0,8.0,17.0,10.0,0.7061,0.5,0.7061,0.6487,0.5,-567.9498,0
0,Blue,Team Vitality,0.4534,Gnar,Xin Zhao,Ryze,Jinx,Tahm Kench,0.5889,0.5912,0.5402,0.6901,0.4848,1.0,2.0,-570.0,3.0,4.0,5.0,3.0,0.5,0.4541,0.5,0.5177,0.4534,-383.9184,1
0,Red,Astralis,0.251,Graves,Jarvan IV,Vex,Aphelios,Alistar,0.5468,0.3573,0.5,0.3175,0.5853,0.0,-2.0,570.0,-3.0,3.0,4.0,4.0,0.251,0.251,0.5,0.2689,0.251,-507.4718,0
0,Blue,KOI,0.4709,Aatrox,Viego,Twisted Fate,Aphelios,Nautilus,0.3577,0.4296,0.8463,0.2873,0.4019,0.0,1512.0,2721.0,12.0,9.0,24.0,6.0,0.4709,0.4709,0.5,0.5,0.4709,107.9002,1
0,Red,Team BDS,0.5,Darius,Diana,Yasuo,Jinx,Braum,0.5,0.5528,0.5,0.7196,0.5915,1.0,-1512.0,-2721.0,-12.0,6.0,15.0,9.0,0.2585,0.5,0.178,0.5,0.1871,692.6185,0
0,Blue,Fnatic,0.6558,Jayce,Viego,LeBlanc,Zeri,Renata Glasc,0.3893,0.484,0.22,0.5,0.5,1.0,6278.0,2285.0,58.0,11.0,16.0,6.0,0.6403,0.6418,0.6989,0.6558,0.6558,326.7362,1
0,Red,Excel Esports,0.5326,Camille,Xin Zhao,Lissandra,Jinx,Nautilus,0.7111,0.6302,0.5,0.6511,0.459,0.0,-6278.0,-2285.0,-58.0,6.0,9.0,11.0,0.5,0.5458,0.5307,0.5326,0.5472,-416.1783,0
0,Blue,Rogue,0.626,Gnar,Hecarim,Viktor,Zeri,Galio,0.6282,0.442,0.7014,0.5,0.3288,1.0,3091.0,3769.0,103.0,8.0,12.0,4.0,0.626,0.5,0.626,0.6288,0.626,29.2846,1
0,Red,G2 Esports,0.6157,Akshan,Xin Zhao,Twisted Fate,Tristana,Alistar,0.5,0.5701,0.8609,0.3878,0.5296,0.0,-3091.0,-3769.0,-103.0,4.0,5.0,8.0,0.5598,0.6157,0.6157,0.5,0.5,15.1243,0
1,Blue,Rogue,0.6616,Rumble,Jarvan IV,Lucian,Caitlyn,Lux,0.4627,0.3223,0.35,0.5,0.5,1.0,1724.0,1130.0,13.0,3.0,3.0,1.0,0.6616,0.5,0.6616,0.6673,0.6616,612.9734,1
1,Red,Misfits Gaming,0.6387,Gnar,Xin Zhao,Zoe,Zeri,Leona,0.6638,0.5158,0.5,0.5,0.4016,0.0,-1724.0,-1130.0,-13.0,1.0,2.0,3.0,0.6387,0.5,0.6387,0.5868,0.5,-495.2724,0
1,Blue,Misfits Gaming,0.5778,Camille,Lee Sin,Syndra,Xayah,Nautilus,0.6424,0.4655,0.4004,0.4227,0.4152,0.0,-3015.0,-884.0,9.0,2.0,3.0,4.0,0.5778,0.5,0.5778,0.5309,0.5,-238.1536,0
1,Red,Rogue,0.6938,Jayce,Volibear,Azir,Aphelios,Rakan,0.4475,0.3994,0.2743,0.3552,0.4849,1.0,3015.0,884.0,-9.0,4.0,5.0,2.0,0.6938,0.5,0.6938,0.7016,0.6938,670.2964,1
1,Blue,Misfits Gaming,0.5227,Camille,Lee Sin,LeBlanc,Xayah,Rakan,0.5804,0.4212,0.2957,0.3824,0.534,1.0,3243.0,3209.0,21.0,7.0,8.0,5.0,0.5227,0.5304,0.5227,0.4802,0.5304,-221.1299,1
1,Red,Rogue,0.723,Jayce,Jarvan IV,Kai'Sa,Aphelios,Nautilus,0.5002,0.3885,0.7244,0.4166,0.3756,0.0,-3243.0,-3209.0,-21.0,5.0,12.0,7.0,0.723,0.7806,0.723,0.732,0.723,64.3221,0
1,Blue,Rogue,0.6541,Gnar,Jarvan IV,Orianna,Zeri,Yuumi,0.6003,0.3506,0.5068,0.5,0.5,1.0,3561.0,2462.0,15.0,8.0,12.0,2.0,0.6541,0.6959,0.6541,0.6578,0.6541,-160.9189,1
1,Red,Misfits Gaming,0.5682,Kennen,Hecarim,Akali,Xayah,Rakan,0.5,0.4954,0.5493,0.4413,0.5784,0.0,-3561.0,-2462.0,-15.0,2.0,5.0,8.0,0.5682,0.5813,0.5682,0.5298,0.5813,312.3313,0
1,Blue,Fnatic,0.6886,Jayce,Viego,LeBlanc,Zeri,Renata Glasc,0.4525,0.5331,0.3639,0.5,0.5,1.0,2121.0,2986.0,31.0,5.0,11.0,3.0,0.6746,0.6759,0.7276,0.6886,0.6886,570.9174,1
1,Red,G2 Esports,0.5571,Yone,Lee Sin,Lissandra,Aphelios,Nautilus,0.5,0.4763,0.5,0.3769,0.3398,0.0,-2121.0,-2986.0,-31.0,3.0,6.0,5.0,0.5064,0.5571,0.5571,0.5,0.5,-131.3452,0
1,Blue,G2 Esports,0.504,Gnar,Hecarim,Karma,Aphelios,Braum,0.6385,0.448,0.4192,0.341,0.5347,0.0,1331.0,-1525.0,-34.0,2.0,4.0,1.0,0.4581,0.504,0.504,0.5,0.5,-251.0784,1
1,Red,Fnatic,0.7182,Ornn,Viego,LeBlanc,Xayah,Nautilus,0.5,0.5776,0.4254,0.3992,0.3074,1.0,-1331.0,1525.0,34.0,1.0,3.0,2.0,0.7056,0.7068,0.7536,0.7182,0.7182,213.095,0
1,Blue,Fnatic,0.6498,Camille,Volibear,LeBlanc,Zeri,Braum,0.6208,0.4572,0.3843,0.5,0.5793,1.0,5869.0,2920.0,53.0,11.0,19.0,5.0,0.6383,0.6394,0.6818,0.6498,0.6498,-176.5846,1
1,Red,G2 Esports,0.5512,Gnar,Lee Sin,Ahri,Aphelios,Nautilus,0.673,0.4309,0.5,0.4038,0.2781,0.0,-5869.0,-2920.0,-53.0,5.0,9.0,11.0,0.5098,0.5512,0.5512,0.5645,0.5645,-386.4395,0
1,Blue,G2 Esports,0.4987,Camille,Trundle,Orianna,Aphelios,Rakan,0.6573,0.5039,0.5538,0.3653,0.5233,0.0,48.0,-1273.0,-13.0,7.0,12.0,7.0,0.4612,0.4987,0.4987,0.5032,0.5032,-204.7183,0
1,Red,Fnatic,0.6832,Gnar,Volibear,LeBlanc,Xayah,Zilean,0.6088,0.5093,0.4437,0.3611,0.5,1.0,-48.0,1273.0,13.0,7.0,13.0,7.0,0.6728,0.6738,0.7121,0.6832,0.6832,320.4466,1
1,Blue,Excel Esports,0.4817,Irelia,Viego,Lissandra,Jinx,Lulu,0.5,0.5226,0.5,0.589,0.5282,0.0,2298.0,-999.0,-26.0,3.0,7.0,0.0,0.5,0.4908,0.4794,0.4817,0.4951,-57.3617,1
1,Red,Team Vitality,0.5056,Gangplank,Lee Sin,LeBlanc,Xayah,Nautilus,0.5828,0.3899,0.4973,0.4221,0.2515,1.0,-2298.0,999.0,26.0,0.0,0.0,3.0,0.5,0.5061,0.5,0.5636,0.5056,202.464,0
1,Blue,Team Vitality,0.4573,Gnar,Olaf,Viktor,Zeri,Renata Glasc,0.6461,0.6115,0.73,0.5,0.5,1.0,-2261.0,-1805.0,12.0,3.0,3.0,6.0,0.5,0.4579,0.5,0.5099,0.4573,42.0535,1
1,Red,Excel Esports,0.5312,Tryndamere,Volibear,Ryze,Jinx,Zilean,0.5,0.5564,0.5841,0.6282,0.5,0.0,2261.0,1805.0,-12.0,6.0,11.0,3.0,0.5,0.5418,0.5296,0.5312,0.5432,105.4942,0
1,Blue,Excel Esports,0.4805,Camille,Trundle,Corki,Jinx,Nautilus,0.5941,0.4531,0.7023,0.5683,0.2276,0.0,-944.0,-1443.0,-37.0,2.0,3.0,3.0,0.4927,0.4878,0.4786,0.4805,0.4914,-187.3417,1
1,Red,Team Vitality,0.5091,Jax,Volibear,Orianna,Aphelios,Thresh,0.5,0.5031,0.5011,0.3305,0.515,1.0,944.0,1443.0,37.0,3.0,2.0,3.0,0.5205,0.5096,0.5205,0.5566,0.5091,20.9641,0
1,Blue,Team Vitality,0.4605,Gnar,Volibear,Corki,Aphelios,Tahm Kench,0.6799,0.4548,0.7332,0.2991,0.5358,0.0,2993.0,2246.0,44.0,3.0,3.0,3.0,0.464,0.461,0.464,0.5036,0.4605,-137.4863,1
1,Red,Excel Esports,0.5301,Gangplank,Viego,Kai'Sa,Jinx,Nautilus,0.5244,0.568,0.6554,0.6095,0.3012,1.0,-2993.0,-2246.0,-44.0,3.0,5.0,3.0,0.5477,0.5386,0.5288,0.5301,0.5399,65.8843,0
1,Blue,Excel Esports,0.4795,Mordekaiser,Xin Zhao,Corki,Caitlyn,Lux,0.5,0.4666,0.7606,0.5,0.5,1.0,-2490.0,-2546.0,-60.0,0.0,0.0,4.0,0.4891,0.4854,0.478,0.4795,0.4884,-190.2583,0
1,Red,Team Vitality,0.512,Camille,Olaf,Orianna,Aphelios,Nautilus,0.6331,0.6497,0.4533,0.3658,0.2725,0.0,2490.0,2546.0,60.0,4.0,6.0,0.0,0.5214,0.5124,0.5214,0.5509,0.512,-213.2024,1
1,Blue,G2 Esports,0.4512,Gnar,Viego,Lissandra,Zeri,Rakan,0.7104,0.5139,0.5,0.5,0.4734,0.0,-1592.0,-3412.0,-51.0,0.0,0.0,3.0,0.4172,0.4512,0.4512,0.4494,0.4494,304.3353,1
1,Red,Team Vitality,0.5586,Camille,Xin Zhao,LeBlanc,Aphelios,Nautilus,0.6684,0.4222,0.4494,0.4262,0.3418,1.0,1592.0,3412.0,51.0,3.0,5.0,0.0,0.5721,0.5589,0.5721,0.5937,0.5586,-379.5333,0
1,Blue,Team Vitality,0.5053,Camille,Hecarim,Ahri,Aphelios,Zilean,0.6042,0.5007,0.5,0.3856,0.5,0.0,-1394.0,325.0,37.0,5.0,6.0,6.0,0.5121,0.5056,0.5121,0.5371,0.5053,224.6442,0
1,Red,G2 Esports,0.5035,Jax,Volibear,Sylas,Jinx,Rakan,0.5,0.5071,0.4119,0.5514,0.5236,1.0,1394.0,-325.0,-37.0,6.0,4.0,5.0,0.4728,0.5035,0.5035,0.5076,0.5076,-549.9784,1
1,Blue,Team Vitality,0.4571,Jayce,Volibear,Akali,Aphelios,Renata Glasc,0.5047,0.5543,0.496,0.3489,0.5,1.0,4218.0,1204.0,5.0,3.0,2.0,0.0,0.459,0.4574,0.459,0.4859,0.4571,-83.6582,0
1,Red,G2 Esports,0.5508,Irelia,Viego,Ahri,Jinx,Lulu,0.5,0.5602,0.5,0.5941,0.5767,0.0,-4218.0,-1204.0,-5.0,0.0,0.0,3.0,0.523,0.5508,0.5508,0.5592,0.5592,1.9562,1
1,Blue,Rogue,0.6871,Gnar,Lee Sin,Viktor,Jinx,Lulu,0.7381,0.3528,0.7558,0.6328,0.6199,0.0,-839.0,636.0,-8.0,4.0,4.0,4.0,0.6871,0.7285,0.6871,0.6923,0.6871,-368.6605,0
1,Red,Fnatic,0.7134,Jayce,Volibear,Corki,Xayah,Pyke,0.4566,0.5012,0.683,0.3818,0.5,1.0,839.0,-636.0,8.0,4.0,5.0,4.0,0.704,0.7049,0.7395,0.7134,0.7134,500.3033,1
1,Blue,Rogue,0.6216,Gnar,Jarvan IV,Viktor,Aphelios,Lulu,0.6677,0.4137,0.6835,0.3157,0.5571,0.0,-1183.0,1349.0,-14.0,4.0,4.0,5.0,0.6216,0.6514,0.6216,0.6229,0.6216,339.0559,0
1,Red,Fnatic,0.7407,Gangplank,Volibear,Orianna,Caitlyn,Thresh,0.4721,0.5489,0.5054,0.5,0.4659,1.0,1183.0,-1349.0,14.0,5.0,6.0,4.0,0.7322,0.733,0.7643,0.7407,0.7407,320.8185,1
1,Blue,Fnatic,0.7654,Sion,Diana,Twisted Fate,Jinx,Thresh,0.2529,0.4979,0.7788,0.5725,0.5168,1.0,-2333.0,-157.0,24.0,3.0,3.0,9.0,0.7577,0.7585,0.7868,0.7654,0.7654,68.0518,0
1,Red,Rogue,0.5624,Jayce,Hecarim,Sylas,Aphelios,Rakan,0.5084,0.4529,0.4687,0.2856,0.569,0.0,2333.0,157.0,-24.0,9.0,15.0,3.0,0.5624,0.5832,0.5624,0.5608,0.5624,-160.3344,1
1,Blue,Fnatic,0.6925,Aatrox,Viego,Twisted Fate,Jinx,Braum,0.4233,0.6021,0.7045,0.518,0.6196,0.0,-7102.0,-4172.0,-1.0,1.0,2.0,13.0,0.6855,0.6862,0.7118,0.6925,0.6925,-729.4761,0
1,Red,Rogue,0.6041,Ornn,Hecarim,Sylas,Aphelios,Rakan,0.5,0.5052,0.52,0.3536,0.6101,1.0,7102.0,4172.0,1.0,13.0,23.0,1.0,0.6041,0.6264,0.6041,0.6044,0.6041,25.9837,1
1,Blue,Fnatic,0.6265,Camille,Viego,Twisted Fate,Jinx,Thresh,0.5463,0.5448,0.6373,0.4686,0.4676,1.0,-2458.0,201.0,34.0,3.0,5.0,6.0,0.6202,0.6208,0.644,0.6265,0.6265,-1476.8757,0
1,Red,Rogue,0.6418,Gnar,Trundle,Sylas,Aphelios,Rakan,0.604,0.5079,0.5663,0.4152,0.6472,0.0,2458.0,-201.0,-34.0,6.0,7.0,3.0,0.6418,0.6648,0.6418,0.6435,0.6418,22.2562,1
1,Blue,Misfits Gaming,0.514,Gnar,Viego,Vex,Jinx,Leona,0.6418,0.4929,0.5,0.424,0.3634,0.0,-3153.0,-1652.0,12.0,2.0,1.0,7.0,0.514,0.5191,0.514,0.4793,0.5191,-746.0039,0
1,Red,G2 Esports,0.5936,Camille,Jarvan IV,LeBlanc,Xayah,Renata Glasc,0.4939,0.3736,0.4062,0.4408,0.5,1.0,3153.0,1652.0,-12.0,7.0,8.0,2.0,0.5685,0.5936,0.5936,0.6049,0.6049,-380.2526,1
1,Blue,Misfits Gaming,0.465,Camille,Trundle,LeBlanc,Jinx,Tahm Kench,0.5424,0.557,0.4632,0.3836,0.5815,0.0,-5015.0,-2354.0,-46.0,2.0,1.0,6.0,0.465,0.4642,0.465,0.4336,0.4642,-1135.1914,0
1,Red,G2 Esports,0.6323,Jax,Viego,Lissandra,Aphelios,Rakan,0.5,0.4459,0.5,0.4709,0.6808,1.0,5015.0,2354.0,46.0,6.0,8.0,2.0,0.6096,0.6323,0.6323,0.6456,0.6456,356.8342,1
1,Blue,G2 Esports,0.6673,Tryndamere,Hecarim,Cassiopeia,Jinx,Renata Glasc,0.5,0.5524,0.5,0.3471,0.5,1.0,4211.0,856.0,69.0,9.0,16.0,7.0,0.6468,0.6673,0.6673,0.6817,0.6817,-256.4192,1
1,Red,Misfits Gaming,0.4207,Fiora,Viego,Sylas,Aphelios,Leona,0.5,0.4987,0.6081,0.5213,0.3288,0.0,-4211.0,-856.0,-69.0,7.0,8.0,9.0,0.4207,0.4155,0.4207,0.3923,0.4155,12.9628,0
1,Blue,Fnatic,0.5668,Jayce,Diana,Twisted Fate,Jinx,Thresh,0.5553,0.4487,0.5765,0.4093,0.423,0.0,-2261.0,-1777.0,26.0,3.0,5.0,8.0,0.5611,0.5616,0.5827,0.5668,0.5668,-259.1408,0
1,Red,G2 Esports,0.699,Ornn,Jarvan IV,Ahri,Aphelios,Renata Glasc,0.5,0.4343,0.5,0.4716,0.5,1.0,2261.0,1777.0,-26.0,8.0,12.0,3.0,0.6805,0.699,0.699,0.714,0.714,229.2135,1
1,Blue,Fnatic,0.5128,Gragas,Lee Sin,Kai'Sa,Aphelios,Thresh,0.3559,0.3192,0.593,0.522,0.3827,0.0,-1476.0,-997.0,0.0,4.0,8.0,6.0,0.5077,0.5081,0.5272,0.5128,0.5128,-802.3719,0
1,Red,G2 Esports,0.7277,Ornn,Jarvan IV,Ahri,Xayah,Nautilus,0.5,0.489,0.5,0.4941,0.3092,1.0,1476.0,997.0,0.0,6.0,10.0,4.0,0.7109,0.7277,0.7277,0.7428,0.7428,105.8299,1
1,Blue,Fnatic,0.464,Gangplank,Hecarim,Viktor,Aphelios,Nautilus,0.5245,0.5951,0.6181,0.4723,0.3751,0.0,-1253.0,1462.0,70.0,3.0,7.0,5.0,0.4593,0.4597,0.477,0.464,0.464,1021.9522,0
1,Red,G2 Esports,0.7536,Gnar,Volibear,Sylas,Xayah,Braum,0.5806,0.5921,0.5496,0.5423,0.5603,1.0,1253.0,-1462.0,-70.0,5.0,9.0,3.0,0.7384,0.7536,0.7536,0.7686,0.7686,-43.0572,1
1,Blue,Rogue,0.6759,Rumble,Xin Zhao,Lucian,Aphelios,Leona,0.5172,0.382,0.412,0.4273,0.2975,0.0,-575.0,1219.0,36.0,2.0,2.0,2.0,0.6759,0.699,0.6759,0.6786,0.6759,723.554,0
1,Red,G2 Esports,0.7771,Tryndamere,Jarvan IV,Ahri,Miss Fortune,Rakan,0.5,0.5383,0.5,0.5,0.7112,1.0,575.0,-1219.0,-36.0,2.0,2.0,2.0,0.7634,0.7771,0.7771,0.7917,0.7917,157.8091,1
1,Blue,Rogue,0.6115,Gwen,Volibear,Azir,Jinx,Nautilus,0.408,0.6311,0.3445,0.3703,0.3393,0.0,1128.0,-405.0,22.0,1.0,1.0,2.0,0.6115,0.6282,0.6115,0.612,0.6115,-296.0603,0
1,Red,G2 Esports,0.7983,Ornn,Jarvan IV,Corki,Xayah,Renata Glasc,0.5,0.5828,0.7151,0.586,0.5,1.0,-1128.0,405.0,-22.0,2.0,2.0,1.0,0.7859,0.7983,0.7983,0.8124,0.8124,214.1104,1
1,Blue,G2 Esports,0.8175,Ornn,Trundle,Ahri,Xayah,Pyke,0.5,0.5017,0.5,0.6254,0.5,0.0,-3337.0,391.0,-9.0,7.0,12.0,8.0,0.8063,0.8175,0.8175,0.8309,0.8309,-210.3327,1
1,Red,Rogue,0.5533,Jayce,Jarvan IV,Twisted Fate,Jinx,Braum,0.5023,0.623,0.5215,0.335,0.6024,1.0,3337.0,-391.0,9.0,8.0,16.0,7.0,0.5533,0.5649,0.5533,0.5521,0.5533,-946.015,0
0,Blue,Team Vitality,0.4135,Sejuani,Xin Zhao,Azir,Lucian,Nami,0.5,0.3456,0.3112,0.3727,0.5,1.0,1518.0,187.0,27.0,3.0,7.0,2.0,0.4118,0.5,0.4118,0.4397,0.4135,130.5673,0
0,Red,KOI,0.5213,Ornn,Wukong,Sylas,Zeri,Yuumi,0.6806,0.5,0.5929,0.5,0.5,0.0,-1518.0,-187.0,-27.0,2.0,2.0,3.0,0.5213,0.5213,0.5515,0.5,0.5213,-395.8203,1
0,Blue,SK Gaming,0.4358,Camille,Viego,Ahri,Kai'Sa,Nautilus,0.4905,0.4512,0.5,0.5365,0.307,1.0,-2756.0,-2703.0,-83.0,2.0,4.0,4.0,0.4358,0.4662,0.5,0.4358,0.4358,-872.85,1
0,Red,Team BDS,0.5,Gnar,Xin Zhao,Akali,Miss Fortune,Renata Glasc,0.6206,0.3127,0.448,0.5,0.5,0.0,2756.0,2703.0,83.0,4.0,4.0,2.0,0.5,0.5,0.1605,0.5,0.5,-353.0992,0
0,Blue,Excel Esports,0.4337,Gwen,Volibear,Twisted Fate,Twitch,Yuumi,0.3689,0.5708,0.4718,0.5,0.5,1.0,3797.0,904.0,-17.0,5.0,12.0,0.0,0.4373,0.4376,0.4321,0.4337,0.4419,108.8353,1
0,Red,Misfits Gaming,0.3806,Gnar,Viego,Orianna,Zeri,Nautilus,0.5614,0.5035,0.5525,0.5,0.373,0.0,-3797.0,-904.0,17.0,0.0,0.0,5.0,0.5,0.3724,0.3806,0.3549,0.3724,243.1478,0
0,Blue,G2 Esports,0.8349,Gangplank,Trundle,Zoe,Zeri,Renata Glasc,0.4727,0.551,0.5,0.5,0.5,0.0,2861.0,579.0,29.0,2.0,2.0,2.0,0.8248,0.8349,0.8349,0.8476,0.8476,-171.6962,1
0,Red,Astralis,0.227,Gwen,Volibear,Viktor,Twitch,Soraka,0.4293,0.6118,0.559,0.5,0.5,1.0,-2861.0,-579.0,-29.0,2.0,5.0,2.0,0.5,0.5,0.5,0.2432,0.5,74.3677,0
0,Blue,Rogue,0.5006,Ornn,Vi,Azir,Kalista,Renata Glasc,0.7153,0.5,0.2812,0.5126,0.5,0.0,185.0,-521.0,-39.0,2.0,2.0,3.0,0.5006,0.5083,0.5006,0.4982,0.5006,709.7902,0
0,Red,Fnatic,0.4198,Gwen,Volibear,Orianna,Draven,Morgana,0.3882,0.5533,0.4999,0.5,0.5,1.0,-185.0,521.0,39.0,3.0,3.0,2.0,0.4156,0.4159,0.4315,0.4198,0.4198,7.37,1
0,Blue,Astralis,0.2053,Ornn,Viego,Viktor,Zeri,Tahm Kench,0.6387,0.4555,0.5056,0.5,0.5244,1.0,-339.0,236.0,22.0,0.0,0.0,1.0,0.5,0.5,0.5,0.22,0.5,-890.6895,1
0,Red,Team BDS,0.5,Gwen,Volibear,Sylas,Miss Fortune,Rakan,0.4467,0.596,0.632,0.5,0.7388,0.0,339.0,-236.0,-22.0,1.0,1.0,0.0,0.5,0.5,0.1449,0.5,0.5,-152.5235,0
0,Blue,SK Gaming,0.4897,Sion,Wukong,Ahri,Jinx,Rakan,0.2275,0.5,0.5,0.3031,0.6684,0.0,-3016.0,-2955.0,-9.0,0.0,0.0,5.0,0.4897,0.5174,0.5,0.4897,0.4897,-253.9978,0
0,Red,KOI,0.5669,Jayce,Viego,Swain,Zeri,Nautilus,0.4545,0.5074,0.5,0.5,0.3375,1.0,3016.0,2955.0,9.0,5.0,12.0,0.0,0.5669,0.5669,0.5943,0.5,0.5669,-420.3281,1
0,Blue,Misfits Gaming,0.3443,Sejuani,Viego,Viktor,Senna,Tahm Kench,0.5,0.5543,0.5528,0.3724,0.571,1.0,-4935.0,-3227.0,-70.0,0.0,0.0,5.0,0.5,0.3341,0.3443,0.3211,0.3341,-1489.4226,0
0,Red,Team Vitality,0.3741,Ornn,Volibear,Corki,Ezreal,Yuumi,0.6769,0.5391,0.7438,0.521,0.5,0.0,4935.0,3227.0,70.0,5.0,9.0,0.0,0.3698,0.5,0.3698,0.3978,0.3741,-395.9343,1
0,Blue,Excel Esports,0.4877,Gangplank,Wukong,Lissandra,Kalista,Braum,0.5246,0.5,0.5,0.4627,0.5447,1.0,2470.0,353.0,-26.0,6.0,13.0,4.0,0.4962,0.4928,0.4866,0.4877,0.4951,537.7073,1
0,Red,Fnatic,0.4751,Gwen,Xin Zhao,LeBlanc,Draven,Nautilus,0.404,0.2829,0.4188,0.5,0.4006,0.0,-2470.0,-353.0,26.0,4.0,6.0,6.0,0.4712,0.4715,0.4857,0.4751,0.4751,-226.3494,0
0,Blue,G2 Esports,0.8506,Yone,Diana,Yasuo,Senna,Swain,0.5,0.4045,0.5,0.3341,0.5,0.0,-1072.0,234.0,22.0,3.0,4.0,3.0,0.8414,0.8506,0.8506,0.8625,0.8625,-406.0531,1
0,Red,Rogue,0.4529,Ornn,Wukong,Sylas,Aphelios,Renata Glasc,0.7108,0.5741,0.5713,0.3866,0.5,1.0,1072.0,-234.0,-22.0,3.0,3.0,3.0,0.4529,0.4576,0.4529,0.4496,0.4529,25.1887,0
0,Blue,Misfits Gaming,0.3115,Jax,Lillia,Sylas,Senna,Tahm Kench,0.5,0.4059,0.5165,0.4021,0.5152,1.0,-2034.0,-652.0,-18.0,5.0,5.0,6.0,0.5,0.3,0.3115,0.2905,0.3,-1316.272,0
0,Red,Astralis,0.2812,Sion,Wukong,Yone,Veigar,Pyke,0.2048,0.5119,0.5,0.5,0.5,0.0,2034.0,652.0,18.0,6.0,11.0,5.0,0.5,0.5,0.2668,0.2944,0.5,-222.1912,1
0,Blue,Team BDS,0.1357,Akali,Viego,Azir,Sion,Senna,0.4047,0.5015,0.2541,0.2838,0.3613,1.0,1146.0,1443.0,-30.0,1.0,1.0,0.0,0.5,0.1357,0.1308,0.1357,0.5,-1578.1316,0
0,Red,Team Vitality,0.4337,Gwen,Wukong,Yone,Xayah,Tahm Kench,0.3654,0.5641,0.5,0.6611,0.465,0.0,-1146.0,-1443.0,30.0,0.0,0.0,1.0,0.4337,0.5,0.4337,0.4551,0.4337,-523.9556,1
0,Blue,SK Gaming,0.443,Gangplank,Volibear,Viktor,Ezreal,Leona,0.5713,0.5831,0.5,0.5671,0.2691,1.0,-535.0,832.0,6.0,2.0,1.0,1.0,0.443,0.4678,0.4637,0.443,0.443,-496.1649,0
0,Red,Fnatic,0.4298,Kayle,Wukong,Corki,Tristana,Rakan,0.5,0.6103,0.7695,0.3507,0.6047,0.0,535.0,-832.0,-6.0,1.0,1.0,2.0,0.4264,0.4266,0.4394,0.4298,0.4298,616.7465,1
0,Blue,G2 Esports,0.8649,Gangplank,Volibear,Ahri,Lucian,Lulu,0.5154,0.5274,0.5,0.3372,0.5009,0.0,3579.0,2420.0,2.0,5.0,7.0,0.0,0.8566,0.8649,0.8649,0.876,0.876,1024.9928,1
0,Red,Excel Esports,0.5366,Gwen,Wukong,Twisted Fate,Ezreal,Nami,0.426,0.6511,0.5221,0.5126,0.5,1.0,-3579.0,-2420.0,-2.0,0.0,0.0,5.0,0.5485,0.5424,0.5358,0.5366,0.5432,-935.8229,0
0,Blue,KOI,0.6081,Gnar,Wukong,Zoe,Draven,Nautilus,0.5079,0.5835,0.5,0.5,0.3624,1.0,215.0,-106.0,-4.0,2.0,4.0,0.0,0.6081,0.6081,0.633,0.58,0.6081,63.1487,0
0,Red,Rogue,0.4098,Gangplank,Volibear,Azir,Ezreal,Rakan,0.5627,0.5725,0.2297,0.4633,0.6424,0.0,-215.0,106.0,4.0,0.0,0.0,2.0,0.4098,0.4122,0.4098,0.4059,0.4098,828.237,1
0,Blue,SK Gaming,0.4007,Kayle,Trundle,Corki,Jinx,Renata Glasc,0.5,0.5952,0.7925,0.2742,0.5,0.0,-1898.0,-2087.0,-47.0,2.0,1.0,4.0,0.4007,0.423,0.4134,0.4007,0.4007,-82.948,0
0,Red,Astralis,0.3499,Gangplank,Volibear,Orianna,Xayah,Rakan,0.6053,0.6133,0.5475,0.6934,0.6764,1.0,1898.0,2087.0,47.0,4.0,6.0,2.0,0.5,0.5,0.3464,0.3617,0.5,750.0699,1
0,Blue,Excel Esports,0.4854,Gnar,Viego,Ahri,Zeri,Yuumi,0.4595,0.4537,0.5,0.8162,0.5,1.0,3280.0,2550.0,69.0,3.0,4.0,1.0,0.4921,0.4895,0.4844,0.4854,0.4914,7.963,1
0,Red,Team Vitality,0.4877,Gwen,Wukong,Azir,Senna,Tahm Kench,0.3854,0.5235,0.3037,0.3249,0.517,0.0,-3280.0,-2550.0,-69.0,1.0,1.0,3.0,0.4907,0.5,0.4907,0.507,0.4877,-1336.7342,0
0,Blue,Misfits Gaming,0.2818,Gnar,Lee Sin,Corki,Ezreal,Rakan,0.511,0.2888,0.7138,0.5149,0.7073,0.0,-3698.0,-1597.0,11.0,0.0,0.0,2.0,0.5,0.2696,0.2818,0.2628,0.2696,8.0813,0
0,Red,Rogue,0.466,Gangplank,Wukong,Ahri,Senna,Seraphine,0.6436,0.4701,0.5,0.2923,0.5,1.0,3698.0,1597.0,-11.0,2.0,3.0,0.0,0.466,0.4703,0.466,0.4636,0.466,-697.9282,1
0,Blue,G2 Esports,0.8777,Gnar,Vi,Ahri,Lucian,Nami,0.4623,0.5,0.5,0.4004,0.5,0.0,-332.0,41.0,-2.0,5.0,6.0,5.0,0.8702,0.8777,0.8777,0.8881,0.8881,247.8508,0
0,Red,Team BDS,0.121,Irelia,Hecarim,Lissandra,Ezreal,Karma,0.5,0.5383,0.5,0.4655,0.48,1.0,332.0,-41.0,2.0,5.0,10.0,5.0,0.5,0.121,0.118,0.121,0.5,-116.9919,1
0,Blue,Fnatic,0.4841,Fiora,Volibear,Ahri,Lucian,Nami,0.5,0.6502,0.6042,0.3622,0.5,1.0,-1396.0,-1016.0,29.0,1.0,2.0,5.0,0.481,0.4812,0.4928,0.4841,0.4841,245.9416,0
0,Red,KOI,0.5502,Gwen,Viego,Twisted Fate,Zeri,Yuumi,0.3486,0.5058,0.4724,0.8362,0.5,0.0,1396.0,1016.0,-29.0,5.0,12.0,1.0,0.5502,0.5502,0.5726,0.5171,0.5502,-294.6773,1
0,Blue,Misfits Gaming,0.255,Ornn,Wukong,Ahri,Kai'Sa,Renata Glasc,0.637,0.5238,0.5387,0.5807,0.5,0.0,3896.0,-569.0,-24.0,4.0,10.0,1.0,0.5,0.2424,0.255,0.2378,0.2424,-544.3971,1
0,Red,SK Gaming,0.3624,Aatrox,Viego,Lissandra,Ezreal,Rakan,0.3804,0.5528,0.5,0.5167,0.6399,1.0,-3896.0,569.0,24.0,1.0,2.0,4.0,0.3624,0.3825,0.3691,0.3624,0.3624,-264.2071,0
0,Blue,Excel Esports,0.5345,Gnar,Volibear,Ahri,Lucian,Yuumi,0.4182,0.5882,0.5881,0.3277,0.5,1.0,1648.0,-148.0,-65.0,6.0,12.0,1.0,0.5439,0.5392,0.5338,0.5345,0.5399,295.0663,1
0,Red,KOI,0.5931,Gwen,Lee Sin,Sylas,Zeri,Nautilus,0.4108,0.2613,0.467,0.8537,0.3279,0.0,-1648.0,148.0,65.0,1.0,1.0,6.0,0.5931,0.5931,0.6134,0.5688,0.5931,-788.5336,0
0,Blue,Rogue,0.5169,Gnar,Wukong,Azir,Senna,Soraka,0.4737,0.5718,0.2746,0.3629,0.5,0.0,-2438.0,-2022.0,-73.0,3.0,4.0,4.0,0.5169,0.5225,0.5169,0.5155,0.5169,-745.5867,1
0,Red,Astralis,0.412,Ornn,Lillia,Yone,Seraphine,Pyke,0.6744,0.367,0.5,0.5,0.5,1.0,2438.0,2022.0,73.0,4.0,11.0,3.0,0.5,0.5,0.4163,0.4226,0.5,-166.5563,0
0,Blue,Fnatic,0.438,Gragas,Viego,Corki,Zeri,Renata Glasc,0.3219,0.5002,0.6432,0.7634,0.5,0.0,1213.0,753.0,26.0,3.0,5.0,2.0,0.4352,0.4354,0.4459,0.438,0.438,84.1042,1
0,Red,Team BDS,0.2151,Gnar,Skarner,Kog'Maw,Senna,Tahm Kench,0.5238,0.5,0.5,0.4262,0.4669,1.0,-1213.0,-753.0,-26.0,2.0,5.0,3.0,0.5,0.2151,0.2036,0.2151,0.5,-1007.2516,0
0,Blue,Team Vitality,0.4412,Gangplank,Viego,Ahri,Xayah,Nautilus,0.6782,0.5478,0.6317,0.7227,0.2967,0.0,248.0,-1964.0,19.0,2.0,4.0,3.0,0.4416,0.5,0.4416,0.4587,0.4412,718.5733,0
0,Red,G2 Esports,0.7941,Kayle,Wukong,Swain,Yasuo,Senna,0.5,0.6147,0.5,0.5,0.384,1.0,-248.0,1964.0,-19.0,3.0,7.0,2.0,0.7873,0.7941,0.7941,0.8016,0.8016,-1212.7361,1
0,Blue,Misfits Gaming,0.326,Ornn,Wukong,Corki,Kai'Sa,Nautilus,0.6055,0.6531,0.6784,0.6206,0.2684,0.0,1432.0,259.0,19.0,3.0,9.0,1.0,0.5,0.3184,0.326,0.3104,0.3184,-126.3473,1
0,Red,Team BDS,0.1923,Gangplank,Volibear,Ahri,Ezreal,Karma,0.6125,0.6274,0.5655,0.4672,0.5339,1.0,-1432.0,-259.0,-19.0,1.0,2.0,3.0,0.5,0.1923,0.1839,0.1923,0.5,57.1461,0
0,Blue,Team Vitality,0.3992,Gnar,Bel'Veth,Ahri,Ezreal,Alistar,0.4739,0.5,0.5069,0.4225,0.4791,0.0,1084.0,3017.0,128.0,0.0,0.0,2.0,0.3975,0.5,0.3975,0.415,0.3992,-855.6347,1
0,Red,SK Gaming,0.3279,Camille,Lee Sin,Lissandra,Karthus,Senna,0.5392,0.2364,0.5,0.5,0.4447,1.0,-1084.0,-3017.0,-128.0,2.0,8.0,0.0,0.3279,0.3459,0.3301,0.5,0.3279,-1590.5538,0
0,Blue,Excel Esports,0.5789,Kayle,Wukong,Ahri,Zeri,Rakan,0.5,0.6876,0.5576,0.7881,0.5789,0.0,-4265.0,-932.0,-52.0,2.0,2.0,4.0,0.5902,0.584,0.5784,0.5789,0.5837,-279.3586,0
0,Red,Rogue,0.5629,Gangplank,Jarvan IV,Azir,Kalista,Nautilus,0.5533,0.5631,0.3442,0.5149,0.3381,1.0,4265.0,932.0,52.0,4.0,8.0,2.0,0.5629,0.5694,0.5629,0.5624,0.5629,1132.3056,1
0,Blue,Fnatic,0.4915,Gragas,Volibear,Azir,Zeri,Renata Glasc,0.3866,0.5676,0.407,0.7064,0.5,1.0,2527.0,1270.0,39.0,4.0,9.0,2.0,0.489,0.4892,0.4987,0.4915,0.4915,365.7485,1
0,Red,Astralis,0.3727,Sion,Bel'Veth,Viktor,Twitch,Rakan,0.2557,0.5,0.4523,0.5,0.5238,0.0,-2527.0,-1270.0,-39.0,2.0,4.0,4.0,0.5,0.5,0.3723,0.3823,0.5,-820.9554,0
0,Blue,KOI,0.5366,Gangplank,Wukong,Swain,Twitch,Renata Glasc,0.5964,0.6196,0.5,0.5,0.5,0.0,2910.0,1477.0,15.0,5.0,7.0,3.0,0.5366,0.5366,0.5549,0.5086,0.5366,364.4527,1
0,Red,G2 Esports,0.8137,Aatrox,Volibear,Zoe,Zeri,Zilean,0.342,0.6088,0.4012,0.7366,0.5,1.0,-2910.0,-1477.0,-15.0,3.0,2.0,5.0,0.8076,0.8137,0.8137,0.8209,0.8209,287.4062,0
0,Blue,Excel Esports,0.5237,Sion,Wukong,Lissandra,Lucian,Nami,0.2305,0.657,0.5,0.3918,0.5,0.0,4203.0,2920.0,25.0,6.0,9.0,1.0,0.5307,0.5273,0.5231,0.5237,0.5281,-647.8724,1
0,Red,Team BDS,0.1722,Sejuani,Viego,Taliyah,Ezreal,Karma,0.5,0.4956,0.5,0.4777,0.479,1.0,-4203.0,-2920.0,-25.0,1.0,2.0,6.0,0.5,0.1722,0.1661,0.1722,0.5,-498.1951,0
0,Blue,Rogue,0.6045,Zac,Trundle,Corki,Lucian,Nami,0.5,0.5368,0.71,0.4497,0.5,0.0,1007.0,-570.0,36.0,2.0,4.0,3.0,0.6045,0.6115,0.6045,0.6046,0.6045,250.9945,1
0,Red,SK Gaming,0.2966,Ornn,Lee Sin,Sylas,Tahm Kench,Senna,0.6455,0.2139,0.4223,0.4217,0.401,1.0,-1007.0,570.0,-36.0,3.0,4.0,2.0,0.2966,0.3128,0.2955,0.5,0.2966,-1205.5515,0
0,Blue,Team Vitality,0.4564,Gnar,Hecarim,Ahri,Senna,Tahm Kench,0.524,0.5824,0.5007,0.3618,0.3809,1.0,1068.0,792.0,-5.0,3.0,6.0,4.0,0.4573,0.5,0.4573,0.4708,0.4564,-377.8195,1
0,Red,Astralis,0.3371,Ornn,Viego,Vex,Xayah,Rakan,0.5805,0.4484,0.5,0.6538,0.4739,0.0,-1068.0,-792.0,5.0,4.0,6.0,3.0,0.5,0.5,0.3333,0.3458,0.5,-191.5104,0
0,Blue,KOI,0.5807,Gangplank,Viego,Lissandra,Kalista,Nautilus,0.6354,0.4057,0.5,0.562,0.4012,0.0,4888.0,740.0,24.0,5.0,9.0,1.0,0.5807,0.5807,0.5973,0.5601,0.5807,1200.3866,0
0,Red,Misfits Gaming,0.3902,Ornn,Lee Sin,Ahri,Zeri,Renata Glasc,0.5223,0.1935,0.5513,0.6614,0.5,1.0,-4888.0,-740.0,-24.0,1.0,1.0,5.0,0.5,0.3863,0.3902,0.3761,0.3863,-550.5543,1
0,Blue,G2 Esports,0.7362,Gangplank,Trundle,Corki,Zeri,Rakan,0.5742,0.5821,0.7384,0.6957,0.4288,0.0,-2141.0,-1964.0,-14.0,1.0,3.0,5.0,0.7307,0.7362,0.7362,0.7412,0.7412,850.5792,0
0,Red,Fnatic,0.54,Ornn,Viego,Ahri,Twitch,Zilean,0.5699,0.3671,0.5965,0.5,0.5,1.0,2141.0,1964.0,14.0,5.0,8.0,1.0,0.5376,0.5378,0.5464,0.54,0.54,-488.5379,1
0,Blue,Astralis,0.3049,Ornn,Wukong,Orianna,Ashe,Tahm Kench,0.6126,0.6907,0.5906,0.3969,0.4407,1.0,-1504.0,474.0,8.0,0.0,0.0,1.0,0.5,0.5,0.2987,0.3129,0.5,102.834,1
0,Red,Excel Esports,0.5691,Gnar,Trundle,Lissandra,Kalista,Braum,0.5694,0.5253,0.5,0.5076,0.5883,0.0,1504.0,-474.0,-8.0,1.0,3.0,0.0,0.5777,0.5731,0.5687,0.5691,0.5731,219.4643,0
0,Blue,Team BDS,0.1543,Gnar,Jarvan IV,Swain,Twitch,Yuumi,0.5151,0.6051,0.5,0.5,0.5,0.0,-1846.0,-547.0,-12.0,0.0,0.0,1.0,0.5,0.1543,0.1501,0.1543,0.5,177.2094,0
0,Red,KOI,0.5254,Ornn,Lee Sin,Lissandra,Zeri,Lulu,0.6509,0.2703,0.5,0.6256,0.5509,1.0,1846.0,547.0,12.0,1.0,1.0,0.0,0.5254,0.5254,0.5404,0.502,0.5254,-710.9178,1
0,Blue,Fnatic,0.5838,Shyvana,Viego,Azir,Caitlyn,Morgana,0.5,0.4273,0.4639,0.5,0.5,0.0,3687.0,2140.0,35.0,5.0,8.0,4.0,0.5817,0.5819,0.5896,0.5838,0.5838,420.1492,0
0,Red,Misfits Gaming,0.4483,Gnar,Wukong,Akali,Aphelios,Amumu,0.4661,0.721,0.3656,0.3498,0.5,1.0,-3687.0,-2140.0,-35.0,4.0,6.0,5.0,0.5,0.4472,0.4483,0.4355,0.4472,61.7309,1
0,Blue,G2 Esports,0.6661,Gnar,Volibear,Azir,Lucian,Nami,0.5169,0.5508,0.4194,0.5022,0.5,0.0,-1533.0,-1393.0,0.0,1.0,1.0,5.0,0.6611,0.6661,0.6661,0.6695,0.6695,804.2833,0
0,Red,SK Gaming,0.2683,Sylas,Poppy,Akali,Draven,Nautilus,0.3819,0.5,0.4268,0.5,0.3629,1.0,1533.0,1393.0,0.0,5.0,5.0,1.0,0.2683,0.2829,0.2648,0.3279,0.2683,-641.9691,1
0,Blue,Rogue,0.6422,Gwen,Vi,Sylas,Kalista,Taric,0.3716,0.5,0.441,0.4585,0.5,1.0,1262.0,905.0,-45.0,4.0,5.0,0.0,0.6422,0.6495,0.6422,0.6427,0.6422,-84.6122,1
0,Red,Team Vitality,0.5082,Gnar,Viego,Akali,Zeri,Tahm Kench,0.4677,0.3866,0.482,0.6631,0.4946,0.0,-1262.0,-905.0,45.0,0.0,0.0,4.0,0.511,0.5,0.511,0.5212,0.5082,28.3166,0
0,Blue,SK Gaming,0.3381,Shyvana,Poppy,Sylas,Kalista,Renata Glasc,0.5,0.5,0.4945,0.5108,0.7282,0.0,864.0,1039.0,6.0,4.0,6.0,2.0,0.3381,0.3514,0.3405,0.392,0.3381,277.5265,1
0,Red,Excel Esports,0.5149,Ornn,Volibear,Taliyah,Draven,Janna,0.6853,0.4983,0.5,0.5,0.5,1.0,-864.0,-1039.0,-6.0,2.0,3.0,4.0,0.5201,0.5177,0.5143,0.5149,0.5185,-151.3148,0
0,Blue,KOI,0.5706,Gnar,Lee Sin,Lissandra,Samira,Rell,0.4231,0.3398,0.5,0.5,0.4418,0.0,7261.0,3211.0,97.0,6.0,14.0,3.0,0.5706,0.5706,0.5842,0.5532,0.5706,-371.4639,1
0,Red,Astralis,0.3712,Camille,Trundle,Orianna,Jinx,Tahm Kench,0.4877,0.4741,0.6296,0.2481,0.447,1.0,-7261.0,-3211.0,-97.0,3.0,5.0,6.0,0.5,0.5,0.3709,0.3784,0.5,-836.4108,0
0,Blue,Team BDS,0.1384,Sion,Wukong,Sylas,Seraphine,Nautilus,0.3061,0.7482,0.5428,0.5,0.4236,1.0,-3813.0,-2624.0,-74.0,1.0,2.0,2.0,0.5,0.1384,0.1356,0.1384,0.5,-579.7254,0
0,Red,Rogue,0.6763,Gnar,Lee Sin,Lissandra,Lucian,Nami,0.4781,0.4027,0.5,0.4543,0.5,0.0,3813.0,2624.0,74.0,2.0,4.0,1.0,0.6763,0.6836,0.6763,0.6771,0.6763,414.7104,1
0,Blue,Misfits Gaming,0.5009,Gwen,Viego,Corki,Zeri,Braum,0.4315,0.3498,0.6663,0.597,0.532,1.0,148.0,650.0,30.0,1.0,2.0,2.0,0.5,0.5019,0.5009,0.4893,0.5019,-89.5362,1
0,Red,G2 Esports,0.6027,Gangplank,Wukong,Sylas,Twitch,Taric,0.5189,0.6754,0.4909,0.5,0.5,0.0,-148.0,-650.0,-30.0,2.0,4.0,1.0,0.5981,0.6027,0.6027,0.6047,0.6047,405.0057,0
0,Blue,Team Vitality,0.4598,Gangplank,Xin Zhao,Sylas,Zeri,Lulu,0.4691,0.2559,0.444,0.637,0.5957,0.0,1755.0,830.0,27.0,7.0,6.0,8.0,0.4606,0.5,0.4606,0.4715,0.4598,326.2719,1
0,Red,Fnatic,0.5282,Kayle,Viego,Zoe,Twitch,Renata Glasc,0.5,0.4117,0.3576,0.5,0.7576,1.0,-1755.0,-830.0,-27.0,8.0,10.0,7.0,0.5263,0.5264,0.5335,0.5282,0.5282,256.7015,0
0,Blue,SK Gaming,0.4012,Gnar,Jarvan IV,Azir,Zeri,Renata Glasc,0.5278,0.547,0.3793,0.6729,0.6765,0.0,4677.0,2218.0,46.0,4.0,4.0,1.0,0.4012,0.4134,0.4078,0.45,0.4012,589.7762,1
0,Red,Team BDS,0.1243,Sejuani,Wukong,LeBlanc,Aphelios,Lulu,0.5,0.6097,0.3786,0.4117,0.6359,1.0,-4677.0,-2218.0,-46.0,1.0,2.0,4.0,0.5,0.1243,0.1225,0.1243,0.5,163.4126,0
0,Blue,Misfits Gaming,0.5484,Gwen,Viego,Sylas,Xayah,Nautilus,0.4857,0.3725,0.4971,0.5915,0.3833,0.0,-347.0,-906.0,35.0,2.0,2.0,4.0,0.5,0.551,0.5484,0.538,0.551,-401.2397,0
0,Red,Excel Esports,0.4658,Gangplank,Wukong,Taliyah,Samira,Renata Glasc,0.52,0.5506,0.5,0.5,0.7108,1.0,347.0,906.0,-35.0,4.0,5.0,2.0,0.4685,0.4677,0.4652,0.4658,0.4691,890.313,1
0,Blue,KOI,0.6115,Gwen,Poppy,Taliyah,Draven,Nautilus,0.4394,0.5,0.5,0.5,0.3468,0.0,6968.0,2012.0,31.0,8.0,8.0,2.0,0.6115,0.6115,0.6238,0.5988,0.6115,-399.9078,1
0,Red,Team Vitality,0.5113,Gnar,Wukong,Orianna,Aphelios,Tahm Kench,0.5728,0.5941,0.5696,0.3725,0.404,1.0,-6968.0,-2012.0,-31.0,2.0,1.0,8.0,0.5136,0.5,0.5136,0.5219,0.5113,454.4608,0
0,Blue,G2 Esports,0.5453,Gwen,Viego,Taliyah,Draven,Tahm Kench,0.4929,0.3371,0.5,0.5,0.3651,0.0,2434.0,-555.0,-19.0,4.0,5.0,1.0,0.5411,0.5453,0.5453,0.5464,0.5464,-21.7935,1
0,Red,Astralis,0.3358,Gnar,Wukong,Orianna,Jinx,Braum,0.5182,0.5367,0.5154,0.2245,0.5768,1.0,-2434.0,555.0,19.0,1.0,0.0,4.0,0.5,0.5,0.333,0.3423,0.5,-439.3028,0
0,Blue,Fnatic,0.4779,Gnar,Trundle,Corki,Aphelios,Nautilus,0.4689,0.428,0.6988,0.337,0.409,0.0,476.0,-854.0,17.0,2.0,2.0,2.0,0.4762,0.4763,0.4826,0.4779,0.4779,276.7179,0
0,Red,Rogue,0.7071,Gangplank,Poppy,Azir,Caitlyn,Renata Glasc,0.5661,0.5,0.4387,0.5,0.741,1.0,-476.0,854.0,-17.0,2.0,2.0,2.0,0.7071,0.7144,0.7071,0.7082,0.7071,1292.0544,1
0,Blue,Astralis,0.3038,Gangplank,Wukong,Vex,Zeri,Rakan,0.6077,0.4848,0.5,0.7051,0.3879,0.0,211.0,-665.0,-4.0,1.0,3.0,2.0,0.5,0.5,0.2992,0.3097,0.5,219.2139,1
0,Red,Team BDS,0.1117,Gnar,Xin Zhao,Sylas,Aphelios,Zilean,0.4242,0.3268,0.4497,0.3049,0.5,1.0,-211.0,665.0,4.0,2.0,3.0,1.0,0.5,0.1117,0.1108,0.1117,0.5,-290.7909,0
0,Blue,KOI,0.6485,Gangplank,Trundle,Taliyah,Jinx,Rakan,0.6453,0.3865,0.5,0.2031,0.4462,1.0,-1247.0,-34.0,-11.0,3.0,11.0,5.0,0.6485,0.6485,0.6597,0.6395,0.6485,1.0567,1
0,Red,SK Gaming,0.4583,Gnar,Jarvan IV,Sylas,Aphelios,Nautilus,0.3838,0.5904,0.4067,0.2759,0.37,0.0,1247.0,34.0,11.0,5.0,14.0,3.0,0.4583,0.4694,0.4678,0.5024,0.4583,36.8469,0
0,Blue,Team Vitality,0.4626,Gnar,Trundle,Taliyah,Senna,Tahm Kench,0.3472,0.4459,0.5,0.4241,0.4261,0.0,2875.0,1092.0,7.0,4.0,10.0,3.0,0.4633,0.5,0.4633,0.4722,0.4626,-682.2619,1
0,Red,Misfits Gaming,0.4962,Jax,Poppy,Sylas,Aphelios,Rakan,0.5,0.5,0.3679,0.2496,0.499,1.0,-2875.0,-1092.0,-7.0,3.0,5.0,4.0,0.5,0.4969,0.4962,0.4867,0.4969,-447.5514,0
0,Blue,Rogue,0.735,Gnar,Volibear,Azir,Kalista,Sejuani,0.4094,0.4508,0.4924,0.5579,0.5,0.0,62.0,5.0,12.0,0.0,0.0,1.0,0.735,0.7421,0.735,0.7362,0.735,1315.965,0
0,Red,G2 Esports,0.5886,Gwen,Xin Zhao,Taliyah,Aphelios,Tahm Kench,0.5412,0.2957,0.5,0.2258,0.4812,1.0,-62.0,-5.0,-12.0,1.0,2.0,0.0,0.5848,0.5886,0.5886,0.5901,0.5901,-141.6986,1
0,Blue,Excel Esports,0.5167,Gangplank,Trundle,Taliyah,Xayah,Rakan,0.6793,0.4995,0.5,0.5351,0.4514,1.0,1972.0,-227.0,-23.0,4.0,6.0,0.0,0.521,0.519,0.5163,0.5167,0.5197,481.0885,1
0,Red,Fnatic,0.4324,Gragas,Wukong,Vex,Aphelios,Tahm Kench,0.4451,0.5345,0.5,0.2996,0.5309,0.0,-1972.0,227.0,23.0,0.0,0.0,4.0,0.4308,0.4309,0.4367,0.4324,0.4324,-304.8137,0
0,Blue,SK Gaming,0.4146,Gwen,Hecarim,Taliyah,Aphelios,Renata Glasc,0.585,0.6222,0.5,0.271,0.7679,1.0,-774.0,-114.0,-31.0,3.0,5.0,3.0,0.4146,0.4246,0.4207,0.4545,0.4146,16.5992,1
0,Red,Astralis,0.3702,Gangplank,Viego,Orianna,Jinx,Tahm Kench,0.71,0.4002,0.4663,0.279,0.48,0.0,774.0,114.0,31.0,3.0,4.0,3.0,0.5,0.5,0.3699,0.3755,0.5,541.7622,0
0,Blue,Rogue,0.665,Gwen,Vi,Taliyah,Ezreal,Amumu,0.6245,0.5,0.5,0.432,0.5,1.0,-3544.0,-1361.0,-60.0,1.0,1.0,2.0,0.665,0.6702,0.665,0.6655,0.665,-612.3083,0
0,Red,Misfits Gaming,0.4489,Gnar,Poppy,Zoe,Zeri,Leona,0.3704,0.5,0.3193,0.7341,0.2435,0.0,3544.0,1361.0,60.0,2.0,3.0,1.0,0.5,0.227,0.4489,0.4403,0.4482,181.0153,1
0,Blue,Team Vitality,0.5138,Gnar,Trundle,Taliyah,Sivir,Renata Glasc,0.4304,0.5478,0.7409,0.5,0.7918,1.0,2498.0,-2038.0,-10.0,4.0,6.0,2.0,0.5157,0.5,0.5157,0.5224,0.5138,177.1271,1
0,Red,Excel Esports,0.5628,Gangplank,Wukong,Ahri,Aphelios,Zilean,0.642,0.483,0.6369,0.3405,0.5,0.0,-2498.0,2038.0,10.0,2.0,2.0,4.0,0.5682,0.5654,0.5625,0.5628,0.5654,152.9962,0
0,Blue,Team BDS,0.1005,Kennen,Poppy,Zoe,Aphelios,Tahm Kench,0.5,0.5,0.3914,0.308,0.4341,0.0,3235.0,770.0,33.0,2.0,3.0,0.0,0.5,0.1005,0.1001,0.1005,0.1692,145.0314,0
0,Red,G2 Esports,0.6278,Gwen,Wukong,Swain,Sivir,Lulu,0.565,0.4366,0.5,0.5,0.573,1.0,-3235.0,-770.0,-33.0,0.0,0.0,2.0,0.6244,0.6278,0.6278,0.6296,0.6296,-493.2063,1
0,Blue,Fnatic,0.3912,Jayce,Wukong,Ahri,Sivir,Zilean,0.5065,0.4907,0.5734,0.5,0.5,0.0,-1479.0,-747.0,-34.0,5.0,11.0,7.0,0.3898,0.3899,0.3951,0.3912,0.3912,-530.7252,0
0,Red,KOI,0.682,Gwen,Vi,Taliyah,Jinx,Rakan,0.6065,0.5,0.769,0.2524,0.5037,1.0,1479.0,747.0,34.0,7.0,18.0,5.0,0.682,0.682,0.6921,0.6758,0.682,-1013.1266,1
0,Blue,Misfits Gaming,0.5014,Shyvana,Poppy,Akali,Sivir,Leona,0.5,0.5,0.4356,0.5,0.3156,0.0,3832.0,2177.0,20.0,6.0,10.0,0.0,0.5,0.3009,0.5014,0.4937,0.5021,-352.5093,1
0,Red,SK Gaming,0.4704,Gnar,Vi,Sylas,Zeri,Alistar,0.4846,0.5,0.3328,0.7601,0.5287,1.0,-3832.0,-2177.0,-20.0,0.0,0.0,6.0,0.4704,0.4795,0.4787,0.5065,0.4704,206.5488,0
0,Blue,Astralis,0.3349,Gangplank,Wukong,Ahri,Sivir,Bard,0.5806,0.4436,0.5165,0.5,0.5,0.0,1729.0,1806.0,2.0,2.0,3.0,1.0,0.5,0.5,0.3328,0.3397,0.5,134.8582,1
0,Red,Rogue,0.6016,Gnar,Trundle,Taliyah,Aphelios,Lulu,0.4385,0.5914,0.7938,0.2787,0.6151,1.0,-1729.0,-1806.0,-2.0,1.0,2.0,2.0,0.6016,0.6054,0.6016,0.6017,0.6016,170.6149,0
0,Blue,KOI,0.7123,Gwen,Trundle,Twisted Fate,Draven,Leona,0.644,0.5344,0.5227,0.5,0.3807,0.0,3461.0,-535.0,103.0,12.0,20.0,11.0,0.7123,0.7123,0.7214,0.7083,0.7123,-494.5361,1
0,Red,Excel Esports,0.5091,Jax,Poppy,Akali,Lucian,Nami,0.5,0.5,0.4899,0.5063,0.5,1.0,-3461.0,535.0,-103.0,11.0,17.0,12.0,0.5124,0.511,0.5088,0.5091,0.5116,203.3171,0
0,Blue,Fnatic,0.3539,Gragas,Trundle,Taliyah,Sivir,Nautilus,0.4026,0.5792,0.7098,0.5,0.3348,0.0,278.0,-12.0,-29.0,2.0,2.0,2.0,0.3527,0.3527,0.3575,0.3539,0.3539,-445.2233,1
0,Red,Team BDS,0.0904,Gnar,Poppy,Zoe,Ezreal,Braum,0.3967,0.5,0.3504,0.3907,0.5217,1.0,-278.0,12.0,29.0,2.0,5.0,2.0,0.5,0.0904,0.0905,0.0904,0.1531,37.3766,0
0,Blue,G2 Esports,0.6632,Irelia,Viego,Taliyah,Kai'Sa,Nautilus,0.5,0.3621,0.7402,0.6567,0.3981,0.0,-5252.0,-2747.0,-5.0,1.0,3.0,7.0,0.6602,0.6632,0.6632,0.6652,0.6652,320.7139,0
0,Red,Team Vitality,0.5601,Gnar,Trundle,Ahri,Ezreal,Renata Glasc,0.3589,0.6197,0.5643,0.3534,0.813,1.0,5252.0,2747.0,5.0,7.0,16.0,1.0,0.5629,0.5,0.5629,0.5679,0.5601,-181.2668,1
0,Blue,Misfits Gaming,0.5489,Sejuani,Poppy,Taliyah,Sivir,Leona,0.5,0.5,0.6634,0.5,0.4397,0.0,1761.0,101.0,-33.0,3.0,3.0,1.0,0.5,0.3677,0.5489,0.5419,0.5506,-144.277,1
0,Red,Astralis,0.3983,Gnar,Viego,Orianna,Draven,Pyke,0.42,0.3276,0.4219,0.5,0.5,1.0,-1761.0,-101.0,33.0,1.0,1.0,3.0,0.5,0.5,0.3993,0.4026,0.5,842.1067,0
0,Blue,Team Vitality,0.602,Gnar,Trundle,Swain,Sivir,Renata Glasc,0.38,0.6562,0.5,0.5,0.832,0.0,4301.0,1574.0,-1.0,8.0,16.0,1.0,0.6054,0.5,0.6054,0.6091,0.602,492.5795,1
0,Red,Team BDS,0.0814,Kennen,Wukong,Qiyana,Zeri,Amumu,0.5,0.497,0.5,0.6859,0.5,1.0,-4301.0,-1574.0,1.0,1.0,1.0,8.0,0.5,0.0814,0.0818,0.0814,0.1385,-119.9026,0
0,Blue,Fnatic,0.4155,Ornn,Trundle,Azir,Kog'Maw,Lulu,0.618,0.6892,0.4453,0.5,0.5547,1.0,4156.0,2839.0,46.0,3.0,8.0,0.0,0.4143,0.4144,0.4187,0.4155,0.4155,-80.2902,1
0,Red,SK Gaming,0.4256,Gnar,Wukong,Akali,Sivir,Yuumi,0.439,0.4493,0.4428,0.5,0.5,0.0,-4156.0,-2839.0,-46.0,0.0,0.0,3.0,0.4256,0.4338,0.431,0.4582,0.4256,405.5475,0
0,Blue,Rogue,0.5443,Gwen,Wukong,Ahri,Ezreal,Rakan,0.6779,0.4063,0.6072,0.4152,0.551,0.0,2687.0,3302.0,68.0,5.0,7.0,2.0,0.5443,0.547,0.5443,0.544,0.5443,-926.9562,1
0,Red,KOI,0.7397,Sejuani,Trundle,Taliyah,Zeri,Lulu,0.5,0.719,0.698,0.6191,0.5983,1.0,-2687.0,-3302.0,-68.0,2.0,4.0,5.0,0.7397,0.7397,0.748,0.7374,0.7397,-0.8063,0
0,Blue,Excel Esports,0.4606,Ornn,Viego,LeBlanc,Nilah,Taric,0.6554,0.2964,0.3424,0.5,0.5,0.0,1022.0,-203.0,16.0,5.0,12.0,6.0,0.4623,0.4619,0.4602,0.4606,0.4628,31.1462,0
0,Red,G2 Esports,0.6001,Sejuani,Jarvan IV,Sylas,Sivir,Lulu,0.5,0.5338,0.3011,0.5,0.5398,1.0,-1022.0,203.0,-16.0,6.0,14.0,5.0,0.5973,0.6001,0.6001,0.6013,0.6013,-326.7609,1
0,Blue,Astralis,0.3603,Ornn,Trundle,Sylas,Twitch,Renata Glasc,0.5914,0.6501,0.3677,0.5,0.8489,1.0,-2663.0,-833.0,-56.0,0.0,0.0,2.0,0.5,0.5,0.3597,0.3642,0.5,-396.3144,1
0,Red,Team Vitality,0.6399,Gnar,Jarvan IV,Akali,Zeri,Rakan,0.3972,0.5785,0.4003,0.5589,0.5937,0.0,2663.0,833.0,56.0,2.0,4.0,0.0,0.6437,0.5,0.6437,0.6463,0.6399,408.0921,0
0,Blue,Team BDS,0.0733,Ornn,Xin Zhao,Ahri,Twitch,Renata Glasc,0.6312,0.3628,0.6458,0.5,0.8641,0.0,1241.0,129.0,-4.0,3.0,3.0,1.0,0.5,0.0733,0.074,0.0733,0.1253,-24.8438,1
0,Red,Excel Esports,0.4167,Gnar,Wukong,Taliyah,Sivir,Bard,0.3594,0.4631,0.6268,0.5,0.5,1.0,-1241.0,-129.0,4.0,1.0,2.0,3.0,0.4171,0.4175,0.4163,0.4167,0.4187,64.2555,0
0,Blue,Misfits Gaming,0.5919,Ornn,Trundle,Sylas,Twitch,Yuumi,0.6671,0.6836,0.428,0.5,0.5,0.0,-2654.0,-1842.0,-77.0,3.0,3.0,4.0,0.5,0.4281,0.5919,0.5855,0.5943,-670.5458,1
0,Red,KOI,0.6692,Aatrox,Vi,Ahri,Zeri,Rakan,0.3078,0.5,0.6805,0.5047,0.5372,1.0,2654.0,1842.0,77.0,4.0,6.0,3.0,0.6692,0.6692,0.6767,0.6642,0.6692,14.0412,0
0,Blue,SK Gaming,0.385,Shyvana,Poppy,LeBlanc,Vayne,Renata Glasc,0.5,0.5,0.3096,0.5,0.8776,1.0,337.0,-691.0,-29.0,2.0,3.0,0.0,0.385,0.3924,0.3882,0.4146,0.385,268.3294,1
0,Red,Rogue,0.5877,Ornn,Pantheon,Taliyah,Sivir,Ashe,0.6994,0.5,0.5632,0.5,0.4595,0.0,-337.0,691.0,29.0,0.0,0.0,2.0,0.5877,0.5906,0.5877,0.5877,0.5877,-302.8609,0
0,Blue,Fnatic,0.4711,Jarvan IV,Wukong,Azir,Ezreal,Rakan,0.5231,0.4188,0.4983,0.471,0.486,0.0,-4504.0,321.0,15.0,3.0,4.0,6.0,0.4701,0.4702,0.474,0.4711,0.4711,-233.4863,0
0,Red,G2 Esports,0.6381,Sejuani,Pantheon,Sylas,Draven,Renata Glasc,0.5,0.5,0.4826,0.5,0.8898,1.0,4504.0,-321.0,-15.0,6.0,8.0,3.0,0.6356,0.6381,0.6381,0.6396,0.6396,-314.3017,1
0,Blue,Team BDS,0.1649,Ornn,Xin Zhao,Ahri,Twitch,Tahm Kench,0.6316,0.4235,0.614,0.5,0.3925,0.0,-1190.0,-1082.0,-24.0,1.0,1.0,2.0,0.5,0.1649,0.1627,0.1649,0.2087,166.6001,0
0,Red,Misfits Gaming,0.6307,Sejuani,Skarner,Sylas,Sivir,Braum,0.5,0.5,0.5319,0.5,0.4718,1.0,1190.0,1082.0,24.0,2.0,2.0,1.0,0.5,0.4828,0.6307,0.625,0.6336,-404.961,1
0,Blue,SK Gaming,0.4436,Darius,Vi,LeBlanc,Yasuo,Rakan,0.5,0.5,0.3757,0.5,0.4397,1.0,-839.0,-373.0,-14.0,2.0,5.0,2.0,0.4436,0.4503,0.4487,0.4704,0.4436,55.6381,1
0,Red,Team Vitality,0.579,Ornn,Jarvan IV,Ahri,Sivir,Galio,0.5706,0.473,0.5542,0.5,0.4016,0.0,839.0,373.0,14.0,2.0,4.0,2.0,0.5813,0.5,0.5813,0.5847,0.579,-462.6915,0
0,Blue,Rogue,0.5318,Renekton,Jarvan IV,Taliyah,Sivir,Rakan,0.5094,0.4278,0.5065,0.5,0.4931,0.0,-616.0,-845.0,29.0,0.0,0.0,4.0,0.5318,0.5338,0.5318,0.5314,0.5318,-278.6716,1
0,Red,Excel Esports,0.377,Sejuani,Vi,Sylas,Draven,Nautilus,0.5,0.5,0.5765,0.5,0.3602,1.0,616.0,845.0,-29.0,4.0,4.0,0.0,0.3765,0.3775,0.3766,0.377,0.3789,-340.8199,0
0,Blue,Astralis,0.4213,Kennen,Trundle,Karma,Zeri,Rakan,0.5,0.7139,0.4301,0.4558,0.5414,0.0,-2131.0,-1761.0,-38.0,3.0,4.0,4.0,0.5,0.5,0.423,0.4248,0.5,-308.0481,0
0,Red,Fnatic,0.4263,Gwen,Poppy,LeBlanc,Lucian,Nami,0.7086,0.5,0.4354,0.4581,0.5,1.0,2131.0,1761.0,38.0,4.0,8.0,3.0,0.4253,0.4254,0.4289,0.4263,0.4263,-176.9395,1
0,Blue,G2 Esports,0.6726,Gwen,Trundle,Ahri,Draven,Lulu,0.7364,0.6456,0.5003,0.5,0.5847,0.0,1710.0,-845.0,-21.0,6.0,13.0,3.0,0.6703,0.6726,0.6726,0.6741,0.6741,69.6654,1
0,Red,KOI,0.6055,Jax,Wukong,Taliyah,Aphelios,Leona,0.5,0.3787,0.5559,0.2522,0.4931,1.0,-1710.0,845.0,21.0,3.0,6.0,6.0,0.6055,0.6055,0.6122,0.5985,0.6055,-701.1536,0
0,Blue,Rogue,0.5764,Gwen,Trundle,Ahri,Kalista,Taric,0.7615,0.6795,0.5488,0.5042,0.5,0.0,13.0,-248.0,21.0,3.0,5.0,5.0,0.5764,0.5786,0.5764,0.5763,0.5764,681.5379,0
0,Red,Team BDS,0.1487,Akali,Wukong,Swain,Sivir,Rakan,0.3619,0.3425,0.5,0.5847,0.4898,1.0,-13.0,248.0,-21.0,5.0,9.0,3.0,0.5,0.1487,0.1471,0.1487,0.1888,-623.9971,1
0,Blue,Excel Esports,0.3411,Sejuani,Trundle,Azir,Sivir,Tahm Kench,0.5,0.6145,0.4507,0.6297,0.355,0.0,-3510.0,-537.0,-51.0,2.0,2.0,3.0,0.3399,0.3413,0.3406,0.3411,0.3428,-40.9648,1
0,Red,SK Gaming,0.4966,Sett,Poppy,Taliyah,Draven,Nautilus,0.4305,0.5,0.5005,0.5,0.3259,1.0,3510.0,537.0,51.0,3.0,6.0,2.0,0.4966,0.5028,0.503,0.5208,0.4966,-393.5173,0
0,Blue,Astralis,0.3812,Shyvana,Wukong,Ahri,Zeri,Bard,0.5,0.4054,0.4957,0.4117,0.5,1.0,2586.0,1861.0,3.0,2.0,3.0,1.0,0.5,0.5,0.3813,0.3843,0.5,-86.1621,0
0,Red,KOI,0.5478,Sejuani,Poppy,Sylas,Sivir,Lulu,0.5,0.5,0.5216,0.6694,0.625,0.0,-2586.0,-1861.0,-3.0,1.0,1.0,2.0,0.5478,0.5478,0.5539,0.5396,0.5478,-606.6173,1
0,Blue,Team Vitality,0.5238,Gnar,Trundle,Azir,Senna,Tahm Kench,0.3252,0.6514,0.5032,0.4802,0.4167,0.0,2800.0,1022.0,-1.0,3.0,5.0,1.0,0.5251,0.5,0.5251,0.5291,0.5238,-127.9079,0
0,Red,Fnatic,0.4809,Gragas,Poppy,Sylas,Zeri,Lulu,0.4596,0.6651,0.5672,0.372,0.6614,1.0,-2800.0,-1022.0,1.0,1.0,3.0,3.0,0.4801,0.4801,0.4833,0.4809,0.4809,-363.8459,1
0,Blue,G2 Esports,0.7038,Yone,Jarvan IV,Sylas,Sivir,Ashe,0.5,0.4825,0.6084,0.7044,0.4122,1.0,1949.0,2672.0,37.0,4.0,15.0,1.0,0.7017,0.7038,0.7038,0.7054,0.7054,-404.3082,1
0,Red,Misfits Gaming,0.6659,Sejuani,Trundle,Ahri,Zeri,Renata Glasc,0.5,0.5891,0.4477,0.4325,0.9007,0.0,-1949.0,-2672.0,-37.0,1.0,4.0,4.0,0.5,0.5322,0.6659,0.6607,0.6691,323.8785,0
0,Blue,Excel Esports,0.4039,Sion,Trundle,Azir,Zeri,Renata Glasc,0.2761,0.5329,0.4551,0.3909,0.8119,0.0,464.0,730.0,4.0,2.0,6.0,0.0,0.4039,0.4044,0.4035,0.4039,0.4054,111.3895,1
0,Red,Astralis,0.3448,Poppy,Viego,Sylas,Ezreal,Karma,0.7014,0.2682,0.6457,0.426,0.3865,1.0,-464.0,-730.0,-4.0,0.0,0.0,2.0,0.5,0.5,0.3439,0.3477,0.5,-676.8967,0
0,Blue,KOI,0.5909,Renekton,Wukong,Vex,Sivir,Rakan,0.5561,0.3666,0.5,0.7353,0.5384,0.0,2173.0,723.0,16.0,7.0,12.0,5.0,0.5909,0.5909,0.5964,0.5848,0.5909,-432.0365,1
0,Red,Team BDS,0.2323,Sion,Jarvan IV,LeBlanc,Aphelios,Galio,0.3468,0.532,0.4894,0.2281,0.3586,1.0,-2173.0,-723.0,-16.0,5.0,10.0,7.0,0.5,0.2323,0.2288,0.2323,0.2661,-580.441,0
0,Blue,SK Gaming,0.4493,Renekton,Jarvan IV,LeBlanc,Samira,Rell,0.5984,0.4811,0.4426,0.5,0.4951,0.0,-1811.0,-816.0,-18.0,2.0,4.0,2.0,0.4493,0.4548,0.4536,0.4712,0.4493,471.7254,0
0,Red,G2 Esports,0.732,Gwen,Pantheon,Lissandra,Aphelios,Braum,0.6889,0.5,0.5,0.2064,0.5223,1.0,1811.0,816.0,18.0,2.0,1.0,2.0,0.7301,0.732,0.732,0.7336,0.7336,-17.695,1
0,Blue,Team Vitality,0.4739,Aatrox,Trundle,Ahri,Zeri,Yuumi,0.2771,0.5775,0.4045,0.4495,0.5,1.0,-1287.0,-848.0,-24.0,3.0,4.0,4.0,0.4744,0.5,0.4744,0.4787,0.4739,-54.287,0
0,Red,Rogue,0.5215,Ornn,Poppy,Viktor,Sivir,Lulu,0.5155,0.6263,0.4091,0.7628,0.6942,0.0,1287.0,848.0,24.0,4.0,12.0,3.0,0.5215,0.523,0.5215,0.5211,0.5215,-1510.985,1
0,Blue,Misfits Gaming,0.6025,Gwen,Vi,Zoe,Sivir,Leona,0.7186,0.5,0.314,0.7872,0.4461,1.0,-265.0,-834.0,-10.0,2.0,4.0,4.0,0.5,0.4813,0.6025,0.5978,0.6044,-189.2841,0
0,Red,Fnatic,0.5303,Ornn,Trundle,Ahri,Zeri,Renata Glasc,0.5622,0.5224,0.3655,0.4063,0.8304,0.0,265.0,834.0,10.0,4.0,9.0,2.0,0.5296,0.5296,0.5325,0.5303,0.5303,-174.3567,1
0,Blue,Excel Esports,0.4607,Gwen,Poppy,Twisted Fate,Draven,Thresh,0.6501,0.6659,0.5682,0.5,0.3462,1.0,316.0,-294.0,-38.0,3.0,6.0,2.0,0.4617,0.4614,0.4604,0.4607,0.462,-193.4365,1
0,Red,Team Vitality,0.4288,Kennen,Wukong,Orianna,Aphelios,Renata Glasc,0.183,0.4271,0.3817,0.282,0.847,0.0,-316.0,294.0,38.0,2.0,3.0,3.0,0.4287,0.5,0.4287,0.4331,0.4288,-16.3783,0
0,Blue,Misfits Gaming,0.5451,Gnar,Poppy,Sylas,Aphelios,Yuumi,0.2942,0.7009,0.5842,0.2551,0.5,0.0,-3082.0,-2213.0,-64.0,1.0,0.0,4.0,0.5,0.4354,0.5451,0.5409,0.5461,142.901,1
0,Red,Fnatic,0.5751,Ornn,Trundle,Taliyah,Ezreal,Pyke,0.6044,0.5679,0.4508,0.3854,0.5,1.0,3082.0,2213.0,64.0,4.0,4.0,1.0,0.5744,0.5744,0.577,0.5751,0.5751,-1097.1171,0
1,Blue,Rogue,0.567,Renekton,Jarvan IV,Sylas,Zeri,Yuumi,0.5414,0.4352,0.6238,0.4633,0.5,0.0,573.0,-158.0,15.0,2.0,2.0,2.0,0.567,0.5688,0.567,0.5669,0.567,-154.9556,0
1,Red,KOI,0.6299,Ornn,Trundle,Taliyah,Lucian,Nami,0.5462,0.5137,0.4062,0.5097,0.5,1.0,-573.0,158.0,-15.0,2.0,3.0,2.0,0.6299,0.6299,0.6349,0.6254,0.6299,-393.0343,1
1,Blue,KOI,0.6651,Kennen,Trundle,Taliyah,Lucian,Nami,0.1631,0.5601,0.4647,0.5564,0.5,0.0,-400.0,-1782.0,-48.0,5.0,5.0,7.0,0.6651,0.6651,0.6696,0.662,0.6651,17.0191,0
1,Red,Rogue,0.513,Renekton,Jarvan IV,Ahri,Sivir,Yuumi,0.4898,0.3936,0.4266,0.7068,0.5278,1.0,400.0,1782.0,48.0,7.0,10.0,5.0,0.513,0.5142,0.513,0.5127,0.513,-326.5532,1
1,Blue,KOI,0.6018,Kennen,Poppy,Sylas,Kalista,Nautilus,0.1457,0.7319,0.5644,0.4557,0.2949,1.0,2431.0,1208.0,84.0,1.0,2.0,2.0,0.6018,0.6018,0.6059,0.5975,0.6018,143.3717,1
1,Red,Rogue,0.5594,Renekton,Trundle,Viktor,Jhin,Yuumi,0.5384,0.5067,0.4655,0.3948,0.579,0.0,-2431.0,-1208.0,-84.0,2.0,7.0,1.0,0.5594,0.5608,0.5594,0.5593,0.5594,-237.0715,0
1,Blue,Rogue,0.5061,Ornn,Jarvan IV,Ahri,Lucian,Nami,0.5898,0.4515,0.4818,0.5034,0.5,1.0,-732.0,2273.0,-15.0,8.0,16.0,8.0,0.5061,0.5071,0.5061,0.5059,0.5061,-564.3048,1
1,Red,KOI,0.6397,Gwen,Trundle,Swain,Kalista,Leona,0.6834,0.4584,0.5,0.508,0.4036,0.0,732.0,-2273.0,15.0,8.0,16.0,8.0,0.6397,0.6397,0.6434,0.6366,0.6397,723.3449,0
1,Blue,KOI,0.5788,Renekton,Wukong,Sylas,Lucian,Nami,0.4871,0.3863,0.6059,0.5507,0.4999,0.0,-1417.0,-415.0,4.0,2.0,3.0,5.0,0.5788,0.5788,0.5821,0.5749,0.5788,-219.6618,0
1,Red,Rogue,0.5532,Gnar,Jarvan IV,Orianna,Caitlyn,Lux,0.3614,0.5039,0.3454,0.5256,0.5,1.0,1417.0,415.0,-4.0,5.0,5.0,2.0,0.5532,0.5543,0.5532,0.5531,0.5532,298.1662,1
1,Blue,G2 Esports,0.7575,Sejuani,Nocturne,Ahri,Yasuo,Senna,0.5,0.6301,0.5316,0.5,0.4335,1.0,4546.0,1172.0,10.0,5.0,10.0,0.0,0.7558,0.7575,0.7575,0.7591,0.7591,-820.1731,1
1,Red,Misfits Gaming,0.5884,Ornn,Vi,Sylas,Sivir,Lulu,0.6292,0.5,0.5482,0.7365,0.7238,0.0,-4546.0,-1172.0,-10.0,0.0,0.0,5.0,0.5,0.4893,0.5884,0.5846,0.5898,-1076.2645,0
1,Blue,Misfits Gaming,0.5324,Renekton,Sejuani,Akali,Sivir,Lulu,0.4407,0.5493,0.4231,0.6623,0.6539,0.0,4776.0,2015.0,53.0,3.0,4.0,0.0,0.5561,0.4426,0.5324,0.5289,0.533,-456.8258,1
1,Red,G2 Esports,0.7806,Ornn,Vi,Twisted Fate,Lucian,Nami,0.5688,0.5,0.6093,0.4983,0.4456,1.0,-4776.0,-2015.0,-53.0,0.0,0.0,3.0,0.7791,0.7806,0.7806,0.7822,0.7822,-757.7933,0
1,Blue,G2 Esports,0.7063,Sejuani,Wukong,Azir,Kalista,Tahm Kench,0.5982,0.3495,0.5071,0.4592,0.3768,1.0,-2023.0,105.0,-3.0,3.0,5.0,4.0,0.7049,0.7063,0.7063,0.7074,0.7074,904.9236,1
1,Red,Misfits Gaming,0.5769,Renekton,Skarner,Ahri,Sivir,Braum,0.494,0.5,0.5766,0.6962,0.5679,0.0,2023.0,-105.0,3.0,4.0,12.0,3.0,0.6042,0.4958,0.5769,0.5738,0.578,673.4219,0
1,Blue,Misfits Gaming,0.522,Ornn,Sejuani,Corki,Sivir,Amumu,0.5143,0.6413,0.6309,0.6267,0.5,1.0,-4068.0,340.0,15.0,1.0,0.0,5.0,0.5395,0.4485,0.522,0.5191,0.5224,-366.5698,0
1,Red,G2 Esports,0.7342,Gwen,Wukong,Renekton,Zeri,Lulu,0.6183,0.4116,0.4469,0.4188,0.6873,0.0,4068.0,-340.0,-15.0,5.0,9.0,1.0,0.733,0.7342,0.7342,0.7353,0.7353,351.5777,1
1,Blue,Fnatic,0.5203,Gwen,Poppy,Ahri,Lucian,Nami,0.6547,0.7595,0.5212,0.4508,0.3979,0.0,2323.0,-763.0,62.0,4.0,8.0,4.0,0.5197,0.5197,0.5221,0.5203,0.5203,-47.6321,0
1,Red,Excel Esports,0.512,Sejuani,Trundle,Lissandra,Nilah,Yuumi,0.5734,0.4147,0.5,0.5,0.517,1.0,-2323.0,763.0,-62.0,4.0,5.0,4.0,0.5137,0.513,0.5119,0.512,0.5132,-445.9744,1
1,Blue,Fnatic,0.4707,Shyvana,Poppy,Sylas,Lucian,Nami,0.5,0.6819,0.4959,0.4078,0.3558,0.0,-1686.0,-536.0,13.0,1.0,3.0,4.0,0.4702,0.4702,0.4723,0.4707,0.4707,-750.6976,0
1,Red,Excel Esports,0.5585,Kled,Sejuani,Twisted Fate,Sivir,Yuumi,0.5,0.6181,0.5512,0.5645,0.5681,1.0,1686.0,536.0,-13.0,4.0,12.0,1.0,0.5606,0.5596,0.5584,0.5585,0.5596,-810.0085,1
1,Blue,Fnatic,0.4259,Gragas,Poppy,Sylas,Twitch,Yuumi,0.5111,0.6128,0.4487,0.5,0.6133,1.0,140.0,818.0,18.0,2.0,4.0,1.0,0.4254,0.4254,0.4274,0.4259,0.4259,-686.5004,1
1,Red,Excel Esports,0.6006,Kennen,Sejuani,Nocturne,Sivir,Lulu,0.2361,0.6577,0.6689,0.6076,0.7174,0.0,-140.0,-818.0,-18.0,1.0,1.0,2.0,0.603,0.6017,0.6005,0.6006,0.6016,-271.4019,0
1,Blue,Excel Esports,0.5434,Sejuani,Wukong,Ahri,Nilah,Yuumi,0.59,0.4677,0.4713,0.5,0.6535,0.0,-2365.0,2061.0,-37.0,2.0,2.0,3.0,0.5449,0.5442,0.5433,0.5434,0.5443,-412.0308,0
1,Red,Fnatic,0.4806,Renekton,Trundle,Sylas,Lucian,Nami,0.4996,0.4705,0.5012,0.369,0.3185,1.0,2365.0,-2061.0,37.0,3.0,5.0,2.0,0.4801,0.4802,0.4819,0.4806,0.4806,-493.2278,1
1,Blue,Excel Esports,0.4916,Ornn,Sejuani,Ahri,Sivir,Yuumi,0.465,0.5298,0.4261,0.5477,0.5862,0.0,-264.0,-430.0,-30.0,2.0,2.0,3.0,0.4925,0.4922,0.4915,0.4916,0.4924,-1083.154,0
1,Red,Fnatic,0.5301,Gwen,Poppy,Sylas,Lucian,Nami,0.5923,0.6518,0.5487,0.4291,0.3892,1.0,264.0,430.0,30.0,3.0,7.0,2.0,0.5296,0.5297,0.5312,0.5301,0.5301,-259.5002,1
1,Blue,Misfits Gaming,0.4723,Renekton,Sejuani,Akali,Zeri,Nautilus,0.5473,0.4761,0.4783,0.4746,0.362,0.0,-7073.0,-3936.0,-98.0,0.0,0.0,4.0,0.4824,0.4057,0.4723,0.4697,0.4722,98.1969,0
1,Red,Fnatic,0.5748,Ornn,Trundle,LeBlanc,Kalista,Renata Glasc,0.4205,0.521,0.4003,0.5111,0.7643,1.0,7073.0,3936.0,98.0,4.0,10.0,0.0,0.5744,0.5745,0.5759,0.5748,0.5748,277.6231,1
1,Blue,Misfits Gaming,0.4273,Ornn,Trundle,Taliyah,Zeri,Soraka,0.476,0.5666,0.4191,0.4291,0.5,1.0,-3406.0,-3462.0,-95.0,3.0,4.0,6.0,0.4319,0.367,0.4273,0.4249,0.4269,-830.5012,0
1,Red,Fnatic,0.6153,Gnar,Poppy,Ahri,Sivir,Renata Glasc,0.4222,0.6867,0.3853,0.4939,0.7873,0.0,3406.0,3462.0,95.0,6.0,10.0,3.0,0.615,0.615,0.6163,0.6153,0.6153,605.0711,1
1,Blue,Misfits Gaming,0.3866,Ornn,Poppy,Corki,Sivir,Leona,0.4304,0.718,0.5697,0.5435,0.3652,0.0,-2135.0,-1923.0,-69.0,4.0,10.0,4.0,0.3871,0.332,0.3866,0.3845,0.386,-271.3977,0
1,Red,Fnatic,0.6519,Gwen,Trundle,Orianna,Zeri,Nautilus,0.6312,0.5126,0.4077,0.388,0.3276,1.0,2135.0,1923.0,69.0,4.0,8.0,4.0,0.6516,0.6517,0.6528,0.6519,0.6519,39.0738,1
1,Blue,G2 Esports,0.7596,Aatrox,Jarvan IV,Azir,Seraphine,Senna,0.2496,0.5512,0.5542,0.6227,0.4885,1.0,745.0,1052.0,-14.0,4.0,10.0,3.0,0.7584,0.7596,0.7596,0.7606,0.7606,-364.0053,1
1,Red,Rogue,0.5957,Renekton,Sejuani,Taliyah,Zeri,Lulu,0.4952,0.4281,0.3781,0.4466,0.6484,0.0,-745.0,-1052.0,14.0,3.0,8.0,4.0,0.5957,0.5969,0.5957,0.5957,0.5957,-531.0099,0
1,Blue,Rogue,0.539,Renekton,Xin Zhao,Azir,Sivir,Yuumi,0.448,0.3831,0.5967,0.4904,0.5264,0.0,-177.0,-601.0,-29.0,1.0,1.0,0.0,0.539,0.5398,0.539,0.5389,0.539,602.0528,0
1,Red,G2 Esports,0.7825,Aatrox,Wukong,Varus,Seraphine,Senna,0.3238,0.4231,0.3582,0.6637,0.538,1.0,177.0,601.0,29.0,0.0,0.0,1.0,0.7814,0.7825,0.7825,0.7835,0.7835,-651.7526,1
1,Blue,Rogue,0.4877,Ornn,Wukong,Azir,Zeri,Braum,0.3893,0.4781,0.5398,0.4039,0.5137,0.0,1124.0,-1620.0,-9.0,4.0,10.0,4.0,0.4877,0.4882,0.4877,0.4874,0.4877,-437.7556,0
1,Red,G2 Esports,0.8032,Yone,Trundle,Sylas,Draven,Rakan,0.5,0.5591,0.5917,0.5882,0.5824,1.0,-1124.0,1620.0,9.0,4.0,4.0,4.0,0.8023,0.8032,0.8032,0.8042,0.8042,900.384,1
1,Blue,KOI,0.5236,Kennen,Poppy,Nocturne,Nilah,Yuumi,0.2114,0.6467,0.5995,0.5,0.473,0.0,-6264.0,-2131.0,-71.0,3.0,7.0,7.0,0.5236,0.5236,0.5267,0.5192,0.5236,132.8616,0
1,Red,Fnatic,0.6851,Renekton,Trundle,Viktor,Lucian,Nami,0.4053,0.6011,0.4211,0.4835,0.4521,1.0,6264.0,2131.0,71.0,7.0,10.0,3.0,0.6848,0.6848,0.6859,0.6851,0.6851,-167.3165,1
1,Blue,KOI,0.4738,Aatrox,Vi,Ahri,Sivir,Yuumi,0.3904,0.5,0.4441,0.4426,0.4254,1.0,5109.0,2378.0,18.0,8.0,10.0,2.0,0.4738,0.4738,0.4765,0.469,0.4738,-297.702,1
1,Red,Fnatic,0.7151,Gwen,Trundle,LeBlanc,Lucian,Nami,0.6663,0.6391,0.4576,0.5327,0.508,0.0,-5109.0,-2378.0,-18.0,2.0,3.0,8.0,0.7148,0.7149,0.7158,0.7151,0.7151,569.5897,0
1,Blue,Fnatic,0.647,Ornn,Sejuani,Sylas,Kalista,Braum,0.3521,0.3852,0.6306,0.558,0.4647,1.0,1487.0,1601.0,12.0,5.0,7.0,2.0,0.6468,0.6468,0.6476,0.647,0.647,-748.0902,1
1,Red,KOI,0.5239,Renekton,Wukong,Cassiopeia,Aphelios,Renata Glasc,0.462,0.4325,0.5,0.3261,0.8079,0.0,-1487.0,-1601.0,-12.0,2.0,4.0,5.0,0.5239,0.5239,0.5264,0.5203,0.5239,741.6015,0
1,Blue,KOI,0.474,Aatrox,Lee Sin,Twisted Fate,Sivir,Yuumi,0.4502,0.4596,0.594,0.4968,0.4829,0.0,-3946.0,-1894.0,-28.0,3.0,7.0,7.0,0.474,0.474,0.4762,0.4701,0.474,-188.6166,0
1,Red,Fnatic,0.6806,Gwen,Trundle,Viktor,Lucian,Nami,0.6028,0.5782,0.4763,0.4819,0.4565,1.0,3946.0,1894.0,28.0,7.0,13.0,3.0,0.6804,0.6804,0.6812,0.6806,0.6806,-65.6482,1
1,Blue,Rogue,0.4412,Aatrox,Vi,Ahri,Lucian,Nami,0.4062,0.5,0.4973,0.5313,0.5113,0.0,-2710.0,-1606.0,-33.0,1.0,1.0,3.0,0.4412,0.4415,0.4412,0.4409,0.4412,311.9559,0
1,Red,Fnatic,0.711,Ornn,Xin Zhao,Sylas,Zeri,Yuumi,0.414,0.3466,0.6658,0.3652,0.4348,1.0,2710.0,1606.0,33.0,3.0,4.0,1.0,0.7108,0.7109,0.7115,0.711,0.711,-983.3599,1
1,Blue,Rogue,0.3992,Renekton,Trundle,Viktor,Lucian,Nami,0.418,0.6184,0.5263,0.4807,0.46,0.0,786.0,564.0,-37.0,4.0,5.0,1.0,0.3992,0.3993,0.3992,0.3989,0.3992,502.0987,1
1,Red,Fnatic,0.7385,Aatrox,Poppy,Orianna,Zeri,Lulu,0.3665,0.5827,0.4641,0.4259,0.5861,1.0,-786.0,-564.0,37.0,1.0,2.0,4.0,0.7384,0.7384,0.739,0.7385,0.7385,108.6035,0
1,Blue,Rogue,0.4564,Ornn,Trundle,Orianna,Zeri,Soraka,0.47,0.6548,0.4199,0.3852,0.5,0.0,1488.0,-995.0,-35.0,1.0,0.0,0.0,0.4564,0.4567,0.4564,0.4562,0.4564,-519.7843,1
1,Red,Fnatic,0.6682,Gangplank,Poppy,Viktor,Sivir,Lulu,0.6207,0.5253,0.5714,0.4486,0.5298,1.0,-1488.0,995.0,35.0,0.0,0.0,1.0,0.6681,0.6681,0.6686,0.6682,0.6682,233.9474,0
1,Blue,Fnatic,0.6046,Aatrox,Sejuani,Azir,Zeri,Lulu,0.3308,0.4465,0.4883,0.4439,0.4789,1.0,-3433.0,-772.0,21.0,2.0,3.0,5.0,0.6044,0.6044,0.605,0.6046,0.6046,-90.9859,0
1,Red,Rogue,0.5082,Renekton,Jarvan IV,Orianna,Lucian,Nami,0.4734,0.594,0.4752,0.5302,0.5139,0.0,3433.0,772.0,-21.0,5.0,6.0,2.0,0.5082,0.5086,0.5082,0.5081,0.5082,197.3757,1
1,Blue,G2 Esports,0.8219,Gwen,Jarvan IV,Ahri,Draven,Renata Glasc,0.6407,0.6328,0.4498,0.6329,0.7296,0.0,-1653.0,-2122.0,-20.0,1.0,2.0,3.0,0.8211,0.8219,0.8219,0.8229,0.8229,1107.0128,0
1,Red,Rogue,0.555,Ornn,Trundle,LeBlanc,Kalista,Soraka,0.5206,0.6877,0.4139,0.6003,0.5,1.0,1653.0,2122.0,20.0,3.0,5.0,1.0,0.555,0.5555,0.555,0.555,0.555,466.9452,1
1,Blue,G2 Esports,0.7436,Aatrox,Trundle,Lissandra,Sivir,Karma,0.2986,0.7174,0.5,0.4052,0.3476,1.0,-357.0,-735.0,-43.0,2.0,1.0,2.0,0.7429,0.7436,0.7436,0.7443,0.7443,-677.6537,0
1,Red,Rogue,0.5974,Renekton,Jarvan IV,Ahri,Caitlyn,Tahm Kench,0.5236,0.5724,0.4068,0.5771,0.4364,0.0,357.0,735.0,43.0,2.0,4.0,2.0,0.5974,0.5979,0.5974,0.5974,0.5974,1154.5065,1
1,Blue,Rogue,0.6357,Aatrox,Jarvan IV,Azir,Sivir,Lulu,0.2697,0.6132,0.4417,0.366,0.433,0.0,3815.0,1135.0,16.0,3.0,4.0,1.0,0.6357,0.6363,0.6357,0.6358,0.6357,-397.4457,1
1,Red,G2 Esports,0.6728,Fiora,Trundle,Ahri,Zeri,Soraka,0.5,0.6491,0.4635,0.4015,0.5,1.0,-3815.0,-1135.0,-16.0,1.0,1.0,3.0,0.6721,0.6728,0.6728,0.6733,0.6733,123.1074,0
0,Blue,Excel Esports,0.4448,K'Sante,Wukong,Syndra,Varus,Jhin,0.5,0.3913,0.362,0.4203,0.357,1.0,-3049.0,-2420.0,-26.0,3.0,3.0,5.0,0.6704,0.5,0.3498,0.4448,0.609,-320.2391,0
0,Red,G2 Esports,0.6087,Jax,Graves,Viktor,Ashe,Heimerdinger,0.5,0.4945,0.5169,0.4722,0.5,0.0,3049.0,2420.0,26.0,5.0,7.0,3.0,0.6081,0.5,0.6087,0.3536,0.4455,390.1317,1
0,Blue,KOI,0.4288,Renekton,Sejuani,Ryze,Ezreal,Ashe,0.5689,0.4022,0.5284,0.3486,0.5257,0.0,1644.0,-457.0,24.0,2.0,3.0,2.0,0.425,0.671,0.6704,0.6705,0.6704,399.4818,1
0,Red,Team BDS,0.2095,Olaf,Vi,Azir,Jhin,Heimerdinger,0.684,0.5,0.495,0.3229,0.5,1.0,-1644.0,457.0,-24.0,2.0,4.0,2.0,0.2338,0.5,0.2069,0.4406,0.3879,-17.1083,0
0,Blue,Astralis,0.312,Fiora,Viego,Ryze,Xayah,Ashe,0.5,0.2426,0.5734,0.5794,0.5735,1.0,1377.0,721.0,-4.0,5.0,8.0,3.0,0.4452,0.5,0.3102,0.3146,0.5,818.8535,0
0,Red,Team Heretics,0.5,K'Sante,Vi,Cassiopeia,Varus,Karma,0.5,0.5,0.5,0.3797,0.3127,0.0,-1377.0,-721.0,4.0,3.0,4.0,5.0,0.5,0.6087,0.5,0.5,0.349,-403.7134,1
0,Blue,KOI,0.4832,Renekton,Wukong,Viktor,Lucian,Nami,0.61,0.354,0.563,0.5749,0.5621,0.0,2102.0,-216.0,10.0,1.0,2.0,1.0,0.5,0.4288,0.4309,0.3918,0.547,789.9174,1
0,Red,SK Gaming,0.4065,K'Sante,Vi,Kassadin,Zeri,Yuumi,0.5,0.5,0.5,0.3632,0.4909,1.0,-2102.0,216.0,-10.0,1.0,3.0,1.0,0.3473,0.4452,0.4092,0.5,0.5,-139.3647,0
0,Blue,Team Vitality,0.3879,Jax,Graves,Ryze,Ezreal,Leona,0.5,0.5429,0.5187,0.4108,0.3304,0.0,1375.0,659.0,-38.0,5.0,10.0,2.0,0.5,0.5,0.3874,0.3479,0.4288,-151.0395,1
0,Red,Fnatic,0.547,Gragas,Kindred,Syndra,Varus,Rakan,0.5577,0.5,0.3274,0.4395,0.6221,1.0,-1375.0,-659.0,38.0,2.0,4.0,5.0,0.5469,0.5469,0.5473,0.4662,0.5,-417.1118,0
0,Blue,SK Gaming,0.3678,Gnar,Kindred,Sylas,Varus,Karma,0.4773,0.5,0.6976,0.3972,0.3813,0.0,406.0,569.0,-2.0,1.0,2.0,2.0,0.3118,0.4026,0.3693,0.5,0.5,-282.6488,0
0,Red,Team BDS,0.1891,Aatrox,Sejuani,Akali,Caitlyn,Thresh,0.3404,0.4613,0.4325,0.6224,0.4085,1.0,-406.0,-569.0,2.0,2.0,3.0,1.0,0.2115,0.5,0.1871,0.3974,0.351,-471.3028,1
0,Blue,Astralis,0.2822,K'Sante,Viego,Syndra,Ezreal,Bard,0.5,0.2195,0.296,0.467,0.5,0.0,-421.0,-1813.0,-12.0,1.0,0.0,4.0,0.4024,0.5,0.2799,0.2846,0.5,0.864,0
0,Red,KOI,0.5325,Fiora,Sejuani,Akali,Varus,Thresh,0.5,0.5144,0.4868,0.359,0.4649,1.0,421.0,1813.0,12.0,4.0,7.0,1.0,0.5,0.4832,0.4851,0.4498,0.5901,-948.6615,1
0,Blue,Team Vitality,0.4462,Jax,Sejuani,Azir,Zeri,Braum,0.5,0.5621,0.4478,0.3285,0.5157,0.0,2349.0,1289.0,40.0,4.0,10.0,4.0,0.5,0.5,0.4463,0.41,0.4832,-19.1097,1
0,Red,Team Heretics,0.5,K'Sante,Wukong,Kassadin,Kalista,Nautilus,0.5,0.4156,0.5,0.6386,0.3916,1.0,-2349.0,-1289.0,-40.0,4.0,5.0,4.0,0.5,0.646,0.5,0.5,0.4114,787.6785,0
0,Blue,Excel Esports,0.4024,Renekton,Vi,Ahri,Lucian,Nami,0.6471,0.5,0.4192,0.6154,0.6054,0.0,-1860.0,-1633.0,-31.0,0.0,0.0,2.0,0.6066,0.5,0.3164,0.4024,0.5509,753.2051,0
0,Red,KOI,0.577,Aatrox,Maokai,Kassadin,Kalista,Soraka,0.4042,0.5,0.5,0.5775,0.5,1.0,1860.0,1633.0,31.0,2.0,2.0,0.0,0.4818,0.7024,0.7018,0.7019,0.7018,506.9836,1
0,Blue,Fnatic,0.4949,K'Sante,Sejuani,Azir,Zeri,Yuumi,0.5,0.6049,0.5004,0.3926,0.4424,0.0,-7603.0,-4714.0,-87.0,2.0,2.0,8.0,0.4948,0.4948,0.4952,0.4216,0.5,160.299,0
0,Red,G2 Esports,0.646,Jax,Viego,Akali,Draven,Nautilus,0.5,0.1986,0.5359,0.5651,0.3543,1.0,7603.0,4714.0,87.0,8.0,11.0,2.0,0.6454,0.5,0.646,0.4153,0.4983,836.8032,1
0,Blue,Team Heretics,0.5,K'Sante,Maokai,Azir,Varus,Lulu,0.5,0.5,0.4527,0.4206,0.4874,0.0,-1156.0,-2089.0,-20.0,3.0,3.0,8.0,0.5,0.5845,0.5,0.5,0.372,14.8528,0
0,Red,SK Gaming,0.3327,Camille,Sejuani,Sylas,Zeri,Renata Glasc,0.4411,0.5459,0.6312,0.3552,0.6589,1.0,1156.0,2089.0,20.0,8.0,16.0,3.0,0.2802,0.3642,0.3333,0.5,0.5,-1497.5275,1
0,Blue,Team BDS,0.2681,Darius,Sejuani,Akali,Caitlyn,Lux,0.5,0.5901,0.5803,0.6623,0.5,0.0,1514.0,889.0,4.0,4.0,5.0,1.0,0.2868,0.5,0.2648,0.4564,0.4128,-186.8631,0
0,Red,Excel Esports,0.3641,Jax,Maokai,Twisted Fate,Varus,Karma,0.5,0.5,0.5374,0.3802,0.3434,1.0,-1514.0,-889.0,-4.0,1.0,2.0,4.0,0.5488,0.2597,0.2863,0.3641,0.4984,-729.1425,1
0,Blue,G2 Esports,0.6797,Karma,Kindred,Zac,Varus,Ashe,0.4083,0.5,0.5,0.4397,0.5161,1.0,4117.0,2027.0,73.0,8.0,9.0,5.0,0.6792,0.5,0.6797,0.471,0.5461,-348.7997,1
0,Red,Astralis,0.2553,Aatrox,Sejuani,Sylas,Caitlyn,Lux,0.4617,0.5327,0.6663,0.593,0.5,0.0,-4117.0,-2027.0,-73.0,5.0,6.0,8.0,0.3638,0.5,0.2527,0.2575,0.2597,-234.6101,0
0,Blue,KOI,0.6173,Jax,Sejuani,Ryze,Jhin,Rakan,0.5,0.4811,0.5646,0.292,0.5629,0.0,1297.0,2380.0,37.0,6.0,12.0,2.0,0.5329,0.7308,0.7302,0.7303,0.7302,-823.5137,0
0,Red,Fnatic,0.4478,Gragas,Maokai,Jayce,Sivir,Ashe,0.5045,0.5,0.4582,0.4272,0.5643,1.0,-1297.0,-2380.0,-37.0,2.0,6.0,6.0,0.4477,0.4477,0.4481,0.3814,0.5,-58.5154,1
0,Blue,KOI,0.5585,Gnar,Wukong,Viktor,Lucian,Lulu,0.4318,0.3759,0.6047,0.5568,0.4407,0.0,-2545.0,-848.0,-9.0,4.0,4.0,7.0,0.5,0.5325,0.5341,0.5022,0.6292,160.6242,0
0,Red,Team Vitality,0.499,K'Sante,Vi,Azir,Ezreal,Nami,0.5,0.5,0.4096,0.4224,0.5458,1.0,2545.0,848.0,9.0,7.0,8.0,4.0,0.5,0.5,0.4995,0.4662,0.5325,6.8845,1
0,Blue,Team Vitality,0.5467,Gnar,Maokai,Syndra,Caitlyn,Lux,0.3907,0.5,0.2677,0.5315,0.5,1.0,396.0,1249.0,68.0,2.0,3.0,4.0,0.5,0.5,0.5476,0.517,0.577,559.411,1
0,Red,Astralis,0.231,K'Sante,Viego,Twisted Fate,Zeri,Yuumi,0.5,0.2749,0.5815,0.4167,0.3988,0.0,-396.0,-1249.0,-68.0,4.0,9.0,2.0,0.3289,0.5,0.2281,0.233,0.2316,1.0341,0
0,Blue,Fnatic,0.5004,K'Sante,Viego,Azir,Ezreal,Ashe,0.5,0.2488,0.4658,0.4775,0.6076,0.0,-2620.0,-1777.0,-101.0,4.0,9.0,3.0,0.5003,0.5003,0.5006,0.4404,0.5,837.2388,0
0,Red,Team BDS,0.242,Olaf,Wukong,Viktor,Varus,Heimerdinger,0.6172,0.3401,0.547,0.4934,0.5,1.0,2620.0,1777.0,101.0,3.0,3.0,4.0,0.2594,0.5,0.2395,0.4118,0.3735,-660.4014,1
0,Blue,Team Heretics,0.5,K'Sante,Graves,Azir,Lucian,Nami,0.5,0.5865,0.4214,0.5037,0.5904,0.0,1578.0,-558.0,-19.0,5.0,9.0,3.0,0.5,0.5288,0.5,0.5,0.3364,426.7669,1
0,Red,KOI,0.5053,Fiora,Elise,Viktor,Sivir,Yuumi,0.5,0.5,0.5902,0.4824,0.3596,1.0,-1578.0,558.0,19.0,3.0,4.0,5.0,0.4806,0.6611,0.6607,0.6607,0.6607,-259.9783,0
0,Blue,SK Gaming,0.3963,Sion,Elise,Azir,Sivir,Yuumi,0.313,0.5,0.4766,0.436,0.3244,0.0,876.0,3116.0,20.0,6.0,10.0,4.0,0.3528,0.4249,0.3981,0.5,0.5,-321.5585,1
0,Red,G2 Esports,0.7102,K'Sante,Graves,Akali,Varus,Lulu,0.5,0.626,0.5248,0.5419,0.3985,1.0,-876.0,-3116.0,-20.0,4.0,5.0,6.0,0.7098,0.5,0.7102,0.5215,0.5893,-200.8301,0
0,Blue,KOI,0.4572,K'Sante,Maokai,Azir,Sivir,Lulu,0.5,0.5,0.5265,0.4902,0.3604,1.0,1913.0,1329.0,33.0,1.0,2.0,1.0,0.5,0.4817,0.4832,0.4543,0.5692,357.0779,1
0,Red,Excel Esports,0.4247,Gwen,Wukong,Akali,Zeri,Yuumi,0.5796,0.403,0.4747,0.3769,0.3904,0.0,-1913.0,-1329.0,-33.0,1.0,2.0,1.0,0.5918,0.3401,0.3543,0.4247,0.5462,-316.2827,0
0,Blue,Astralis,0.209,K'Sante,Jarvan IV,Syndra,Caitlyn,Ashe,0.5,0.6501,0.3377,0.5797,0.5475,0.0,-1325.0,-1143.0,-37.0,2.0,3.0,5.0,0.2974,0.5,0.206,0.2108,0.2068,306.7132,0
0,Red,Team BDS,0.3155,Jax,Wukong,Sylas,Jhin,Heimerdinger,0.5,0.3646,0.6028,0.264,0.5,1.0,1325.0,1143.0,37.0,5.0,6.0,2.0,0.3301,0.5,0.3121,0.4691,0.4332,-742.2192,1
0,Blue,Team Vitality,0.5899,Ornn,Maokai,Tristana,Sivir,Yuumi,0.5663,0.5,0.4127,0.5392,0.3524,0.0,51.0,481.0,7.0,4.0,6.0,4.0,0.5,0.5,0.591,0.563,0.6173,-134.3748,0
0,Red,SK Gaming,0.4538,Renekton,Elise,Syndra,Zeri,Lulu,0.5855,0.5,0.3054,0.341,0.4215,1.0,-51.0,-481.0,-7.0,4.0,5.0,4.0,0.4176,0.4798,0.4565,0.5,0.5,356.9868,1
0,Blue,Team Heretics,0.5,K'Sante,Elise,Viktor,Lucian,Nami,0.5,0.5,0.5339,0.551,0.6305,0.0,-8538.0,-4101.0,-11.0,4.0,3.0,14.0,0.5,0.5737,0.5,0.5,0.3999,-218.9941,0
0,Red,G2 Esports,0.6426,Jax,Bel'Veth,Twisted Fate,Draven,Nautilus,0.5,0.5,0.5261,0.6112,0.4158,1.0,8538.0,4101.0,11.0,14.0,19.0,4.0,0.6422,0.5,0.6426,0.4718,0.5332,997.1009,1
0,Blue,Excel Esports,0.3842,Renekton,Vi,Sylas,Lucian,Nami,0.625,0.5,0.6407,0.4985,0.5689,0.0,951.0,-1307.0,-40.0,7.0,13.0,5.0,0.5354,0.3036,0.3205,0.3842,0.4941,-77.4209,0
0,Red,Fnatic,0.4527,Gnar,Wukong,Kassadin,Varus,Nautilus,0.4487,0.4251,0.5,0.49,0.4714,1.0,-951.0,1307.0,40.0,5.0,8.0,7.0,0.4526,0.4526,0.4529,0.3984,0.5,134.9415,1
0,Blue,KOI,0.5089,K'Sante,Jarvan IV,Azir,Lucian,Nami,0.5,0.5881,0.5716,0.4511,0.5135,0.0,-3600.0,-3449.0,-42.0,2.0,4.0,5.0,0.4335,0.5981,0.5978,0.5978,0.5978,54.0721,0
0,Red,KOI,0.4604,Fiora,Sejuani,Sylas,Varus,Ashe,0.5,0.4345,0.5797,0.5389,0.4936,1.0,3600.0,3449.0,42.0,5.0,7.0,2.0,0.5,0.5311,0.5325,0.5063,0.6103,-754.7431,1
0,Blue,Excel Esports,0.3476,K'Sante,Sejuani,Taliyah,Draven,Nautilus,0.5,0.4892,0.3411,0.6519,0.5218,1.0,-3473.0,-1358.0,2.0,0.0,0.0,5.0,0.4844,0.2715,0.29,0.3476,0.447,768.7404,0
0,Red,Astralis,0.1891,Gnar,Trundle,Sylas,Lucian,Nami,0.5012,0.5872,0.6197,0.4081,0.4636,0.0,3473.0,1358.0,-2.0,5.0,9.0,0.0,0.2689,0.5,0.186,0.1907,0.1849,-334.9645,1
0,Blue,Team BDS,0.3818,Darius,Maokai,Azir,Jhin,Tahm Kench,0.5,0.5,0.5171,0.3344,0.4902,0.0,2576.0,2570.0,21.0,3.0,2.0,0.0,0.394,0.5,0.3778,0.5207,0.4871,43.05,1
0,Red,KOI,0.5118,K'Sante,Sejuani,Akali,Varus,Thresh,0.5,0.4419,0.4294,0.583,0.5159,1.0,-2576.0,-2570.0,-21.0,0.0,0.0,3.0,0.5,0.5758,0.577,0.5533,0.6474,-875.553,0
0,Blue,SK Gaming,0.5058,Gnar,Sejuani,Akali,Lucian,Yuumi,0.5487,0.3993,0.3884,0.4645,0.3181,1.0,730.0,1820.0,15.0,3.0,3.0,2.0,0.4757,0.5294,0.5091,0.5,0.5,-587.5376,1
0,Red,KOI,0.4631,Renekton,Maokai,Tristana,Ezreal,Nami,0.5655,0.5,0.3733,0.432,0.5156,0.0,-730.0,-1820.0,-15.0,2.0,3.0,3.0,0.3912,0.541,0.5408,0.5408,0.5408,423.6142,0
0,Blue,G2 Esports,0.6766,K'Sante,Udyr,Ryze,Lucian,Nami,0.5,0.4032,0.5107,0.5155,0.4657,1.0,-2083.0,-580.0,1.0,0.0,0.0,4.0,0.6762,0.5,0.6766,0.5221,0.5777,-271.3953,0
0,Red,Team Vitality,0.5337,Gwen,Vi,Cassiopeia,Varus,Ashe,0.5244,0.3058,0.5,0.5272,0.5433,0.0,2083.0,580.0,-1.0,4.0,5.0,0.0,0.5,0.5,0.5343,0.5094,0.5585,8.9457,1
0,Blue,Fnatic,0.5048,Gwen,Vi,Ryze,Varus,Leona,0.5697,0.3811,0.462,0.5724,0.3942,0.0,2802.0,1686.0,51.0,3.0,7.0,2.0,0.5047,0.5048,0.505,0.4558,0.5,-228.9136,0
0,Red,Team Heretics,0.5,K'Sante,Wukong,Azir,Zeri,Braum,0.5,0.4799,0.5631,0.4038,0.5619,1.0,-2802.0,-1686.0,-51.0,2.0,4.0,3.0,0.5,0.5191,0.5,0.5,0.3616,309.1243,1
0,Blue,Astralis,0.2663,Gangplank,Sejuani,Sylas,Ezreal,Karma,0.5614,0.4572,0.6559,0.3908,0.4666,1.0,-1967.0,-1272.0,6.0,3.0,2.0,9.0,0.3389,0.5,0.2647,0.2678,0.2702,-734.6981,1
0,Red,SK Gaming,0.5529,Jax,Vi,LeBlanc,Lucian,Nami,0.6301,0.3403,0.4699,0.4664,0.4207,0.0,1967.0,1272.0,-6.0,9.0,13.0,3.0,0.5277,0.5743,0.5566,0.5,0.5,574.4322,0
0,Blue,Excel Esports,0.3145,Ornn,Elise,Jayce,Varus,Braum,0.5123,0.5,0.5098,0.5177,0.6037,0.0,-2589.0,-380.0,-30.0,5.0,9.0,5.0,0.4383,0.2431,0.2624,0.3145,0.4044,-477.0809,0
0,Red,Team Heretics,0.5,Jax,Sejuani,Orianna,Draven,Rakan,0.5617,0.5094,0.5251,0.5843,0.5093,1.0,2589.0,380.0,30.0,5.0,9.0,5.0,0.5,0.5649,0.5,0.5,0.4226,1112.174,1
0,Blue,G2 Esports,0.6122,Gnar,Maokai,Ryze,Xayah,Nautilus,0.5917,0.5,0.418,0.5242,0.4721,0.0,-161.0,-389.0,2.0,5.0,12.0,6.0,0.6118,0.5,0.6122,0.4723,0.5227,274.6631,1
0,Red,Team BDS,0.4416,Jax,Sejuani,Sylas,Lucian,Nami,0.6087,0.5565,0.6887,0.422,0.3801,1.0,161.0,389.0,-2.0,6.0,8.0,5.0,0.4518,0.5,0.4372,0.5672,0.536,155.8278,0
0,Blue,Fnatic,0.4567,Gragas,Viego,Sylas,Xayah,Yuumi,0.5518,0.2251,0.6231,0.5695,0.3843,0.0,-8328.0,-4123.0,-57.0,4.0,6.0,12.0,0.4567,0.4567,0.4569,0.4123,0.5,-148.8294,0
0,Red,KOI,0.419,Renekton,Sejuani,Cassiopeia,Zeri,Lulu,0.5116,0.5031,0.5,0.4607,0.4768,1.0,8328.0,4123.0,57.0,12.0,12.0,4.0,0.5,0.5209,0.522,0.5006,0.5857,187.8383,1
0,Blue,KOI,0.4743,Gnar,Vi,Azir,Varus,Ashe,0.6306,0.3043,0.6047,0.4683,0.588,1.0,430.0,-2346.0,-16.0,1.0,2.0,2.0,0.3531,0.4895,0.4893,0.4893,0.4893,341.9978,1
0,Red,Team Vitality,0.5781,Renekton,Sejuani,LeBlanc,Zeri,Yuumi,0.5581,0.5508,0.425,0.5121,0.347,0.0,-430.0,2346.0,16.0,2.0,2.0,1.0,0.5,0.5,0.579,0.5561,0.6005,533.601,0
0,Blue,SK Gaming,0.5003,Sion,Maokai,Akali,Zeri,Yuumi,0.3798,0.5,0.4467,0.4633,0.3135,1.0,-2636.0,11.0,-10.0,0.0,0.0,1.0,0.4756,0.5195,0.5028,0.5,0.5,-989.4684,1
0,Red,Excel Esports,0.2845,Renekton,Sejuani,Viktor,Yasuo,Senna,0.505,0.498,0.4831,0.5,0.5827,0.0,2636.0,-11.0,10.0,1.0,1.0,0.0,0.3966,0.2179,0.2374,0.2845,0.3658,-119.6814,0
0,Blue,Team BDS,0.399,K'Sante,Wukong,Akali,Lucian,Nami,0.2608,0.5295,0.4995,0.3818,0.3434,0.0,-1939.0,-238.0,-66.0,2.0,2.0,0.0,0.4087,0.5,0.3955,0.5123,0.4849,-827.322,0
0,Red,Team Vitality,0.523,Gwen,Vi,Azir,Varus,Ashe,0.5155,0.3772,0.6424,0.519,0.6282,1.0,1939.0,238.0,66.0,0.0,0.0,2.0,0.5,0.5,0.5235,0.5031,0.5433,478.8602,1
0,Blue,Team Heretics,0.5,Renekton,Wukong,Azir,Ashe,Heimerdinger,0.4569,0.479,0.6765,0.6644,0.5,0.0,1602.0,1959.0,9.0,6.0,9.0,5.0,0.5,0.6063,0.5,0.5,0.4778,1205.9855,0
0,Red,KOI,0.5244,K'Sante,Vi,Sylas,Varus,Yuumi,0.2325,0.4418,0.5637,0.565,0.3798,1.0,-1602.0,-1959.0,-9.0,5.0,9.0,6.0,0.5,0.5666,0.5676,0.5482,0.6252,-1651.0951,1
0,Blue,Astralis,0.3362,Gnar,Trundle,Ryze,Lucian,Nami,0.6658,0.6265,0.4735,0.3454,0.3103,1.0,89.0,-3048.0,-46.0,1.0,1.0,2.0,0.4022,0.5,0.3357,0.3375,0.3459,325.2015,1
0,Red,Fnatic,0.4132,Aatrox,Vi,Azir,Varus,Nautilus,0.4172,0.4992,0.612,0.6065,0.5224,0.0,-89.0,3048.0,46.0,2.0,3.0,1.0,0.4132,0.4132,0.4134,0.373,0.5,34.52,0
0,Blue,G2 Esports,0.6491,Jax,Elise,Jayce,Kalista,Leona,0.5442,0.5,0.4612,0.6179,0.3566,1.0,5939.0,3707.0,51.0,8.0,15.0,3.0,0.6488,0.5,0.6491,0.5226,0.5681,1156.8173,1
0,Red,KOI,0.5697,Gangplank,Maokai,Azir,Zeri,Nautilus,0.6033,0.5,0.5537,0.5144,0.4726,0.0,-5939.0,-3707.0,-51.0,3.0,2.0,8.0,0.416,0.5381,0.538,0.5379,0.538,975.3376,0
0,Blue,Team BDS,0.3605,Sett,Vi,Azir,Zeri,Ashe,0.3854,0.4482,0.501,0.4654,0.5999,0.0,-265.0,1218.0,-5.0,5.0,9.0,6.0,0.3697,0.5,0.3578,0.4627,0.4388,691.1115,1
0,Red,Team Heretics,0.5,Renekton,Sejuani,Sylas,Varus,Heimerdinger,0.4134,0.4503,0.6053,0.5486,0.5,1.0,265.0,-1218.0,5.0,6.0,8.0,5.0,0.5,0.5486,0.5,0.5,0.4322,-458.9455,0
0,Blue,KOI,0.5154,Gnar,Wukong,Sylas,Zeri,Lulu,0.6976,0.4334,0.5476,0.5163,0.5268,0.0,703.0,613.0,9.0,0.0,0.0,1.0,0.3756,0.4868,0.4867,0.4867,0.4867,-560.278,1
0,Red,Astralis,0.3995,Kled,Sejuani,Yone,Sivir,Yuumi,0.5,0.4071,0.5,0.4875,0.4396,1.0,-703.0,-613.0,-9.0,1.0,0.0,0.0,0.4593,0.5,0.3998,0.4006,0.4132,-229.2497,0
0,Blue,SK Gaming,0.5479,Gnar,Sejuani,Taliyah,Caitlyn,Lux,0.7264,0.3682,0.3079,0.5205,0.5,1.0,1917.0,1701.0,-2.0,3.0,3.0,3.0,0.5272,0.5653,0.5508,0.5,0.5,189.4141,1
0,Red,Fnatic,0.3739,Camille,Wukong,Azir,Xayah,Leona,0.4945,0.4874,0.5485,0.5153,0.4179,0.0,-1917.0,-1701.0,2.0,3.0,5.0,3.0,0.3738,0.3738,0.374,0.3374,0.5,-248.9448,0
0,Blue,KOI,0.5616,Renekton,Sejuani,Viktor,Sivir,Yuumi,0.374,0.4286,0.437,0.4407,0.3972,0.0,-492.0,-664.0,-23.0,1.0,3.0,1.0,0.5,0.6078,0.6087,0.5912,0.6609,188.3126,1
0,Red,G2 Esports,0.6825,Karma,Kindred,Swain,Varus,Taliyah,0.519,0.5,0.5,0.4963,0.3752,1.0,492.0,664.0,23.0,1.0,1.0,1.0,0.6823,0.5,0.6825,0.5681,0.6092,-866.4683,0
0,Blue,Team Vitality,0.5685,Gragas,Vi,Taliyah,Zeri,Yuumi,0.4992,0.5042,0.3388,0.5624,0.4552,0.0,-1608.0,-1734.0,-43.0,1.0,2.0,4.0,0.5,0.5,0.5691,0.5505,0.5868,-1189.4901,1
0,Red,Excel Esports,0.2574,Jax,Wukong,Ryze,Varus,Pyke,0.592,0.4409,0.5237,0.4489,0.5,1.0,1608.0,1734.0,43.0,4.0,7.0,1.0,0.3588,0.1955,0.2148,0.2574,0.331,-10.4055,0
0,Blue,Team Vitality,0.6096,Sion,Kindred,Syndra,Ezreal,Karma,0.44,0.5,0.3718,0.4489,0.4682,1.0,4054.0,3087.0,61.0,4.0,4.0,1.0,0.5,0.5,0.6103,0.5933,0.6262,-1643.6863,1
0,Red,Team Heretics,0.5,K'Sante,Wukong,Azir,Caitlyn,Varus,0.3147,0.3989,0.4963,0.5691,0.4061,0.0,-4054.0,-3087.0,-61.0,1.0,2.0,4.0,0.5,0.4963,0.5,0.5,0.3909,133.0627,0
0,Blue,Team Vitality,0.6468,Jax,Wukong,Kassadin,Caitlyn,Lux,0.5306,0.3609,0.5,0.5118,0.5,0.0,-3142.0,-1665.0,-51.0,2.0,1.0,7.0,0.5,0.5,0.6476,0.632,0.6618,616.4131,0
0,Red,Team Heretics,0.5,K'Sante,Vi,Viktor,Zeri,Nautilus,0.2814,0.5541,0.4907,0.6041,0.4276,1.0,3142.0,1665.0,51.0,7.0,9.0,2.0,0.5,0.449,0.5,0.5,0.3536,-882.8813,1
0,Blue,Team Vitality,0.5852,Gragas,Kindred,Azir,Sivir,Renata Glasc,0.5469,0.5,0.449,0.4943,0.6919,0.0,-312.0,-1813.0,-19.0,4.0,7.0,5.0,0.5,0.5,0.5857,0.5718,0.5988,95.0357,1
0,Red,Team Heretics,0.5,Jax,Vi,Syndra,Zeri,Soraka,0.476,0.5988,0.4318,0.6419,0.5,1.0,312.0,1813.0,19.0,5.0,16.0,4.0,0.5,0.5015,0.5,0.5,0.4153,238.4294,0
0,Blue,KOI,0.6033,Gnar,Sejuani,Sylas,Sivir,Karma,0.7525,0.4833,0.5907,0.5428,0.5201,0.0,2934.0,-74.0,17.0,6.0,10.0,3.0,0.4361,0.5357,0.5356,0.5356,0.5356,-467.9386,1
0,Red,SK Gaming,0.5909,Renekton,Maokai,Jayce,Xayah,Nautilus,0.4336,0.5,0.5126,0.4662,0.4821,1.0,-2934.0,74.0,-17.0,3.0,3.0,6.0,0.5737,0.6068,0.594,0.5,0.5,320.1268,0
0,Blue,SK Gaming,0.5346,Sion,Amumu,Azir,Caitlyn,Lux,0.4942,0.5,0.5015,0.4605,0.5,0.0,-2356.0,-1727.0,-27.0,2.0,3.0,5.0,0.5175,0.5489,0.5369,0.5,0.5,-306.0528,0
0,Red,KOI,0.6411,Aatrox,Sejuani,Sylas,Lucian,Nami,0.377,0.5326,0.6297,0.4078,0.3767,1.0,2356.0,1727.0,27.0,5.0,9.0,2.0,0.4906,0.58,0.5798,0.5798,0.5798,-113.8309,1
0,Blue,KOI,0.6753,K'Sante,Maokai,Azir,Lucian,Nami,0.3566,0.5,0.4537,0.4642,0.4366,0.0,722.0,-1431.0,7.0,4.0,6.0,4.0,0.5,0.6452,0.646,0.6301,0.6932,106.0024,1
0,Red,Astralis,0.3614,Jax,Vi,Ryze,Ezreal,Karma,0.4274,0.5391,0.4738,0.5014,0.5669,1.0,-722.0,1431.0,-7.0,4.0,5.0,4.0,0.4154,0.5,0.3613,0.3625,0.371,-536.9822,0
0,Blue,Astralis,0.327,Jax,Jarvan IV,Sylas,Lucian,Nami,0.3841,0.532,0.665,0.5152,0.4907,1.0,341.0,917.0,-68.0,12.0,25.0,7.0,0.3757,0.5,0.3265,0.328,0.3334,30.3201,1
0,Red,KOI,0.7062,Gragas,Vi,Ryze,Draven,Ashe,0.5901,0.4856,0.4286,0.627,0.6387,0.0,-341.0,-917.0,68.0,7.0,15.0,12.0,0.5,0.679,0.6797,0.6654,0.7224,749.7442,0
0,Blue,KOI,0.6389,K'Sante,Sejuani,Azir,Aphelios,Thresh,0.4234,0.5773,0.5057,0.295,0.4667,1.0,1208.0,1990.0,69.0,8.0,14.0,8.0,0.5,0.6143,0.615,0.602,0.6536,-358.8045,1
0,Red,Astralis,0.3911,Jax,Vi,Karma,Cassiopeia,Twitch,0.4461,0.4376,0.5118,0.5,0.5,0.0,-1208.0,-1990.0,-69.0,8.0,12.0,8.0,0.4354,0.5,0.3912,0.392,0.4006,-165.0944,0
0,Blue,G2 Esports,0.6175,Jax,Lillia,Jayce,Kai'Sa,Nautilus,0.4014,0.3318,0.4637,0.5942,0.4362,1.0,510.0,-1022.0,-2.0,4.0,7.0,4.0,0.6173,0.5,0.6175,0.514,0.5512,-128.8917,1
0,Red,Team BDS,0.4221,Garen,Sejuani,Ryze,Zeri,Alistar,0.5,0.6177,0.3878,0.5807,0.4784,0.0,-510.0,1022.0,2.0,4.0,3.0,4.0,0.4298,0.5,0.419,0.5146,0.4922,117.2464,0
0,Blue,Team BDS,0.3815,Olaf,Elise,Azir,Zeri,Lulu,0.6545,0.5,0.5528,0.5254,0.572,0.0,2422.0,-753.0,-36.0,4.0,7.0,0.0,0.3889,0.5,0.3791,0.465,0.4453,567.6031,1
0,Red,G2 Esports,0.654,Jax,Bel'Veth,Sylas,Xayah,Nautilus,0.4611,0.5,0.6969,0.4218,0.4899,1.0,-2422.0,753.0,36.0,0.0,0.0,4.0,0.6537,0.5,0.654,0.5603,0.594,-586.5348,0
0,Blue,G2 Esports,0.5917,Jax,Lillia,Jayce,Varus,Leona,0.4153,0.3958,0.5148,0.3674,0.3781,0.0,9151.0,6332.0,56.0,15.0,25.0,3.0,0.5915,0.5,0.5917,0.5069,0.5374,-331.1374,1
0,Red,Team BDS,0.4409,Renekton,Sejuani,Ryze,Caitlyn,Karma,0.3923,0.5587,0.3508,0.4146,0.4621,1.0,-9151.0,-6332.0,-56.0,3.0,6.0,15.0,0.4471,0.5,0.4383,0.5165,0.4982,203.036,0
0,Blue,Team Vitality,0.6247,Gwen,Sejuani,Jayce,Sivir,Lulu,0.5616,0.5054,0.5611,0.5866,0.6129,0.0,-648.0,-931.0,-8.0,1.0,2.0,3.0,0.5,0.5,0.6253,0.6126,0.637,255.4825,0
0,Red,KOI,0.6733,K'Sante,Vi,Orianna,Zeri,Soraka,0.4827,0.3945,0.5704,0.5706,0.5,1.0,648.0,931.0,8.0,3.0,4.0,1.0,0.5398,0.62,0.6198,0.6199,0.6198,-319.0689,1
0,Blue,KOI,0.7044,K'Sante,Xin Zhao,Azir,Sivir,Ashe,0.5355,0.4089,0.5954,0.5304,0.5768,1.0,5565.0,3751.0,10.0,11.0,18.0,2.0,0.5841,0.6562,0.6561,0.6561,0.6561,66.1908,1
0,Red,Team Vitality,0.5652,Olaf,Nidalee,Yone,Xayah,Nautilus,0.6881,0.5,0.5,0.3816,0.4432,0.0,-5565.0,-3751.0,-10.0,1.0,2.0,11.0,0.5,0.5,0.5656,0.5543,0.5763,-139.79,0
0,Blue,KOI,0.7326,K'Sante,Sejuani,Viktor,Zeri,Lulu,0.5826,0.4571,0.5392,0.6115,0.5544,1.0,-1191.0,-2019.0,-51.0,3.0,3.0,5.0,0.5,0.651,0.6517,0.6399,0.6866,-57.2312,0
0,Red,G2 Esports,0.6306,Olaf,Lillia,Tristana,Draven,Rakan,0.6213,0.4536,0.3377,0.563,0.556,0.0,1191.0,2019.0,51.0,5.0,9.0,3.0,0.6304,0.5,0.6306,0.5539,0.5815,2097.8952,1
0,Blue,G2 Esports,0.6657,Jax,Maokai,Kassadin,Draven,Soraka,0.4731,0.5,0.5,0.6073,0.5,0.0,-1307.0,-2285.0,-67.0,2.0,2.0,6.0,0.6656,0.5,0.6657,0.5964,0.6213,1268.1862,1
0,Red,KOI,0.6628,Jayce,Sejuani,Sylas,Ezreal,Leona,0.5076,0.4135,0.6305,0.4536,0.4373,1.0,1307.0,2285.0,67.0,6.0,6.0,2.0,0.5,0.589,0.5896,0.579,0.6212,-798.682,0
0,Blue,SK Gaming,0.4837,Gnar,Sejuani,Sylas,Zeri,Lulu,0.776,0.374,0.5705,0.5532,0.5015,1.0,-1247.0,119.0,14.0,0.0,0.0,2.0,0.467,0.4966,0.4853,0.5,0.5,155.9011,1
0,Red,Team Heretics,0.5,Jax,Graves,Azir,Lucian,Nami,0.525,0.5663,0.6339,0.5614,0.5396,0.0,1247.0,-119.0,-14.0,2.0,2.0,0.0,0.5,0.4538,0.5,0.5,0.3757,955.7759,0
0,Blue,Team Heretics,0.5,K'Sante,Kindred,Azir,Lucian,Nami,0.5239,0.5,0.5736,0.5079,0.4878,1.0,1683.0,1167.0,7.0,4.0,6.0,2.0,0.5,0.4105,0.5,0.5,0.3398,400.2761,0
0,Red,SK Gaming,0.5329,Gnar,Vi,Taliyah,Zeri,Lulu,0.7974,0.4539,0.4028,0.5958,0.549,0.0,-1683.0,-1167.0,-7.0,2.0,3.0,4.0,0.5189,0.5446,0.5347,0.5,0.5,-11.3832,1
0,Blue,Team BDS,0.3986,Olaf,Elise,Kassadin,Ezreal,Karma,0.658,0.5,0.5,0.4104,0.4174,0.0,347.0,603.0,47.0,4.0,8.0,2.0,0.4045,0.5,0.3965,0.4668,0.4507,-484.2471,1
0,Red,Astralis,0.3538,Sion,Sejuani,Sylas,Caitlyn,Lux,0.4464,0.4338,0.6114,0.3734,0.5,1.0,-347.0,-603.0,-47.0,2.0,2.0,4.0,0.3938,0.5,0.3537,0.3546,0.3604,-1260.8018,0
0,Blue,Astralis,0.3201,Gnar,Maokai,Viktor,Varus,Ashe,0.8167,0.5,0.4878,0.4277,0.6177,1.0,1003.0,131.0,1.0,3.0,3.0,3.0,0.3562,0.5,0.3197,0.3209,0.3245,283.0028,1
0,Red,Team BDS,0.4563,Renekton,Wukong,Kassadin,Ezreal,Karma,0.3549,0.3265,0.5,0.4666,0.4737,0.0,-1003.0,-131.0,-1.0,3.0,5.0,3.0,0.4613,0.5,0.454,0.5181,0.503,-486.1849,0
0,Blue,Team BDS,0.4125,Olaf,Wukong,Azir,Ezreal,Karma,0.691,0.2954,0.5189,0.4221,0.428,0.0,-5759.0,-2567.0,-30.0,1.0,1.0,6.0,0.4173,0.5,0.4107,0.4683,0.4551,-193.2208,0
0,Red,Astralis,0.3849,Kled,Sejuani,Akali,Varus,Nautilus,0.5,0.3924,0.4519,0.4823,0.401,1.0,5759.0,2567.0,30.0,6.0,10.0,1.0,0.4176,0.5,0.385,0.3855,0.3916,-1171.0406,1
0,Blue,Team Vitality,0.5113,Gangplank,Elise,Sylas,Varus,Alistar,0.5457,0.5,0.5531,0.5316,0.4328,1.0,5086.0,28.0,1.0,7.0,10.0,3.0,0.5,0.5,0.5116,0.5015,0.5214,67.3396,0
0,Red,SK Gaming,0.5774,Jax,Maokai,Cassiopeia,Zeri,Lulu,0.4735,0.5,0.5,0.6343,0.5921,0.0,-5086.0,-28.0,-1.0,3.0,2.0,7.0,0.5656,0.588,0.5794,0.5,0.5,139.0351,1
0,Blue,Team Vitality,0.4626,K'Sante,Karthus,Tristana,Zeri,Leona,0.4714,0.5,0.4009,0.6691,0.3957,0.0,-3613.0,-961.0,28.0,0.0,0.0,5.0,0.5,0.5,0.4627,0.4537,0.4718,-123.4726,0
0,Red,SK Gaming,0.6176,Jax,Vi,Ahri,Draven,Rakan,0.525,0.5074,0.3792,0.6469,0.5983,1.0,3613.0,961.0,-28.0,5.0,12.0,0.0,0.6078,0.6273,0.6197,0.5,0.5,822.4235,1
0,Blue,KOI,0.5997,Gnar,Maokai,Jayce,Varus,Nautilus,0.8341,0.5,0.4592,0.4809,0.4581,1.0,1817.0,870.0,48.0,7.0,12.0,6.0,0.5,0.5329,0.5334,0.5238,0.562,366.2653,1
0,Red,Astralis,0.4435,Gangplank,Vi,Ahri,Lucian,Nami,0.4936,0.5555,0.4384,0.4595,0.4411,0.0,-1817.0,-870.0,-48.0,6.0,9.0,7.0,0.4732,0.5,0.4439,0.4441,0.4517,784.5367,0
0,Blue,Astralis,0.4012,Gwen,Trundle,Sylas,Lucian,Nami,0.5081,0.6621,0.5005,0.4158,0.3988,0.0,-3588.0,-860.0,-1.0,2.0,3.0,9.0,0.4281,0.5,0.4014,0.4018,0.4072,827.3614,0
0,Red,KOI,0.6378,Fiora,Vi,Zoe,Varus,Nautilus,0.5,0.5014,0.2817,0.5304,0.5097,1.0,3588.0,860.0,1.0,9.0,18.0,2.0,0.5,0.5774,0.5779,0.5692,0.6038,-427.08,1
1,Blue,G2 Esports,0.6976,Gragas,Maokai,Jayce,Miss Fortune,Nautilus,0.5338,0.5,0.5108,0.5,0.5564,1.0,-1672.0,-391.0,-3.0,3.0,5.0,5.0,0.6974,0.5,0.6976,0.6349,0.6574,-359.1076,1
1,Red,KOI,0.6723,Gnar,Sejuani,Viktor,Lucian,Nami,0.8499,0.4503,0.5366,0.3762,0.3607,0.0,1672.0,391.0,3.0,5.0,8.0,3.0,0.6242,0.689,0.6888,0.6888,0.6888,505.6955,0
1,Blue,KOI,0.6083,K'Sante,Elise,Jayce,Lucian,Nami,0.4244,0.5,0.5574,0.3403,0.3262,0.0,-8586.0,-2953.0,-34.0,2.0,2.0,10.0,0.5641,0.6233,0.6232,0.6232,0.6232,288.7616,0
1,Red,G2 Esports,0.7264,Olaf,Bel'Veth,Sejuani,Varus,Heimerdinger,0.6243,0.5,0.4074,0.5752,0.5,1.0,8586.0,2953.0,34.0,10.0,14.0,2.0,0.7262,0.5,0.7264,0.6696,0.69,-121.5194,1
1,Blue,KOI,0.5504,Gnar,Sejuani,Azir,Sivir,Heimerdinger,0.769,0.4639,0.4695,0.5753,0.5,0.0,5000.0,373.0,-14.0,6.0,4.0,2.0,0.5099,0.5639,0.5639,0.5638,0.5639,542.9634,1
1,Red,G2 Esports,0.7524,Olaf,Lillia,Tristana,Kalista,Nautilus,0.6606,0.5059,0.3627,0.6545,0.5986,1.0,-5000.0,-373.0,14.0,2.0,1.0,6.0,0.7523,0.5,0.7524,0.7011,0.7195,1157.376,0
1,Blue,G2 Esports,0.6808,Olaf,Maokai,Tristana,Sivir,Karma,0.5969,0.5,0.3281,0.6159,0.3867,0.0,-1998.0,-1682.0,-33.0,7.0,9.0,7.0,0.6807,0.5,0.6808,0.6343,0.651,-419.29,1
1,Red,KOI,0.5932,Gnar,Vi,Ahri,Varus,Kalista,0.791,0.5498,0.3966,0.6157,0.5919,1.0,1998.0,1682.0,33.0,7.0,12.0,7.0,0.557,0.6055,0.6054,0.6054,0.6054,1499.6728,0
1,Blue,KOI,0.5367,K'Sante,Elise,Zoe,Sivir,Karma,0.3823,0.5,0.3551,0.6527,0.4458,1.0,2669.0,3301.0,39.0,3.0,2.0,2.0,0.5,0.6177,0.6181,0.6102,0.6415,-966.3075,1
1,Red,SK Gaming,0.6541,Gnar,Gragas,Jayce,Varus,Soraka,0.7156,0.5783,0.5043,0.557,0.5,0.0,-2669.0,-3301.0,-39.0,2.0,3.0,3.0,0.6458,0.6628,0.6561,0.5,0.5,609.1001,0
1,Blue,SK Gaming,0.5918,Gnar,Sejuani,Akali,Zeri,Lulu,0.6475,0.515,0.5042,0.6054,0.631,0.0,1288.0,-1209.0,-26.0,3.0,4.0,3.0,0.5833,0.5996,0.5933,0.5,0.5,-359.2886,1
1,Red,KOI,0.5808,K'Sante,Vi,Kassadin,Lucian,Nami,0.4433,0.4965,0.5,0.3079,0.295,1.0,-1288.0,1209.0,26.0,3.0,7.0,3.0,0.5,0.6541,0.6545,0.6473,0.6756,-260.5377,0
1,Blue,KOI,0.5255,Jayce,Vi,Gragas,Draven,Nautilus,0.4562,0.4484,0.5232,0.6823,0.5416,1.0,4533.0,2478.0,52.0,8.0,18.0,3.0,0.5,0.5918,0.5921,0.5857,0.6113,388.6169,1
1,Red,SK Gaming,0.6306,Ornn,Wukong,Azir,Lucian,Nami,0.4634,0.2673,0.52,0.2786,0.2668,0.0,-4533.0,-2478.0,-52.0,3.0,5.0,8.0,0.6236,0.6378,0.6322,0.5,0.5,129.4793,0
1,Blue,SK Gaming,0.5706,Sion,Elise,Azir,Aphelios,Lulu,0.4033,0.5,0.4705,0.3622,0.6662,0.0,917.0,177.0,18.0,4.0,7.0,6.0,0.5634,0.577,0.5717,0.5,0.5,-547.5628,1
1,Red,KOI,0.5707,K'Sante,Gragas,Viktor,Lucian,Nami,0.3997,0.5686,0.4855,0.2521,0.2413,1.0,-917.0,-177.0,-18.0,6.0,11.0,4.0,0.5,0.6307,0.631,0.6251,0.6483,-882.0694,0
1,Blue,KOI,0.5163,Jayce,Elise,Gragas,Tristana,Rell,0.508,0.5,0.5144,0.3921,0.4479,1.0,3567.0,2213.0,80.0,9.0,12.0,4.0,0.5927,0.5706,0.5709,0.5656,0.5866,-180.7118,1
1,Red,SK Gaming,0.6115,Renekton,Sejuani,Zoe,Lucian,Nami,0.3211,0.5612,0.4204,0.2281,0.2182,0.0,-3567.0,-2213.0,-80.0,4.0,8.0,9.0,0.6055,0.6173,0.6127,0.5,0.5,69.0231,0
1,Blue,KOI,0.5624,K'Sante,Elise,Tristana,Kalista,Leona,0.3604,0.5,0.4501,0.5353,0.358,1.0,4561.0,2585.0,48.0,10.0,22.0,6.0,0.5035,0.5478,0.5477,0.5477,0.5477,531.7754,1
1,Red,KOI,0.6041,Sion,Gragas,Yasuo,Varus,Karma,0.4608,0.5607,0.5,0.5039,0.4991,0.0,-4561.0,-2585.0,-48.0,6.0,8.0,10.0,0.6369,0.6115,0.6117,0.607,0.6259,-620.6156,0
1,Blue,KOI,0.5465,Jayce,Vi,Gragas,Aphelios,Thresh,0.5549,0.5018,0.5073,0.4229,0.5175,1.0,-1139.0,-1037.0,3.0,3.0,3.0,4.0,0.5687,0.5533,0.5535,0.5492,0.5663,-404.168,1
1,Red,KOI,0.5897,Ornn,Wukong,Sylas,Varus,Heimerdinger,0.4192,0.2418,0.4528,0.4559,0.5,0.0,1139.0,1037.0,-3.0,4.0,4.0,3.0,0.5511,0.5909,0.5908,0.5908,0.5908,-62.3696,0
1,Blue,KOI,0.5336,K'Sante,Elise,Tristana,Varus,Janna,0.423,0.5,0.5025,0.4125,0.5,0.0,2715.0,1983.0,15.0,5.0,8.0,3.0,0.4983,0.5346,0.5345,0.5345,0.5345,632.5476,0
1,Red,KOI,0.4827,Gnar,Sejuani,Sylas,Aphelios,Rell,0.6811,0.5077,0.4097,0.4779,0.5005,1.0,-2715.0,-1983.0,-15.0,3.0,4.0,5.0,0.6144,0.5958,0.596,0.5921,0.6076,-168.0283,1
1,Blue,KOI,0.532,Gnar,Xin Zhao,Azir,Ezreal,Karma,0.7114,0.4652,0.5209,0.3819,0.4511,1.0,-3231.0,-1577.0,-77.0,9.0,16.0,12.0,0.4506,0.4837,0.4836,0.4836,0.4836,-55.5772,0
1,Red,KOI,0.4813,Irelia,Vi,Gragas,Aphelios,Nautilus,0.5555,0.5499,0.5542,0.5276,0.5853,0.0,3231.0,1577.0,77.0,12.0,15.0,9.0,0.6548,0.6343,0.6345,0.6309,0.645,-1517.8053,1
1,Blue,G2 Esports,0.7112,Kled,Maokai,Cassiopeia,Varus,Heimerdinger,0.5,0.8111,0.5,0.3732,0.5,1.0,2509.0,1652.0,-5.0,6.0,6.0,3.0,0.7111,0.5,0.7112,0.6692,0.6842,467.713,1
1,Red,KOI,0.5307,Jayce,Gragas,Viktor,Sivir,Ashe,0.5973,0.5967,0.4392,0.6858,0.6546,0.0,-2509.0,-1652.0,5.0,3.0,3.0,6.0,0.6906,0.6691,0.6693,0.6661,0.6788,220.7211,0
1,Blue,KOI,0.4802,Fiora,Sejuani,Cassiopeia,Varus,Braum,0.5,0.5547,0.5,0.4329,0.5461,0.0,-5854.0,-2443.0,9.0,5.0,8.0,10.0,0.6195,0.6054,0.6056,0.6027,0.6142,397.5983,0
1,Red,G2 Esports,0.7387,Jax,Gragas,Kled,Samira,Jarvan IV,0.5714,0.5398,0.5,0.5,0.5766,1.0,5854.0,2443.0,-9.0,10.0,19.0,5.0,0.7386,0.5,0.7387,0.7007,0.7143,-481.2227,1
1,Blue,KOI,0.4345,Jayce,Wukong,Gragas,Zeri,Yuumi,0.5404,0.2188,0.5837,0.643,0.5076,0.0,781.0,-1394.0,12.0,8.0,8.0,10.0,0.5563,0.5477,0.5479,0.5453,0.5557,-569.1433,0
1,Red,G2 Esports,0.7636,Olaf,Vi,Taliyah,Sivir,Heimerdinger,0.6357,0.5933,0.4606,0.6203,0.5,1.0,-781.0,1394.0,-12.0,10.0,16.0,8.0,0.7635,0.7878,0.7636,0.7292,0.7415,-425.6365,1
0,Blue,Excel Esports,0.2329,K'Sante,Gragas,Viktor,Zeri,Annie,0.3817,0.5281,0.3974,0.5817,0.5,1.0,-153.0,-147.0,-13.0,3.0,3.0,3.0,0.3246,0.1755,0.1943,0.2329,0.2407,-676.3744,1
0,Red,Fnatic,0.3383,Gnar,Sejuani,Taliyah,Xayah,Heimerdinger,0.6437,0.5018,0.5126,0.3452,0.5,0.0,153.0,147.0,13.0,3.0,5.0,3.0,0.5,0.3382,0.3384,0.3052,0.5,-839.1705,0
0,Blue,Team BDS,0.373,Yasuo,Jarvan IV,Gragas,Aphelios,Annie,0.5,0.617,0.573,0.5726,0.5,0.0,3089.0,-47.0,-2.0,4.0,7.0,2.0,0.3775,0.5,0.3716,0.4234,0.4118,-609.667,0
0,Red,SK Gaming,0.5532,Gnar,Vi,Akali,Xayah,Rakan,0.5824,0.6324,0.5515,0.3124,0.6366,1.0,-3089.0,47.0,2.0,2.0,3.0,4.0,0.5472,0.5585,0.5541,0.5761,0.5761,-467.3384,1
0,Blue,Team Vitality,0.4186,Darius,Gragas,Aurelion Sol,Caitlyn,Heimerdinger,0.5,0.5184,0.5,0.3365,0.5,1.0,2100.0,-365.0,-38.0,4.0,6.0,1.0,0.5,0.5,0.4185,0.547,0.4268,-153.5364,1
0,Red,KOI,0.3931,Gnar,Lee Sin,Cho'Gath,Aphelios,Thresh,0.6222,0.4158,0.5,0.5181,0.5635,0.0,-2100.0,365.0,38.0,1.0,1.0,4.0,0.4999,0.4956,0.4957,0.4933,0.5027,-783.9263,0
0,Blue,Astralis,0.363,Renekton,Elise,Ryze,Xayah,Nautilus,0.2906,0.5,0.3174,0.3779,0.6248,1.0,2545.0,-651.0,4.0,2.0,2.0,1.0,0.3872,0.5,0.4431,0.3635,0.3672,-544.4848,1
0,Red,KOI,0.3556,K'Sante,Lee Sin,Gragas,Zeri,Renata Glasc,0.442,0.3762,0.5643,0.6216,0.7216,0.0,-2545.0,651.0,-4.0,1.0,2.0,2.0,0.4075,0.4376,0.4376,0.4376,0.4376,-490.3985,0
0,Blue,G2 Esports,0.7861,Gragas,Jarvan IV,Malphite,Draven,Thresh,0.5106,0.5582,0.5,0.714,0.5098,1.0,2279.0,2507.0,44.0,10.0,14.0,6.0,0.786,0.8108,0.7861,0.755,0.7661,912.6094,1
0,Red,Team Heretics,0.5,Gwen,Elise,Jayce,Xayah,Rakan,0.4597,0.5,0.4889,0.4371,0.6712,0.0,-2279.0,-2507.0,-44.0,6.0,6.0,10.0,0.5,0.3714,0.5,0.5,0.3074,486.1244,0
0,Blue,Team BDS,0.3373,Darius,Sejuani,Viktor,Zeri,Lulu,0.5,0.454,0.4548,0.5624,0.698,1.0,524.0,228.0,-10.0,6.0,10.0,3.0,0.3416,0.5,0.3362,0.3828,0.3726,-893.6075,1
0,Red,KOI,0.3218,Fiora,Vi,Veigar,Aphelios,Thresh,0.5,0.6678,0.5,0.4687,0.5565,0.0,-524.0,-228.0,10.0,3.0,3.0,6.0,0.4495,0.4484,0.4485,0.4463,0.4549,-581.5075,0
0,Blue,Excel Esports,0.306,Renekton,Maokai,Cassiopeia,Caitlyn,Heimerdinger,0.3581,0.8316,0.5,0.4018,0.5,1.0,-4505.0,1114.0,-2.0,3.0,3.0,8.0,0.3889,0.2591,0.2711,0.306,0.3131,63.4998,0
0,Red,Team Vitality,0.474,Jayce,Sejuani,Annie,Xayah,Rakan,0.4424,0.506,0.5,0.3955,0.6072,0.0,4505.0,-1114.0,2.0,8.0,9.0,3.0,0.5,0.5,0.474,0.5901,0.4814,-189.2551,1
0,Blue,SK Gaming,0.5958,Renekton,Vi,Taliyah,Aphelios,Thresh,0.324,0.6036,0.4632,0.4241,0.5035,0.0,2831.0,2823.0,55.0,9.0,10.0,4.0,0.5907,0.6006,0.5967,0.6221,0.6221,-921.0948,1
0,Red,Fnatic,0.3061,Gangplank,Sejuani,Azir,Zeri,Heimerdinger,0.4465,0.5531,0.4713,0.6041,0.5,1.0,-2831.0,-2823.0,-55.0,4.0,7.0,9.0,0.5,0.306,0.3062,0.2761,0.5,-85.4918,0
0,Blue,Astralis,0.4237,Renekton,Sejuani,Irelia,Xayah,Leona,0.3884,0.5004,0.6037,0.4531,0.4191,0.0,529.0,-133.0,5.0,9.0,13.0,7.0,0.4457,0.5,0.5014,0.4241,0.4292,-589.1098,1
0,Red,G2 Esports,0.8065,Kled,Jarvan IV,Malphite,Caitlyn,Heimerdinger,0.5,0.6003,0.5,0.3624,0.5,1.0,-529.0,133.0,-5.0,7.0,9.0,9.0,0.8064,0.8311,0.8065,0.7783,0.7884,-201.8338,0
0,Blue,KOI,0.2911,Jayce,Sejuani,Sylas,Lucian,Nami,0.4955,0.548,0.4659,0.2063,0.1974,0.0,-2053.0,-293.0,-27.0,0.0,0.0,3.0,0.3685,0.3959,0.3959,0.3959,0.3959,46.4919,1
0,Red,Team Heretics,0.5,Tryndamere,Wukong,Ryze,Zeri,Rakan,0.5,0.198,0.3824,0.5465,0.6447,1.0,2053.0,293.0,27.0,3.0,6.0,0.0,0.5,0.3361,0.5,0.5,0.2781,-768.6869,0
0,Blue,SK Gaming,0.6343,Sejuani,Lee Sin,Annie,Aphelios,Rakan,0.591,0.3404,0.5,0.4789,0.5833,1.0,2300.0,2030.0,30.0,6.0,10.0,3.0,0.63,0.6386,0.6353,0.6626,0.6626,-707.1151,1
0,Red,Astralis,0.4786,Jax,Vi,Sylas,Veigar,Pyke,0.6132,0.6417,0.5168,0.5,0.5,0.0,-2300.0,-2030.0,-30.0,3.0,5.0,6.0,0.4985,0.5,0.5531,0.479,0.4849,-172.6665,0
0,Blue,Team Heretics,0.5,Gragas,Wukong,Azir,Aphelios,Thresh,0.5572,0.1791,0.4264,0.5286,0.5508,0.0,-1420.0,927.0,2.0,5.0,4.0,6.0,0.5,0.3041,0.5,0.5,0.2516,-244.0541,0
0,Red,Team BDS,0.4007,Sion,Vi,Viktor,Xayah,Rakan,0.4165,0.5801,0.5067,0.5052,0.6229,1.0,1420.0,-927.0,-2.0,6.0,11.0,5.0,0.4043,0.5,0.3994,0.4419,0.4323,-1022.2976,1
0,Blue,KOI,0.3586,K'Sante,Lee Sin,Taliyah,Zeri,Annie,0.399,0.4032,0.5149,0.4945,0.5,1.0,2653.0,2991.0,44.0,5.0,9.0,3.0,0.4045,0.4057,0.4058,0.4038,0.4115,-517.3364,1
0,Red,KOI,0.4197,Jayce,Sejuani,Sylas,Draven,Soraka,0.5435,0.63,0.4675,0.7424,0.5,0.0,-2653.0,-2991.0,-44.0,3.0,8.0,5.0,0.4289,0.4535,0.4534,0.4534,0.4534,1614.8055,0
0,Blue,G2 Esports,0.7297,Kled,Jarvan IV,Cassiopeia,Draven,Thresh,0.5,0.5431,0.5,0.669,0.4983,1.0,5498.0,3714.0,74.0,9.0,11.0,6.0,0.7296,0.7431,0.7297,0.7042,0.7133,747.4421,1
0,Red,Excel Esports,0.2768,Gragas,Vi,Ahri,Aphelios,Nautilus,0.5041,0.6204,0.3587,0.4782,0.6605,0.0,-5498.0,-3714.0,-74.0,6.0,8.0,9.0,0.3519,0.233,0.2452,0.2768,0.2833,-360.2726,0
0,Blue,Fnatic,0.2769,Ornn,Vi,LeBlanc,Zeri,Ashe,0.3792,0.5609,0.3844,0.5426,0.5915,0.0,-7025.0,-4385.0,-89.0,2.0,6.0,10.0,0.5,0.2769,0.277,0.2498,0.5,-259.8829,0
0,Red,Team Vitality,0.5241,Camille,Gragas,Azir,Xayah,Rakan,0.4472,0.4561,0.3858,0.5523,0.6589,1.0,7025.0,4385.0,89.0,10.0,16.0,2.0,0.5,0.5,0.5242,0.6292,0.5308,-533.4667,1
0,Blue,Astralis,0.433,Kled,Lee Sin,Akali,Kai'Sa,Rakan,0.5,0.46,0.5942,0.6328,0.6913,0.0,-3379.0,-4546.0,-74.0,2.0,4.0,6.0,0.451,0.4519,0.4962,0.4334,0.4377,-128.5618,0
0,Red,KOI,0.3797,Gnar,Wukong,Gragas,Xayah,Rell,0.5629,0.162,0.5079,0.5949,0.5482,1.0,3379.0,4546.0,74.0,6.0,11.0,2.0,0.4639,0.4623,0.4624,0.4606,0.4676,117.5497,1
0,Blue,Team Heretics,0.5,Sion,Wukong,Viktor,Zeri,Rakan,0.4726,0.2419,0.5537,0.4909,0.6255,1.0,1300.0,253.0,-3.0,5.0,10.0,4.0,0.5,0.2751,0.5,0.5,0.2276,-1165.4573,1
0,Red,Excel Esports,0.2505,K'Sante,Sejuani,Yone,Xayah,Nautilus,0.4573,0.57,0.5,0.6335,0.5976,0.0,-1300.0,-253.0,3.0,4.0,5.0,5.0,0.3184,0.2096,0.2219,0.2505,0.2563,165.8317,0
0,Blue,Fnatic,0.2505,Jayce,Lee Sin,Ryze,Caitlyn,Lux,0.4918,0.4162,0.346,0.3269,0.5,0.0,-1219.0,-1667.0,-14.0,2.0,5.0,4.0,0.5,0.2505,0.2506,0.226,0.5,230.6878,0
0,Red,Team BDS,0.458,Wukong,Vi,Azir,Jinx,Blitzcrank,0.3141,0.5072,0.4443,0.3236,0.5,1.0,1219.0,1667.0,14.0,4.0,5.0,2.0,0.4611,0.5,0.4567,0.4954,0.4864,9.4592,1
0,Blue,Team Vitality,0.5694,Jax,Vi,Cassiopeia,Lucian,Nami,0.5536,0.5544,0.5,0.2819,0.274,1.0,2381.0,93.0,25.0,5.0,6.0,3.0,0.5,0.5,0.5696,0.6645,0.5755,-594.9906,1
0,Red,SK Gaming,0.6691,Gnar,Wukong,Ahri,Zeri,Lulu,0.6045,0.3794,0.3245,0.5394,0.7268,0.0,-2381.0,-93.0,-25.0,3.0,7.0,5.0,0.6655,0.673,0.6701,0.6983,0.6983,-461.3716,0
0,Blue,KOI,0.4388,Gnar,Lee Sin,Twisted Fate,Kai'Sa,Rakan,0.547,0.3766,0.5712,0.5726,0.6612,0.0,1159.0,2004.0,34.0,3.0,6.0,3.0,0.3879,0.4103,0.4102,0.4102,0.4102,-127.8912,1
0,Red,G2 Esports,0.7554,Jax,Vi,Taliyah,Ashe,Heimerdinger,0.5969,0.597,0.5616,0.5346,0.5,1.0,-1159.0,-2004.0,-34.0,3.0,4.0,3.0,0.7553,0.77,0.7554,0.7324,0.7406,-387.6917,0
0,Blue,Team BDS,0.5099,Aatrox,Sejuani,Cassiopeia,Jinx,Nautilus,0.4369,0.5157,0.5,0.388,0.5407,0.0,-740.0,-1405.0,20.0,3.0,4.0,8.0,0.5124,0.5,0.5085,0.5437,0.5353,-411.1234,1
0,Red,Astralis,0.3918,Sion,Lee Sin,Annie,Zeri,Leona,0.5233,0.436,0.5,0.488,0.4745,1.0,740.0,1405.0,-20.0,8.0,12.0,3.0,0.408,0.4029,0.4456,0.3921,0.3951,-1127.8593,0
0,Blue,Excel Esports,0.2266,Sion,Maokai,Jayce,Xayah,Soraka,0.473,0.7426,0.4449,0.5732,0.5,0.0,-234.0,-587.0,-21.0,2.0,6.0,3.0,0.2881,0.1887,0.2008,0.2266,0.2318,-185.9078,1
0,Red,KOI,0.4923,Jax,Lee Sin,Orianna,Zeri,Lulu,0.5391,0.3944,0.6113,0.4416,0.6575,1.0,234.0,587.0,21.0,3.0,7.0,2.0,0.5171,0.5135,0.5136,0.512,0.5183,-1069.6943,0
0,Blue,Team Heretics,0.5,Sion,Jarvan IV,Azir,Zeri,Lulu,0.5236,0.5866,0.4972,0.3995,0.5948,0.0,-1943.0,-1774.0,-51.0,3.0,4.0,10.0,0.5,0.3441,0.5,0.5,0.3012,-632.8198,0
0,Red,Fnatic,0.2267,Jax,Vi,Taliyah,Xayah,Nautilus,0.487,0.5399,0.5076,0.6138,0.5844,1.0,1943.0,1774.0,51.0,10.0,10.0,3.0,0.5,0.2266,0.2268,0.2045,0.2724,-663.5213,1
0,Blue,SK Gaming,0.6054,Sion,Wukong,Azir,Xayah,Thresh,0.4734,0.3433,0.4499,0.6506,0.5461,1.0,1293.0,-658.0,-17.0,3.0,3.0,2.0,0.6017,0.6089,0.6061,0.6252,0.6252,-669.8204,0
0,Red,KOI,0.4454,Gnar,Lee Sin,Lissandra,Kai'Sa,Rakan,0.5901,0.3569,0.6473,0.6133,0.6934,0.0,-1293.0,658.0,17.0,2.0,3.0,3.0,0.4464,0.4664,0.4664,0.4664,0.4664,544.5042,1
0,Blue,G2 Esports,0.6835,Kled,Vi,Cassiopeia,Xayah,Soraka,0.5,0.5839,0.5,0.5886,0.5,0.0,957.0,-399.0,-20.0,5.0,5.0,4.0,0.6834,0.6901,0.6835,0.6626,0.6701,80.2351,1
0,Red,Team Vitality,0.6104,Camille,Gragas,Aurelion Sol,Zeri,Lulu,0.5,0.5548,0.5,0.3615,0.5381,1.0,-957.0,399.0,20.0,4.0,3.0,5.0,0.6451,0.6451,0.6107,0.6964,0.6159,-482.1506,0
0,Blue,Excel Esports,0.3003,Sion,Wukong,Syndra,Zeri,Lulu,0.428,0.3106,0.3906,0.327,0.4868,0.0,-2430.0,-536.0,3.0,0.0,0.0,1.0,0.3559,0.2693,0.2769,0.3003,0.305,-785.3586,0
0,Red,SK Gaming,0.5477,Jax,Sejuani,Akali,Draven,Soraka,0.5365,0.5618,0.5376,0.7016,0.5,1.0,2430.0,536.0,-3.0,1.0,2.0,0.0,0.5441,0.5509,0.5483,0.5603,0.5603,734.1594,1
0,Blue,KOI,0.4982,K'Sante,Wukong,Cassiopeia,Zeri,Renata Glasc,0.413,0.281,0.6887,0.2959,0.6521,0.0,816.0,-489.0,36.0,4.0,11.0,7.0,0.466,0.4646,0.4647,0.4632,0.4689,389.6394,0
0,Red,Team Heretics,0.5,Gwen,Vi,Ahri,Kai'Sa,Leona,0.4159,0.6237,0.2935,0.6501,0.4293,1.0,-816.0,489.0,-36.0,7.0,13.0,4.0,0.5,0.3114,0.5,0.5,0.2725,-406.6664,1
0,Blue,Astralis,0.3544,Sion,Viego,Aurelion Sol,Varus,Annie,0.387,0.2036,0.5,0.3916,0.5,1.0,3827.0,953.0,-15.0,8.0,15.0,2.0,0.3691,0.3597,0.4004,0.3547,0.3568,-190.2036,1
0,Red,Team Vitality,0.5523,Gwen,Vi,Lissandra,Kai'Sa,Rakan,0.4716,0.6596,0.6856,0.6834,0.7226,0.0,-3827.0,-953.0,15.0,2.0,3.0,8.0,0.5751,0.5751,0.5524,0.6301,0.5573,249.3719,0
0,Blue,Team BDS,0.5567,Renekton,Sejuani,Akali,Zeri,Lulu,0.4466,0.6036,0.5817,0.2677,0.4404,1.0,1026.0,909.0,33.0,2.0,2.0,2.0,0.5589,0.6095,0.5553,0.5873,0.5796,-496.3192,0
0,Red,G2 Esports,0.7136,Gragas,Vi,Azir,Twitch,Rakan,0.5019,0.5966,0.407,0.5,0.6538,0.0,-1026.0,-909.0,-33.0,2.0,2.0,2.0,0.7136,0.722,0.7136,0.6947,0.7015,-17.4307,1
0,Blue,Fnatic,0.3003,Gangplank,Vi,Azir,Xayah,Nautilus,0.4039,0.6351,0.4635,0.6278,0.624,0.0,-86.0,332.0,-3.0,5.0,6.0,4.0,0.5,0.3003,0.3004,0.2803,0.3513,250.655,1
0,Red,KOI,0.4508,Gnar,Lee Sin,Twisted Fate,Kalista,Taric,0.6291,0.4181,0.6121,0.5797,0.5,1.0,86.0,-332.0,3.0,4.0,5.0,5.0,0.4993,0.5173,0.5172,0.5172,0.5172,896.3988,0
0,Blue,Team Heretics,0.3407,Gragas,Wukong,Cassiopeia,Zeri,Rakan,0.5494,0.2542,0.614,0.2422,0.6868,0.0,-1188.0,-1104.0,-6.0,1.0,2.0,2.0,0.3407,0.3769,0.3407,0.3407,0.3419,259.2235,0
0,Red,Astralis,0.4159,Jax,Maokai,Zed,Jinx,Nautilus,0.5812,0.7698,0.5,0.4463,0.6598,1.0,1188.0,1104.0,6.0,2.0,4.0,1.0,0.4292,0.4275,0.4608,0.4162,0.4191,-483.1708,1
0,Blue,KOI,0.4078,Gnar,Vi,Azir,Zeri,Lulu,0.5692,0.67,0.5146,0.2191,0.3985,0.0,976.0,-202.0,29.0,2.0,4.0,2.0,0.4516,0.468,0.468,0.468,0.468,345.7305,1
0,Red,Excel Esports,0.2717,Malphite,Wukong,Gragas,Lucian,Nami,0.5,0.23,0.497,0.3503,0.3433,1.0,-976.0,202.0,-29.0,2.0,2.0,2.0,0.322,0.2426,0.4953,0.2717,0.276,53.3779,0
0,Blue,Team Vitality,0.4997,Renekton,Lee Sin,Gragas,Lucian,Nami,0.4041,0.3783,0.4497,0.317,0.3106,0.0,154.0,-98.0,4.0,0.0,0.0,2.0,0.5136,0.5136,0.4997,0.5701,0.5042,-234.2099,0
0,Red,Team BDS,0.5035,Malphite,Elise,Azir,Zeri,Lulu,0.5,0.5,0.5608,0.2935,0.4558,1.0,-154.0,98.0,-4.0,2.0,5.0,0.0,0.5056,0.5434,0.5024,0.5312,0.5244,-86.2686,1
0,Blue,Fnatic,0.367,Olaf,Sejuani,Azir,Jinx,Braum,0.6707,0.5461,0.6027,0.4991,0.4941,1.0,-408.0,121.0,9.0,2.0,4.0,1.0,0.5,0.3669,0.367,0.3489,0.4208,-528.921,1
0,Red,KOI,0.4642,Gnar,Lee Sin,Sylas,Kai'Sa,Nautilus,0.6102,0.3423,0.423,0.6183,0.6922,0.0,408.0,-121.0,-9.0,1.0,1.0,2.0,0.42,0.4203,0.4204,0.4191,0.4243,-451.4463,0
0,Blue,SK Gaming,0.5908,Sion,Elise,Akali,Lucian,Nami,0.4457,0.5,0.5262,0.2868,0.2809,0.0,-1217.0,-714.0,-38.0,5.0,12.0,1.0,0.5877,0.5937,0.5914,0.6056,0.6056,-908.3083,0
0,Red,G2 Esports,0.7409,Cho'Gath,Maokai,Jayce,Kalista,Nautilus,0.5,0.7939,0.4978,0.5244,0.6263,1.0,1217.0,714.0,38.0,1.0,2.0,5.0,0.7408,0.7504,0.7409,0.7238,0.7299,916.1285,1
0,Blue,Excel Esports,0.2458,K'Sante,Maokai,Jayce,Jhin,Heimerdinger,0.3731,0.8153,0.5456,0.398,0.5,0.0,-3992.0,-1290.0,-25.0,4.0,7.0,6.0,0.2913,0.2187,0.4459,0.2458,0.2497,-93.5616,0
0,Red,Astralis,0.4716,Jax,Viego,Irelia,Varus,Ashe,0.6215,0.2795,0.6461,0.4496,0.4831,1.0,3992.0,1290.0,25.0,6.0,7.0,4.0,0.4836,0.4874,0.5148,0.4718,0.4753,434.9175,1
0,Blue,KOI,0.42,Kennen,Lee Sin,Lissandra,Xayah,Pyke,0.1894,0.3097,0.6122,0.6633,0.5,1.0,3744.0,298.0,36.0,2.0,4.0,2.0,0.3788,0.3803,0.3804,0.3792,0.3839,196.3772,1
0,Red,SK Gaming,0.5345,Sion,Vi,Sylas,Zeri,Lulu,0.4031,0.7015,0.3827,0.3608,0.5076,0.0,-3744.0,-298.0,-36.0,2.0,4.0,2.0,0.5315,0.5371,0.5349,0.5437,0.5437,-608.4624,0
0,Blue,KOI,0.4752,Renekton,Vi,Corki,Varus,Ashe,0.3656,0.6345,0.5145,0.502,0.5328,0.0,755.0,2078.0,30.0,2.0,3.0,5.0,0.5039,0.5187,0.5186,0.5186,0.5186,886.692,0
0,Red,Team BDS,0.551,Malphite,Sejuani,Azir,Zeri,Nautilus,0.5,0.5893,0.6405,0.3264,0.6619,1.0,-755.0,-2078.0,-30.0,5.0,11.0,2.0,0.5527,0.5923,0.5498,0.576,0.5697,-121.7597,1
0,Blue,Team Vitality,0.4521,Malphite,Wukong,Sylas,Zeri,Lulu,0.5,0.2081,0.3463,0.3906,0.4593,1.0,331.0,386.0,19.0,3.0,5.0,3.0,0.4592,0.4592,0.4521,0.5158,0.4562,-332.362,1
0,Red,Team Heretics,0.3038,Jax,Sejuani,LeBlanc,Jinx,Nautilus,0.6579,0.6284,0.3478,0.5468,0.6941,0.0,-331.0,-386.0,-19.0,3.0,3.0,3.0,0.3038,0.341,0.3038,0.3038,0.3093,-388.7065,0
0,Blue,G2 Esports,0.7656,K'Sante,Vi,Sylas,Zeri,Renata Glasc,0.3371,0.574,0.4085,0.4486,0.5893,1.0,1373.0,-113.0,-12.0,1.0,1.0,2.0,0.7655,0.7757,0.7656,0.7501,0.7557,295.8215,0
0,Red,Fnatic,0.4273,Jax,Wukong,Azir,Sivir,Rakan,0.5947,0.2835,0.6747,0.6566,0.6214,0.0,-1373.0,113.0,12.0,2.0,3.0,1.0,0.5,0.4272,0.4273,0.4109,0.4821,-258.1068,1
0,Blue,Team BDS,0.5938,Sett,Wukong,Azir,Varus,Renata Glasc,0.4491,0.3518,0.7057,0.4542,0.5326,1.0,3506.0,2441.0,60.0,4.0,3.0,2.0,0.5953,0.6354,0.5927,0.6165,0.6106,303.3811,1
0,Red,Excel Esports,0.2224,Olaf,Sejuani,Gragas,Zeri,Rakan,0.7023,0.5686,0.4069,0.4059,0.6574,0.0,-3506.0,-2441.0,-60.0,2.0,3.0,4.0,0.2636,0.1973,0.4017,0.2224,0.2259,-669.8125,0
0,Blue,Astralis,0.5219,Jax,Maokai,Zed,Xayah,Blitzcrank,0.6336,0.7314,0.5,0.6953,0.5,0.0,-4138.0,-1484.0,-29.0,6.0,10.0,11.0,0.5329,0.5406,0.5632,0.5221,0.5259,-341.5569,1
0,Red,Fnatic,0.4818,Jayce,Sejuani,LeBlanc,Jinx,Thresh,0.4937,0.5144,0.3146,0.4947,0.4941,1.0,4138.0,1484.0,29.0,11.0,17.0,6.0,0.5,0.4818,0.4819,0.4671,0.5363,-266.4765,0
0,Blue,Team Heretics,0.2712,K'Sante,Vi,Ahri,Xayah,Nautilus,0.3046,0.5192,0.3609,0.7244,0.628,0.0,2514.0,2346.0,18.0,8.0,19.0,3.0,0.2712,0.3086,0.2712,0.2712,0.2798,361.8456,1
0,Red,SK Gaming,0.4836,Jax,Maokai,Azir,Varus,Braum,0.6688,0.7589,0.7337,0.5062,0.5423,1.0,-2514.0,-2346.0,-18.0,3.0,9.0,8.0,0.4806,0.486,0.4839,0.4886,0.4886,-628.0822,0
0,Blue,KOI,0.43,Jayce,Vi,Ahri,Varus,Heimerdinger,0.4466,0.5651,0.4219,0.458,0.5,0.0,-8601.0,-5578.0,-24.0,3.0,3.0,14.0,0.4396,0.4393,0.4394,0.4383,0.4425,98.576,0
0,Red,G2 Esports,0.6927,Olaf,Viego,Sylas,Sivir,Ashe,0.635,0.3481,0.3696,0.6894,0.4816,1.0,8601.0,5578.0,24.0,14.0,23.0,3.0,0.6926,0.6975,0.6927,0.6787,0.6837,-312.1944,1
0,Blue,KOI,0.389,K'Sante,Xin Zhao,Orianna,Xayah,Nautilus,0.3715,0.4209,0.5531,0.7506,0.6634,0.0,-4312.0,-1910.0,-16.0,1.0,1.0,7.0,0.4558,0.4693,0.4692,0.4692,0.4692,126.4295,0
0,Red,Team Vitality,0.5043,Jayce,Sejuani,Aurelion Sol,Zeri,Braum,0.4041,0.4654,0.5,0.3672,0.4906,1.0,4312.0,1910.0,16.0,7.0,6.0,1.0,0.5158,0.5158,0.5043,0.5619,0.508,-131.5417,1
0,Blue,Team Heretics,0.3484,Renekton,Wukong,Taliyah,Xayah,Nautilus,0.3308,0.4135,0.5549,0.6791,0.6002,0.0,-1117.0,-1097.0,3.0,1.0,3.0,4.0,0.3484,0.3744,0.3484,0.3484,0.3484,37.1642,0
0,Red,KOI,0.352,K'Sante,Maokai,Azir,Zeri,Rakan,0.3358,0.6819,0.6639,0.4275,0.5948,1.0,1117.0,1097.0,-3.0,4.0,11.0,1.0,0.3967,0.3975,0.3975,0.3966,0.4004,-127.3766,1
0,Blue,Team Vitality,0.5515,Malphite,Maokai,Yone,Zeri,Lulu,0.5,0.714,0.5,0.482,0.5108,0.0,1330.0,1071.0,3.0,5.0,12.0,2.0,0.5661,0.5661,0.5516,0.6036,0.5548,-192.8682,1
0,Red,KOI,0.4137,Jayce,Trundle,Ahri,Lucian,Nami,0.4609,0.5991,0.3816,0.2595,0.2541,1.0,-1330.0,-1071.0,-3.0,2.0,2.0,5.0,0.4555,0.4549,0.4549,0.454,0.4575,-683.3173,0
0,Blue,KOI,0.3743,K'Sante,Vi,Veigar,Lucian,Nami,0.3996,0.5112,0.5,0.2347,0.2299,1.0,-2801.0,-2018.0,-23.0,4.0,3.0,6.0,0.4112,0.4115,0.4116,0.4108,0.4139,7.8796,0
0,Red,Team Vitality,0.5942,Olaf,Wukong,Ahri,Xayah,Nautilus,0.67,0.3741,0.3453,0.6144,0.5431,0.0,2801.0,2018.0,23.0,6.0,10.0,4.0,0.6107,0.6107,0.5943,0.6414,0.5972,-744.9108,1
0,Blue,Astralis,0.5674,Gangplank,Sejuani,Yone,Xayah,Leona,0.4607,0.5163,0.5115,0.6512,0.4836,1.0,2358.0,851.0,-4.0,3.0,4.0,2.0,0.5774,0.5879,0.6066,0.5676,0.5716,59.5221,1
0,Red,Fnatic,0.4359,Jax,Maokai,Lissandra,Varus,Tahm Kench,0.6046,0.7426,0.6532,0.4144,0.5389,0.0,-2358.0,-851.0,4.0,2.0,5.0,3.0,0.5,0.4359,0.436,0.4226,0.4807,-265.0886,0
0,Blue,Astralis,0.6086,Illaoi,Maokai,Zed,Sivir,Rakan,0.5,0.6686,0.5,0.719,0.6334,0.0,-7697.0,-4224.0,-93.0,3.0,9.0,13.0,0.6177,0.6299,0.6455,0.6088,0.6129,-392.7385,0
0,Red,Fnatic,0.3944,Olaf,Vi,Lissandra,Varus,Nautilus,0.7016,0.4625,0.5848,0.3749,0.5866,1.0,7697.0,4224.0,93.0,13.0,28.0,3.0,0.5,0.3944,0.3945,0.3823,0.4312,-416.7829,1
0,Blue,Astralis,0.5507,Malphite,Sejuani,Irelia,Lucian,Nami,0.5,0.5624,0.6836,0.2124,0.208,1.0,135.0,-1236.0,-1.0,5.0,10.0,8.0,0.5588,0.5661,0.5819,0.5508,0.5539,166.1162,1
0,Red,Fnatic,0.4521,Mordekaiser,Maokai,Orianna,Varus,Nautilus,0.5,0.6022,0.5004,0.4344,0.626,0.0,-135.0,1236.0,1.0,7.0,17.0,5.0,0.5,0.4521,0.4521,0.4411,0.4893,-837.9663,0
0,Blue,Team BDS,0.6326,Olaf,Vi,Syndra,Jinx,Renata Glasc,0.7302,0.5137,0.3533,0.4476,0.5775,1.0,1237.0,2772.0,46.0,6.0,11.0,5.0,0.6339,0.6736,0.6315,0.6531,0.6477,103.1943,1
0,Red,SK Gaming,0.4376,Rumble,Wukong,Ahri,Xayah,Nautilus,0.4651,0.4337,0.4077,0.6844,0.5663,0.0,-1237.0,-2772.0,-46.0,5.0,4.0,6.0,0.4347,0.4397,0.4378,0.4394,0.4394,713.5936,0
0,Blue,SK Gaming,0.3959,Gnar,Wukong,Ahri,Aphelios,Lulu,0.5521,0.3924,0.3688,0.4327,0.5574,0.0,829.0,637.0,-65.0,4.0,6.0,3.0,0.3931,0.3978,0.396,0.3953,0.3953,-523.9163,0
0,Red,Team BDS,0.6677,Darius,Sejuani,Cassiopeia,Xayah,Renata Glasc,0.5,0.6041,0.5482,0.6192,0.6181,1.0,-829.0,-637.0,65.0,3.0,6.0,4.0,0.6688,0.7074,0.6666,0.6863,0.6813,503.3352,1
0,Blue,G2 Esports,0.7219,Pantheon,Gragas,Yasuo,Varus,Heimerdinger,0.5,0.3681,0.5,0.3931,0.5,1.0,3761.0,770.0,23.0,7.0,11.0,5.0,0.7219,0.7278,0.7219,0.7093,0.7138,-97.9201,1
0,Red,KOI,0.3387,Jayce,Sejuani,Sylas,Zeri,Leona,0.417,0.6418,0.4297,0.5314,0.5328,0.0,-3761.0,-770.0,-23.0,5.0,9.0,7.0,0.4123,0.4246,0.4246,0.4245,0.4246,427.4019,0
0,Blue,KOI,0.3064,Jayce,Lee Sin,Lissandra,Zeri,Lulu,0.3772,0.3754,0.6279,0.4808,0.5043,0.0,1796.0,-656.0,-16.0,6.0,10.0,4.0,0.373,0.3841,0.3841,0.3841,0.3841,454.7055,1
0,Red,G2 Esports,0.7484,Pantheon,Gragas,K'Sante,Varus,Nautilus,0.5,0.4283,0.3613,0.4509,0.5124,1.0,-1796.0,656.0,16.0,4.0,5.0,6.0,0.7484,0.755,0.7484,0.737,0.7411,33.7317,0
0,Blue,G2 Esports,0.6771,Gragas,Vi,Ahri,Varus,Jarvan IV,0.3875,0.5601,0.3337,0.4079,0.5307,1.0,-2656.0,-2031.0,11.0,3.0,6.0,8.0,0.6771,0.68,0.6771,0.6668,0.6705,-90.6208,0
0,Red,KOI,0.3725,Kennen,Wukong,Akali,Sivir,Thresh,0.2728,0.355,0.4761,0.6504,0.447,0.0,2656.0,2031.0,-11.0,8.0,20.0,3.0,0.4328,0.4428,0.4428,0.4428,0.4428,-330.3233,1
0,Blue,Astralis,0.5935,Olaf,Maokai,Sylas,Lucian,Nami,0.756,0.5427,0.3887,0.2874,0.2835,0.0,-211.0,330.0,-26.0,6.0,6.0,5.0,0.6008,0.6098,0.6229,0.5936,0.5968,-818.8126,0
0,Red,Team Vitality,0.6328,Kled,Wukong,Annie,Draven,Nautilus,0.5,0.4165,0.5,0.7309,0.4636,1.0,211.0,-330.0,26.0,5.0,6.0,7.0,0.6504,0.6504,0.633,0.6755,0.6356,1590.4766,1
0,Blue,Astralis,0.5369,Olaf,Xin Zhao,Sylas,Xayah,Nautilus,0.6837,0.3808,0.3517,0.6555,0.5147,1.0,-5028.0,-3451.0,-37.0,4.0,6.0,11.0,0.5436,0.5487,0.562,0.5371,0.5395,-370.0568,0
0,Red,Team Vitality,0.6678,Jax,Lee Sin,Annie,Zeri,Rakan,0.5467,0.4349,0.5,0.5302,0.5731,0.0,5028.0,3451.0,37.0,11.0,24.0,4.0,0.6859,0.6859,0.668,0.7064,0.6703,-185.2378,1
0,Blue,Team BDS,0.6994,Jarvan IV,Vi,Syndra,Zeri,Lulu,0.4802,0.5067,0.415,0.5749,0.5515,1.0,2252.0,1079.0,9.0,7.0,16.0,3.0,0.7003,0.7375,0.6984,0.7162,0.7116,119.7964,1
0,Red,KOI,0.4322,Kennen,Trundle,Akali,Aphelios,Thresh,0.347,0.542,0.526,0.3915,0.4997,0.0,-2252.0,-1079.0,-9.0,3.0,3.0,7.0,0.4869,0.4959,0.4958,0.4958,0.4958,-1282.1548,0
0,Blue,KOI,0.3911,Kennen,Wukong,Orianna,Caitlyn,Annie,0.3119,0.472,0.4527,0.295,0.5,0.0,727.0,-864.0,-20.0,5.0,9.0,6.0,0.4405,0.4486,0.4486,0.4486,0.4486,53.3584,0
0,Red,Team BDS,0.7281,Sion,Vi,Cassiopeia,Xayah,Thresh,0.3645,0.5537,0.596,0.593,0.4521,1.0,-727.0,864.0,20.0,6.0,11.0,5.0,0.7289,0.7643,0.7271,0.7433,0.7391,-465.2433,1
0,Blue,KOI,0.3538,Kennen,Vi,Gragas,Zeri,Rell,0.2804,0.5962,0.3506,0.6154,0.5912,0.0,3726.0,1298.0,10.0,6.0,11.0,1.0,0.3713,0.3724,0.3724,0.3717,0.3745,474.7932,1
0,Red,Fnatic,0.409,Jarvan IV,Wukong,Ahri,Sivir,Renata Glasc,0.5297,0.4271,0.3019,0.6838,0.6547,1.0,-3726.0,-1298.0,-10.0,1.0,2.0,6.0,0.5,0.409,0.4091,0.3991,0.4397,125.7491,0
0,Blue,Fnatic,0.3701,Kennen,Maokai,Jayce,Xayah,Blitzcrank,0.3525,0.4892,0.4366,0.6318,0.5,0.0,-506.0,-799.0,15.0,2.0,5.0,2.0,0.5,0.3701,0.3701,0.3611,0.3954,-297.9621,1
0,Red,KOI,0.4154,Renekton,Sejuani,Sylas,Zeri,Soraka,0.2993,0.5807,0.3182,0.6521,0.5,1.0,506.0,799.0,-15.0,2.0,2.0,2.0,0.4322,0.4321,0.4322,0.4315,0.4341,477.9715,0
0,Blue,KOI,0.3758,K'Sante,Vi,Twisted Fate,Jinx,Rell,0.3266,0.6347,0.5538,0.5002,0.6302,0.0,1992.0,-501.0,22.0,4.0,5.0,6.0,0.3904,0.391,0.391,0.3904,0.3927,125.5959,1
0,Red,Fnatic,0.4301,Jax,Wukong,Ahri,Sivir,Thresh,0.5901,0.3864,0.2731,0.6185,0.5043,1.0,-1992.0,501.0,-22.0,6.0,9.0,5.0,0.5,0.43,0.4301,0.422,0.456,-385.6744,0
0,Blue,G2 Esports,0.6126,Kennen,Wukong,Sylas,Lucian,Nami,0.4171,0.3496,0.2879,0.26,0.2565,0.0,2045.0,-126.0,-7.0,3.0,4.0,4.0,0.6126,0.6128,0.6126,0.6033,0.6066,141.1279,1
0,Red,SK Gaming,0.3582,K'Sante,Viego,Lissandra,Zeri,Lulu,0.3912,0.4102,0.6662,0.59,0.5942,1.0,-2045.0,126.0,7.0,4.0,7.0,3.0,0.3556,0.3599,0.3582,0.3559,0.3559,1324.231,0
0,Blue,SK Gaming,0.3241,Jayce,Sejuani,Veigar,Aphelios,Renata Glasc,0.4902,0.5254,0.5,0.3542,0.5919,0.0,-4857.0,-4140.0,-44.0,7.0,12.0,10.0,0.3216,0.3256,0.3241,0.3206,0.3206,-375.7493,0
0,Red,G2 Esports,0.6495,Gragas,Bel'Veth,Cassiopeia,Nilah,Senna,0.4125,0.5,0.6383,0.5,0.5264,1.0,4857.0,4140.0,44.0,9.0,12.0,7.0,0.6495,0.6509,0.6495,0.6411,0.6441,-11.8274,1
0,Blue,Astralis,0.4858,K'Sante,Maokai,Cassiopeia,Xayah,Nautilus,0.3537,0.5394,0.6758,0.6669,0.4657,0.0,-581.0,62.0,-24.0,7.0,11.0,6.0,0.4918,0.494,0.5071,0.4859,0.4877,-742.2174,0
0,Red,KOI,0.4352,Gwen,Trundle,Annie,Jinx,Braum,0.4267,0.4904,0.5,0.5478,0.5392,1.0,581.0,-62.0,24.0,6.0,10.0,7.0,0.4493,0.449,0.449,0.4485,0.4506,-142.8633,1
0,Blue,Astralis,0.4395,Renekton,Maokai,Talon,Zeri,Nautilus,0.2708,0.4866,0.5,0.5338,0.4213,0.0,-3922.0,-4504.0,-57.0,5.0,11.0,11.0,0.4449,0.4449,0.4577,0.4396,0.441,37.9969,0
0,Red,KOI,0.489,K'Sante,Vi,Ahri,Jinx,Rakan,0.3198,0.6695,0.2471,0.5909,0.6137,1.0,3922.0,4504.0,57.0,11.0,26.0,5.0,0.5024,0.5015,0.5015,0.501,0.5029,-231.3255,1
0,Blue,G2 Esports,0.6829,Cho'Gath,Maokai,Tristana,Lucian,Nami,0.5,0.439,0.4546,0.3305,0.3273,1.0,-1958.0,-840.0,-29.0,1.0,3.0,3.0,0.6829,0.6852,0.6829,0.6752,0.678,-183.8609,0
0,Red,KOI,0.5377,Kennen,Wukong,Viktor,Zeri,Lulu,0.475,0.4116,0.5962,0.4829,0.5376,0.0,1958.0,840.0,29.0,3.0,2.0,1.0,0.3985,0.4059,0.4059,0.4059,0.4059,609.4396,1
0,Blue,G2 Esports,0.6179,Kennen,Bel'Veth,Sejuani,Kai'Sa,Nautilus,0.5269,0.5,0.4753,0.5595,0.3812,1.0,4809.0,2721.0,66.0,6.0,5.0,3.0,0.6179,0.6181,0.6179,0.6109,0.6134,-449.164,1
0,Red,KOI,0.5817,Malphite,Lee Sin,Varus,Lucian,Nami,0.5,0.4887,0.3691,0.299,0.2961,0.0,-4809.0,-2721.0,-66.0,3.0,3.0,6.0,0.4558,0.4625,0.4625,0.4625,0.4625,198.7805,0
0,Blue,KOI,0.5263,Jayce,Sejuani,Ahri,Sivir,Lulu,0.4435,0.5253,0.3188,0.5595,0.5817,0.0,-411.0,655.0,4.0,5.0,7.0,4.0,0.4124,0.4184,0.4184,0.4184,0.4184,-176.7802,0
0,Red,G2 Esports,0.6543,Gragas,Maokai,Yone,Jinx,Thresh,0.4684,0.3963,0.5645,0.6298,0.4563,1.0,411.0,-655.0,-4.0,4.0,6.0,5.0,0.6542,0.6554,0.6543,0.648,0.6502,-8.6623,1
1,Blue,Team BDS,0.754,Darius,Maokai,Orianna,Aphelios,Thresh,0.5,0.455,0.4096,0.3204,0.508,0.0,2533.0,-311.0,-43.0,3.0,4.0,0.0,0.7547,0.7882,0.7531,0.7678,0.7639,-1368.9316,1
1,Red,Team Vitality,0.6994,Akshan,Wukong,Ahri,Jinx,Lulu,0.5,0.4676,0.2884,0.6651,0.5263,1.0,-2533.0,311.0,43.0,0.0,0.0,3.0,0.7175,0.7175,0.6996,0.7344,0.7017,140.8546,0
1,Blue,Team Vitality,0.6328,Kennen,Lee Sin,Annie,Xayah,Nautilus,0.5735,0.4422,0.5,0.6034,0.4401,0.0,28.0,-84.0,10.0,5.0,10.0,6.0,0.6456,0.6456,0.6329,0.6645,0.6349,250.9184,0
1,Red,Team BDS,0.7775,Sion,Wukong,Cassiopeia,Aphelios,Tahm Kench,0.4253,0.4231,0.6063,0.3852,0.4874,1.0,-28.0,84.0,-10.0,6.0,9.0,5.0,0.7781,0.8096,0.7766,0.79,0.7864,-772.0397,1
1,Blue,Team BDS,0.7987,Darius,Maokai,Orianna,Jinx,Thresh,0.5,0.5078,0.4658,0.6017,0.5549,1.0,-1884.0,190.0,-20.0,6.0,10.0,5.0,0.7992,0.8287,0.7979,0.81,0.8068,-556.7135,1
1,Red,Team Vitality,0.5726,Gnar,Sejuani,Sylas,Zeri,Braum,0.4995,0.4753,0.3557,0.5322,0.5831,0.0,1884.0,-190.0,20.0,5.0,10.0,6.0,0.5812,0.5812,0.5726,0.6012,0.5744,491.2,0
1,Blue,G2 Esports,0.6872,Kennen,Viego,Aurelion Sol,Jinx,Thresh,0.5172,0.3711,0.5,0.6397,0.5973,0.0,1004.0,-1449.0,25.0,4.0,7.0,5.0,0.6872,0.689,0.6872,0.6815,0.6836,903.2311,1
1,Red,KOI,0.4762,Gragas,Lee Sin,Lissandra,Xayah,Rakan,0.519,0.4001,0.5982,0.5459,0.6505,1.0,-1004.0,1449.0,-25.0,5.0,6.0,4.0,0.5503,0.5489,0.549,0.5485,0.5502,298.7427,0
1,Blue,KOI,0.4308,Kennen,Lee Sin,Gragas,Xayah,Rakan,0.5645,0.362,0.4696,0.4939,0.5886,0.0,5225.0,1375.0,6.0,8.0,11.0,5.0,0.4973,0.4967,0.4967,0.4963,0.4978,414.2212,1
1,Red,G2 Esports,0.717,Akshan,Maokai,Cassiopeia,Jinx,Tahm Kench,0.5,0.5555,0.6465,0.674,0.5364,1.0,-5225.0,-1375.0,-6.0,5.0,6.0,8.0,0.717,0.7192,0.717,0.7118,0.7137,185.2198,0
1,Blue,G2 Esports,0.6487,Darius,Bel'Veth,Annie,Zeri,Lulu,0.5,0.5,0.5,0.4815,0.4761,0.0,2747.0,908.0,51.0,7.0,12.0,7.0,0.6487,0.6494,0.6487,0.6441,0.6457,138.9913,0
1,Red,KOI,0.4851,Jayce,Sejuani,Gragas,Jinx,Blitzcrank,0.4013,0.43,0.5201,0.6098,0.5,1.0,-2747.0,-908.0,-51.0,7.0,10.0,7.0,0.5457,0.5446,0.5446,0.5443,0.5457,-129.5057,1
1,Blue,G2 Esports,0.5869,Kennen,Maokai,Nocturne,Lucian,Nami,0.607,0.5018,0.5378,0.2705,0.2679,1.0,1812.0,1433.0,51.0,1.0,0.0,1.0,0.5869,0.5866,0.5869,0.5827,0.5842,191.3723,1
1,Red,KOI,0.5341,Gragas,Wukong,Ahri,Jinx,Rell,0.5658,0.478,0.261,0.647,0.6655,0.0,-1812.0,-1433.0,-51.0,1.0,1.0,1.0,0.5893,0.588,0.588,0.5877,0.5889,-278.8597,0
1,Blue,KOI,0.4832,Kennen,Wukong,Gragas,Ezreal,Pyke,0.6453,0.4325,0.5119,0.3455,0.5,0.0,-1990.0,899.0,-29.0,4.0,5.0,4.0,0.5327,0.532,0.532,0.5317,0.5328,10.2055,1
1,Red,G2 Esports,0.6263,Jayce,Jarvan IV,Cassiopeia,Jinx,Nautilus,0.4583,0.4792,0.581,0.5853,0.3982,1.0,1990.0,-899.0,29.0,4.0,10.0,4.0,0.6262,0.6265,0.6263,0.6225,0.6238,-301.5624,0
1,Blue,Team Vitality,0.518,K'Sante,Maokai,Cassiopeia,Lucian,Nami,0.3849,0.5499,0.5224,0.34,0.3377,0.0,-2478.0,-2391.0,-16.0,3.0,5.0,7.0,0.5235,0.5235,0.5181,0.5439,0.5197,91.0983,0
1,Red,KOI,0.5324,Gwen,Vi,Ahri,Xayah,Nautilus,0.4813,0.701,0.2361,0.5421,0.3603,1.0,2478.0,2391.0,16.0,7.0,10.0,3.0,0.5775,0.5765,0.5766,0.5763,0.5773,230.4742,1
1,Blue,Team Vitality,0.4687,Rumble,Maokai,Tristana,Aphelios,Nautilus,0.4185,0.4969,0.4113,0.4437,0.4212,1.0,2564.0,2217.0,47.0,5.0,11.0,4.0,0.4718,0.4718,0.4687,0.4921,0.4702,191.7823,1
1,Red,KOI,0.577,Jayce,Sejuani,Sylas,Jinx,Renata Glasc,0.4147,0.4843,0.3219,0.5296,0.5352,0.0,-2564.0,-2217.0,-47.0,4.0,8.0,5.0,0.618,0.6169,0.6169,0.6166,0.6176,-482.5129,0
1,Blue,KOI,0.522,K'Sante,Lee Sin,Lissandra,Xayah,Nautilus,0.3481,0.4227,0.5375,0.5857,0.4763,1.0,886.0,1746.0,-2.0,8.0,9.0,3.0,0.5588,0.5581,0.5581,0.5579,0.5588,427.1289,1
1,Red,Team Vitality,0.5193,Kennen,Vi,Syndra,Aphelios,Tahm Kench,0.6797,0.7295,0.4708,0.4967,0.4852,0.0,-886.0,-1746.0,2.0,3.0,5.0,8.0,0.5238,0.5238,0.5193,0.5405,0.5207,607.5335,0
1,Blue,Team Vitality,0.4698,Rumble,Maokai,Tristana,Aphelios,Tahm Kench,0.4765,0.5453,0.4674,0.4494,0.4389,1.0,-3195.0,-1014.0,-40.0,4.0,11.0,3.0,0.4724,0.4724,0.4699,0.489,0.4711,375.7344,0
1,Red,KOI,0.5675,Kennen,Vi,Twisted Fate,Xayah,Thresh,0.6138,0.66,0.5963,0.6252,0.6357,0.0,3195.0,1014.0,40.0,3.0,5.0,4.0,0.6011,0.6002,0.6002,0.6,0.6008,705.6538,1
1,Blue,Team BDS,0.8179,Sion,Vi,Cassiopeia,Zeri,Lulu,0.4802,0.6924,0.4701,0.4356,0.4308,0.0,249.0,1386.0,-13.0,9.0,17.0,8.0,0.8183,0.8457,0.8172,0.8281,0.8252,-141.2317,1
1,Red,KOI,0.6087,K'Sante,Wukong,Ahri,Xayah,Blitzcrank,0.4104,0.4865,0.3089,0.6609,0.5,1.0,-249.0,-1386.0,13.0,8.0,15.0,9.0,0.6392,0.6383,0.6383,0.6381,0.6388,121.4988,0
1,Blue,KOI,0.5508,Jayce,Vi,Zoe,Ezreal,Annie,0.3752,0.7217,0.3781,0.4079,0.5,0.0,1115.0,823.0,-1.0,9.0,16.0,5.0,0.5781,0.5775,0.5775,0.5773,0.578,-249.7667,0
1,Red,Team BDS,0.8353,Malphite,Maokai,Cassiopeia,Jinx,Renata Glasc,0.5,0.4929,0.5229,0.4792,0.484,1.0,-1115.0,-823.0,1.0,5.0,9.0,9.0,0.8356,0.8611,0.8346,0.8445,0.8418,-584.9872,1
1,Blue,KOI,0.4983,K'Sante,Vi,Ahri,Jinx,Thresh,0.3712,0.6529,0.2794,0.5288,0.6704,0.0,-165.0,724.0,16.0,1.0,1.0,2.0,0.5228,0.5225,0.5225,0.5224,0.5229,-79.4955,1
1,Red,Team BDS,0.851,Malphite,Wukong,Syndra,Zeri,Lulu,0.5,0.4402,0.4259,0.4894,0.485,1.0,165.0,-724.0,-16.0,2.0,2.0,1.0,0.8513,0.8748,0.8503,0.8593,0.8569,498.7603,0
1,Blue,Team BDS,0.7698,K'Sante,Vi,Cassiopeia,Aphelios,Thresh,0.4313,0.686,0.5703,0.4066,0.7018,0.0,-7448.0,-3830.0,-81.0,2.0,4.0,10.0,0.7702,0.7886,0.7693,0.7774,0.7753,-41.2965,0
1,Red,KOI,0.5461,Jayce,Sejuani,Gragas,Xayah,Pyke,0.3394,0.4382,0.5584,0.5979,0.5,1.0,7448.0,3830.0,81.0,10.0,14.0,2.0,0.5684,0.568,0.568,0.5678,0.5684,-386.2963,1
1,Blue,Team BDS,0.6965,K'Sante,Wukong,Syndra,Jinx,Thresh,0.3901,0.3983,0.3853,0.5736,0.6349,0.0,-2234.0,-1194.0,-5.0,0.0,0.0,2.0,0.6968,0.7112,0.6961,0.7033,0.7014,-525.7925,0
1,Red,KOI,0.5893,Gwen,Vi,Gragas,Ezreal,Annie,0.5307,0.6207,0.6005,0.369,0.5,1.0,2234.0,1194.0,5.0,2.0,3.0,0.0,0.6097,0.6091,0.6091,0.609,0.6095,-398.3202,1
0,Blue,Team Vitality,0.4251,Gwen,Kindred,Ahri,Lucian,Milio,0.5754,0.5,0.3481,0.3076,0.5,0.0,-826.0,476.0,32.0,4.0,5.0,3.0,0.4261,0.4261,0.4251,0.4424,0.4262,317.557,0
0,Red,KOI,0.6284,K'Sante,Gragas,Azir,Aphelios,Yuumi,0.3528,0.6385,0.6959,0.3679,0.4588,1.0,826.0,-476.0,-32.0,3.0,2.0,4.0,0.6469,0.6463,0.6463,0.6462,0.6467,-980.1413,1
0,Blue,SK Gaming,0.2932,Gragas,Kha'Zix,Ahri,Zeri,Yuumi,0.673,0.5,0.3149,0.4428,0.5108,0.0,-2682.0,-741.0,-27.0,1.0,2.0,8.0,0.2909,0.2946,0.2932,0.2889,0.2889,157.7487,0
0,Red,Team Heretics,0.3119,Sion,Wukong,Azir,Lucian,Milio,0.5298,0.3603,0.7248,0.2783,0.5,1.0,2682.0,741.0,27.0,8.0,17.0,1.0,0.3119,0.3388,0.2505,0.609,0.3152,-517.321,1
0,Blue,KOI,0.6638,Gragas,Jarvan IV,Ahri,Xayah,Yuumi,0.6089,0.4336,0.2849,0.6362,0.4618,0.0,3774.0,3152.0,17.0,5.0,5.0,0.0,0.3731,0.3786,0.3786,0.3786,0.4105,-671.6797,1
0,Red,Excel Esports,0.2012,Gnar,Wukong,Annie,Draven,Rakan,0.452,0.4213,0.5,0.7572,0.6278,1.0,-3774.0,-3152.0,-17.0,0.0,0.0,5.0,0.2385,0.5,0.3619,0.2012,0.2044,1597.6226,0
0,Blue,G2 Esports,0.5666,Renekton,Maokai,Jayce,Lucian,Nami,0.245,0.5416,0.4024,0.3471,0.3055,0.0,4501.0,2273.0,9.0,5.0,5.0,4.0,0.5666,0.566,0.5666,0.5632,0.5644,736.2291,1
0,Red,Team BDS,0.6301,Malphite,Viego,Annie,Xayah,Rakan,0.5,0.431,0.5,0.6709,0.568,1.0,-4501.0,-2273.0,-9.0,4.0,6.0,5.0,0.6305,0.6415,0.6298,0.6362,0.6346,697.9625,0
0,Blue,Fnatic,0.3891,K'Sante,Viego,LeBlanc,Aphelios,Thresh,0.4146,0.39,0.2846,0.4281,0.5744,1.0,2037.0,1080.0,59.0,6.0,8.0,4.0,0.5,0.3891,0.3891,0.5,0.3786,-47.4873,1
0,Red,Astralis,0.3977,Renekton,Wukong,Annie,Xayah,Rakan,0.3169,0.3811,0.5,0.607,0.5139,0.0,-2037.0,-1080.0,-59.0,4.0,12.0,6.0,0.4026,0.4009,0.4132,0.3978,0.3987,102.0734,0
0,Blue,Team Vitality,0.3846,Renekton,Sejuani,LeBlanc,Xayah,Nautilus,0.2867,0.4917,0.3528,0.5492,0.5262,1.0,2394.0,885.0,56.0,1.0,2.0,4.0,0.3845,0.3845,0.3846,0.4003,0.3856,516.7279,1
0,Red,SK Gaming,0.2653,Ornn,Maokai,Annie,Jinx,Rakan,0.343,0.5856,0.5,0.519,0.4649,0.0,-2394.0,-885.0,-56.0,4.0,11.0,1.0,0.2631,0.2666,0.2652,0.2604,0.2604,-853.1989,0
0,Blue,Fnatic,0.4473,K'Sante,Kindred,Annie,Aphelios,Yuumi,0.4705,0.5,0.5,0.4825,0.5134,0.0,-488.0,551.0,-6.0,1.0,1.0,1.0,0.5,0.4473,0.4473,0.5,0.4378,-922.5943,1
0,Red,Excel Esports,0.182,Renekton,Sejuani,Ahri,Zeri,Rakan,0.3547,0.5401,0.353,0.4006,0.4207,1.0,488.0,-551.0,6.0,1.0,2.0,1.0,0.2158,0.5,0.3263,0.182,0.1849,659.7276,0
0,Blue,KOI,0.6958,K'Sante,Wukong,Ahri,Xayah,Milio,0.521,0.3448,0.3194,0.5921,0.5,1.0,-1035.0,-1534.0,4.0,4.0,4.0,5.0,0.6806,0.68,0.68,0.6799,0.6803,-426.4088,1
0,Red,G2 Esports,0.6079,Poppy,Nocturne,Neeko,Lucian,Nami,0.4737,0.585,0.5,0.4093,0.3717,0.0,1035.0,1534.0,-4.0,5.0,6.0,4.0,0.6079,0.6079,0.6079,0.6048,0.6059,355.3896,0
0,Blue,Team BDS,0.57,Olaf,Gragas,Neeko,Zeri,Lulu,0.6183,0.6461,0.5,0.3625,0.4388,1.0,36.0,142.0,8.0,2.0,1.0,1.0,0.5704,0.5789,0.5698,0.5756,0.5742,367.1268,1
0,Red,KOI,0.7248,K'Sante,Wukong,Annie,Aphelios,Milio,0.5667,0.4072,0.4046,0.5318,0.5,0.0,-36.0,-142.0,-8.0,1.0,0.0,2.0,0.4328,0.4378,0.4378,0.4378,0.469,-860.2664,0
0,Blue,Astralis,0.3598,Sion,Jarvan IV,Neeko,Lucian,Nami,0.5747,0.4875,0.5,0.3703,0.3363,0.0,480.0,-1837.0,2.0,5.0,9.0,8.0,0.3642,0.3614,0.3731,0.3599,0.3605,-478.9818,0
0,Red,Team Heretics,0.3833,Renekton,Maokai,Ahri,Draven,Nautilus,0.3209,0.5294,0.3842,0.6833,0.5713,1.0,-480.0,1837.0,-2.0,7.0,14.0,5.0,0.3833,0.4017,0.3219,0.6463,0.3805,775.8359,1
0,Blue,Excel Esports,0.1647,K'Sante,Viego,Annie,Aphelios,Yuumi,0.5127,0.4481,0.3607,0.4812,0.56,0.0,-1636.0,379.0,-21.0,0.0,0.0,3.0,0.1952,0.5,0.2942,0.1647,0.1673,-451.9914,0
0,Red,SK Gaming,0.24,Gnar,Wukong,Lissandra,Jinx,Milio,0.4089,0.3685,0.5841,0.4696,0.5,1.0,1636.0,-379.0,21.0,3.0,5.0,1.0,0.238,0.2412,0.24,0.2349,0.2349,370.6112,1
0,Blue,Team BDS,0.611,Renekton,Gragas,Neeko,Aphelios,Milio,0.3856,0.6798,0.5,0.4354,0.5,0.0,-4602.0,-3434.0,-47.0,3.0,6.0,9.0,0.6113,0.6199,0.6107,0.6161,0.6147,200.4316,0
0,Red,Astralis,0.3255,Rumble,Sejuani,Yasuo,Xayah,Blitzcrank,0.4292,0.4886,0.5,0.631,0.5,1.0,4602.0,3434.0,47.0,9.0,10.0,3.0,0.3295,0.3259,0.337,0.3256,0.326,329.8407,1
0,Blue,KOI,0.6558,Gragas,Wukong,Annie,Aphelios,Rakan,0.6151,0.4286,0.3221,0.3939,0.3806,1.0,-1340.0,103.0,18.0,2.0,3.0,4.0,0.7111,0.7105,0.7105,0.7104,0.7108,-517.9865,1
0,Red,KOI,0.6886,K'Sante,Nocturne,Ahri,Xayah,Leona,0.4638,0.5257,0.4429,0.6661,0.4821,0.0,1340.0,-103.0,-18.0,4.0,2.0,2.0,0.3916,0.3961,0.3961,0.3961,0.4227,-562.0181,0
0,Blue,G2 Esports,0.55,K'Sante,Maokai,Ahri,Aphelios,Milio,0.4195,0.5745,0.4007,0.4516,0.5,0.0,2297.0,-91.0,-29.0,6.0,16.0,3.0,0.55,0.5493,0.55,0.5472,0.5482,-467.5386,1
0,Red,Fnatic,0.4999,Malphite,Viego,Neeko,Lucian,Nami,0.5,0.4054,0.5,0.335,0.3042,1.0,-2297.0,91.0,29.0,3.0,7.0,6.0,0.5,0.4999,0.4999,0.5,0.4913,788.5831,0
0,Blue,Team Heretics,0.4467,Sion,Maokai,Kai'Sa,Zeri,Milio,0.5199,0.6153,0.6014,0.4232,0.5,0.0,511.0,351.0,9.0,3.0,8.0,0.0,0.4467,0.4587,0.3865,0.6801,0.4395,-1087.3052,1
0,Red,Team Vitality,0.4432,Gwen,Wukong,LeBlanc,Aphelios,Nautilus,0.5206,0.483,0.4145,0.5038,0.6122,1.0,-511.0,-351.0,-9.0,0.0,0.0,3.0,0.4445,0.4445,0.4432,0.4574,0.4441,14.9966,0
0,Blue,SK Gaming,0.3124,Renekton,Wukong,LeBlanc,Aphelios,Nautilus,0.3488,0.437,0.375,0.4559,0.5539,0.0,752.0,-148.0,-2.0,2.0,1.0,3.0,0.3107,0.3134,0.3124,0.3098,0.3098,-37.3018,0
0,Red,Team BDS,0.5528,K'Sante,Sejuani,Syndra,Zeri,Lulu,0.4749,0.5373,0.3485,0.4781,0.4923,1.0,-752.0,148.0,2.0,3.0,1.0,2.0,0.5531,0.5597,0.5526,0.5573,0.5562,436.9555,1
0,Blue,Excel Esports,0.149,K'Sante,Maokai,Azir,Xayah,Nautilus,0.525,0.6522,0.751,0.6027,0.5011,0.0,1956.0,3268.0,66.0,4.0,4.0,2.0,0.1766,0.5,0.2654,0.149,0.1514,-72.5899,1
0,Red,Team Heretics,0.5032,Renekton,Sejuani,Taliyah,Draven,Leona,0.3156,0.5814,0.5016,0.7141,0.4362,1.0,-1956.0,-3268.0,-66.0,2.0,3.0,4.0,0.5032,0.5103,0.4449,0.7106,0.4929,534.7195,0
0,Blue,KOI,0.623,Gragas,Vi,Viktor,Zeri,Lulu,0.6517,0.6568,0.6347,0.5278,0.5406,0.0,-2755.0,-1828.0,-54.0,2.0,5.0,5.0,0.3543,0.3584,0.3584,0.3583,0.381,177.8363,0
0,Red,Fnatic,0.4523,Poppy,Wukong,Syndra,Xayah,Rakan,0.4274,0.3954,0.4107,0.6405,0.4396,1.0,2755.0,1828.0,54.0,5.0,12.0,2.0,0.5,0.4523,0.4523,0.5,0.4445,-102.4814,1
0,Blue,Team Vitality,0.401,Gragas,Poppy,Orianna,Xayah,Rakan,0.5897,0.4833,0.5167,0.6747,0.493,0.0,-1969.0,-2339.0,-1.0,1.0,3.0,4.0,0.4013,0.4013,0.401,0.4139,0.4018,-422.7924,0
0,Red,G2 Esports,0.5929,Sion,Trundle,Azir,Aphelios,Lulu,0.5657,0.5389,0.7748,0.4124,0.4891,1.0,1969.0,2339.0,1.0,4.0,8.0,1.0,0.5928,0.5927,0.5929,0.5903,0.5912,-939.0072,1
0,Blue,Astralis,0.3898,Sion,Vi,Akali,Kai'Sa,Nautilus,0.6071,0.5942,0.4759,0.6394,0.5486,0.0,-528.0,-1826.0,-27.0,2.0,5.0,4.0,0.3934,0.3919,0.4011,0.3898,0.3905,-1445.1838,0
0,Red,KOI,0.5636,Poppy,Wukong,Gragas,Xayah,Rakan,0.4362,0.453,0.5335,0.6105,0.446,1.0,528.0,1826.0,27.0,4.0,10.0,2.0,0.7387,0.7381,0.7381,0.738,0.7383,-84.0343,1
0,Blue,Excel Esports,0.2301,Sion,Maokai,Azir,Xayah,Nautilus,0.5492,0.6854,0.7962,0.6476,0.4964,1.0,311.0,1773.0,56.0,2.0,5.0,2.0,0.255,0.5,0.3372,0.2301,0.2322,-295.9324,1
0,Red,Team BDS,0.5954,K'Sante,Sejuani,Cassiopeia,Aphelios,Lulu,0.5702,0.526,0.5139,0.4684,0.5378,0.0,-311.0,-1773.0,-56.0,2.0,2.0,2.0,0.5957,0.6024,0.5952,0.5995,0.5985,27.3523,0
0,Blue,Astralis,0.3526,Gragas,Viego,Yasuo,Xayah,Rakan,0.5779,0.3668,0.5806,0.6811,0.4988,1.0,-273.0,-875.0,-12.0,0.0,0.0,2.0,0.3559,0.3537,0.3624,0.3527,0.3532,560.4043,1
0,Red,Team Vitality,0.3628,K'Sante,Nocturne,Neeko,Zeri,Lulu,0.5159,0.4727,0.5,0.4775,0.4866,0.0,273.0,875.0,12.0,2.0,3.0,0.0,0.3623,0.3623,0.3628,0.3744,0.3636,325.4328,0
0,Blue,Team Heretics,0.4522,K'Sante,Maokai,Cassiopeia,Aphelios,Nautilus,0.4667,0.7155,0.4633,0.4238,0.5443,0.0,-797.0,-825.0,10.0,1.0,2.0,3.0,0.4522,0.4617,0.4025,0.6428,0.4459,-50.206,0
0,Red,KOI,0.6052,Gwen,Sejuani,Tristana,Zeri,Lulu,0.471,0.4759,0.4229,0.4321,0.4402,1.0,797.0,825.0,-10.0,3.0,6.0,1.0,0.3205,0.3242,0.3242,0.3242,0.3436,530.1895,1
0,Blue,G2 Esports,0.6316,K'Sante,Maokai,Syndra,Kog'Maw,Braum,0.4222,0.6471,0.4669,0.5,0.5275,1.0,-1596.0,-544.0,72.0,0.0,0.0,7.0,0.6316,0.6318,0.6316,0.6293,0.6302,230.7518,1
0,Red,SK Gaming,0.2826,Gwen,Sejuani,Azir,Aphelios,Lulu,0.5214,0.5259,0.8156,0.3834,0.4935,0.0,1596.0,544.0,-72.0,7.0,15.0,0.0,0.2811,0.2836,0.2826,0.2795,0.2795,487.6654,0
0,Blue,KOI,0.6428,Jayce,Sejuani,Neeko,Aphelios,Yuumi,0.4593,0.4758,0.5,0.3469,0.5064,1.0,-120.0,774.0,-34.0,4.0,3.0,3.0,0.7636,0.763,0.763,0.7629,0.7632,102.4694,0
0,Red,Fnatic,0.5045,K'Sante,Maokai,Orianna,Xayah,Milio,0.4773,0.6808,0.4675,0.7115,0.5,0.0,120.0,-774.0,34.0,3.0,2.0,4.0,0.5,0.5045,0.5045,0.5,0.4974,-377.8291,1
0,Blue,Team BDS,0.5387,Renekton,Sejuani,Syndra,Jinx,Milio,0.2856,0.4305,0.5177,0.5201,0.5,0.0,-1718.0,-1853.0,-20.0,4.0,8.0,6.0,0.5,0.544,0.5385,0.5424,0.5415,-129.4196,0
0,Red,Team Heretics,0.4066,K'Sante,Viego,Neeko,Aphelios,Yuumi,0.5271,0.4271,0.5,0.3139,0.4579,1.0,1718.0,1853.0,20.0,6.0,10.0,4.0,0.4066,0.4177,0.3642,0.5815,0.4035,35.7281,1
0,Blue,KOI,0.5816,K'Sante,Wukong,Twisted Fate,Jinx,Rakan,0.5722,0.5051,0.6347,0.4706,0.5465,1.0,2285.0,-742.0,10.0,4.0,9.0,3.0,0.6908,0.6903,0.6904,0.6903,0.6905,14.3635,0
0,Red,Excel Esports,0.3034,Sion,Poppy,Azir,Draven,Leona,0.5922,0.491,0.7379,0.6447,0.3946,0.0,-2285.0,742.0,-10.0,3.0,8.0,4.0,0.326,0.5,0.4017,0.3034,0.3053,47.7494,1
0,Blue,G2 Esports,0.6667,Gnar,Maokai,Azir,Kog'Maw,Braum,0.4652,0.7113,0.7629,0.5,0.5725,0.0,-23.0,-559.0,29.0,1.0,3.0,3.0,0.6667,0.6672,0.6667,0.6646,0.6654,734.8197,1
0,Red,Astralis,0.4143,K'Sante,Viego,Neeko,Zeri,Yuumi,0.5176,0.4816,0.5,0.4862,0.5098,1.0,23.0,559.0,-29.0,3.0,2.0,1.0,0.4173,0.4166,0.4238,0.4144,0.415,138.6486,0
0,Blue,KOI,0.5262,K'Sante,Gragas,Tristana,Aphelios,Yuumi,0.4683,0.6181,0.4779,0.3792,0.461,1.0,249.0,-643.0,17.0,1.0,2.0,3.0,0.3852,0.3886,0.3886,0.3886,0.4079,187.917,0
0,Red,SK Gaming,0.2557,Jax,Sejuani,Akali,Jinx,Milio,0.5336,0.3895,0.4305,0.4257,0.5,0.0,-249.0,643.0,-17.0,3.0,5.0,1.0,0.2543,0.2566,0.2557,0.2523,0.2523,-1024.5372,1
0,Blue,Fnatic,0.5517,Poppy,Amumu,Ahri,Aphelios,Lulu,0.5404,0.5,0.4578,0.3431,0.4465,0.0,4211.0,2437.0,-19.0,11.0,25.0,2.0,0.585,0.5517,0.5517,0.5,0.5453,-482.2815,1
0,Red,Team Vitality,0.3283,Renekton,Maokai,Varus,Xayah,Rakan,0.2584,0.7389,0.3339,0.739,0.4945,1.0,-4211.0,-2437.0,19.0,2.0,7.0,11.0,0.3273,0.3273,0.3282,0.3388,0.3289,334.3199,0
0,Blue,Astralis,0.3748,Renekton,Vi,Azir,Aphelios,Nautilus,0.2338,0.5376,0.7855,0.4057,0.4925,0.0,968.0,520.0,28.0,1.0,2.0,3.0,0.3775,0.3761,0.383,0.3749,0.3753,540.6352,1
0,Red,SK Gaming,0.3266,Gragas,Poppy,Neeko,Jinx,Rakan,0.5593,0.5849,0.5,0.4804,0.4474,1.0,-968.0,-520.0,-28.0,3.0,8.0,1.0,0.3254,0.3274,0.3266,0.325,0.325,-701.8693,0
0,Blue,Team Vitality,0.297,Renekton,Maokai,Azir,Zeri,Soraka,0.3067,0.6684,0.8059,0.4399,0.5,0.0,-160.0,848.0,-19.0,2.0,4.0,0.0,0.2956,0.5,0.297,0.3065,0.2976,295.0084,0
0,Red,KOI,0.4761,Gnar,Trundle,LeBlanc,Aphelios,Lulu,0.5161,0.5828,0.3393,0.4623,0.4992,1.0,160.0,-848.0,19.0,0.0,0.0,2.0,0.3485,0.3516,0.3516,0.3516,0.368,530.3839,1
0,Blue,Excel Esports,0.3697,K'Sante,Nocturne,Neeko,Xayah,Nautilus,0.4237,0.4253,0.5,0.6686,0.5408,0.0,-4782.0,-1781.0,-72.0,3.0,6.0,2.0,0.3902,0.5,0.4599,0.3697,0.3715,-28.1573,0
0,Red,G2 Esports,0.6985,Olaf,Trundle,LeBlanc,Draven,Braum,0.6548,0.6226,0.4022,0.6792,0.6133,1.0,4782.0,1781.0,72.0,2.0,2.0,3.0,0.6984,0.6991,0.6985,0.6966,0.6972,641.9216,1
0,Blue,Fnatic,0.5944,Gragas,Viego,Syndra,Xayah,Yuumi,0.506,0.4358,0.4683,0.6049,0.417,0.0,1559.0,1869.0,26.0,3.0,5.0,0.0,0.63,0.5944,0.5944,0.5,0.5886,-335.8856,1
0,Red,Team BDS,0.4873,Olaf,Poppy,Azir,Aphelios,Blitzcrank,0.6878,0.5283,0.7292,0.5135,0.5,1.0,-1559.0,-1869.0,-26.0,0.0,0.0,3.0,0.5389,0.4914,0.4872,0.4907,0.4899,253.6971,0
0,Blue,KOI,0.526,Gragas,Rek'Sai,Annie,Xayah,Milio,0.553,0.5,0.3938,0.6426,0.5,0.0,-1300.0,156.0,40.0,4.0,7.0,5.0,0.6249,0.6246,0.6246,0.6245,0.6248,-462.9686,0
0,Red,Team Heretics,0.4661,Poppy,Wukong,LeBlanc,Aphelios,Yuumi,0.4773,0.457,0.4592,0.4646,0.4727,1.0,1300.0,-156.0,-40.0,5.0,8.0,4.0,0.4661,0.4732,0.4247,0.6214,0.4603,78.8012,1
0,Blue,Excel Esports,0.3345,Sion,Amumu,Tristana,Aphelios,Milio,0.6311,0.5,0.4323,0.5156,0.5,0.0,-1881.0,-1817.0,-16.0,3.0,8.0,4.0,0.353,0.5,0.4153,0.3345,0.3361,159.598,1
0,Red,Astralis,0.4344,Renekton,Maokai,Sylas,Xayah,Pyke,0.2775,0.6045,0.2912,0.5814,0.5816,1.0,1881.0,1817.0,16.0,4.0,4.0,3.0,0.4368,0.4367,0.4424,0.4344,0.435,-161.6111,0
0,Blue,G2 Esports,0.7272,K'Sante,Kha'Zix,Neeko,Kog'Maw,Braum,0.3833,0.5,0.5,0.5,0.6501,0.0,2217.0,2443.0,103.0,3.0,5.0,3.0,0.7272,0.728,0.7272,0.7255,0.7261,-145.5688,1
0,Red,KOI,0.4759,Gwen,Jarvan IV,Azir,Aphelios,Janna,0.4717,0.4411,0.6597,0.5617,0.5,1.0,-2217.0,-2443.0,-103.0,3.0,2.0,3.0,0.4106,0.4133,0.4133,0.4133,0.4296,660.118,0
0,Blue,Team Heretics,0.5193,K'Sante,Vi,LeBlanc,Varus,Blitzcrank,0.4421,0.5817,0.5108,0.3021,0.5,1.0,-5144.0,-2506.0,-58.0,0.0,0.0,3.0,0.5193,0.5233,0.4795,0.6575,0.5117,115.733,0
0,Red,Fnatic,0.633,Olaf,Poppy,Ryze,Aphelios,Lulu,0.6221,0.5277,0.313,0.5082,0.5469,0.0,5144.0,2506.0,58.0,3.0,2.0,0.0,0.6696,0.633,0.633,0.5,0.6278,-343.5487,1
0,Blue,Team BDS,0.4409,Sett,Sejuani,Azir,Varus,Rakan,0.5058,0.4476,0.5969,0.2733,0.4048,0.0,-1642.0,291.0,-6.0,8.0,13.0,6.0,0.4876,0.444,0.4408,0.444,0.4432,323.0706,1
0,Red,Team Vitality,0.2687,Renekton,Maokai,Tristana,Aphelios,Nautilus,0.2511,0.5468,0.4864,0.555,0.4893,1.0,1642.0,-291.0,6.0,6.0,13.0,8.0,0.2671,0.5,0.2687,0.2773,0.2693,612.8327,0
0,Blue,SK Gaming,0.2955,Gragas,Poppy,Sylas,Aphelios,Milio,0.5004,0.5732,0.2635,0.5022,0.5,0.0,-711.0,-1758.0,-60.0,4.0,7.0,2.0,0.2944,0.2962,0.2955,0.2934,0.2934,-12.1125,1
0,Red,KOI,0.4306,Gnar,Sejuani,Azir,Draven,Blitzcrank,0.5622,0.5002,0.6353,0.7103,0.5,1.0,711.0,1758.0,60.0,2.0,3.0,4.0,0.5653,0.5651,0.5651,0.5651,0.5653,794.4063,0
0,Blue,Team Vitality,0.2431,Gwen,Viego,Ahri,Aphelios,Yuumi,0.4268,0.4895,0.5094,0.5496,0.523,1.0,-856.0,916.0,-34.0,3.0,6.0,2.0,0.2413,0.5,0.2431,0.2509,0.2436,623.8783,0
0,Red,Excel Esports,0.3979,Kennen,Sejuani,K'Sante,Tristana,Milio,0.6512,0.4526,0.4,0.4401,0.5,0.0,856.0,-916.0,34.0,2.0,1.0,3.0,0.4146,0.5,0.4719,0.3979,0.3993,310.6233,1
0,Blue,Team BDS,0.4942,Renekton,Maokai,Azir,Aphelios,Tahm Kench,0.2272,0.4947,0.5748,0.4973,0.397,1.0,1168.0,1517.0,-18.0,6.0,6.0,2.0,0.5364,0.4976,0.4941,0.4969,0.4963,233.1269,1
0,Red,KOI,0.3896,Kennen,Vi,Gragas,Ezreal,Rakan,0.6849,0.5263,0.548,0.4291,0.4615,0.0,-1168.0,-1517.0,18.0,2.0,4.0,6.0,0.5114,0.5113,0.5113,0.5112,0.5114,147.8842,0
0,Blue,KOI,0.3525,Renekton,Vi,Neeko,Sivir,Lulu,0.3008,0.4761,0.5,0.5062,0.5901,0.0,2049.0,1283.0,39.0,5.0,14.0,1.0,0.3715,0.374,0.374,0.374,0.3878,-18.204,1
0,Red,Astralis,0.393,K'Sante,Viego,Azir,Aphelios,Nautilus,0.4571,0.4429,0.6153,0.5451,0.4427,1.0,-2049.0,-1283.0,-39.0,1.0,4.0,5.0,0.3952,0.3944,0.3999,0.3931,0.3935,-81.2746,0
0,Blue,Team Heretics,0.4678,Renekton,Maokai,Kai'Sa,Zeri,Yuumi,0.3674,0.5429,0.5785,0.398,0.4731,0.0,-1251.0,-1095.0,-41.0,5.0,12.0,3.0,0.4678,0.4735,0.4339,0.5948,0.463,-400.4923,0
0,Red,G2 Esports,0.7532,K'Sante,Trundle,Cassiopeia,Aphelios,Milio,0.4136,0.6585,0.4178,0.4932,0.5,1.0,1251.0,1095.0,41.0,3.0,1.0,5.0,0.7532,0.754,0.7532,0.7516,0.7522,-725.2028,1
0,Blue,SK Gaming,0.3626,Jax,Nautilus,Azir,Jinx,Milio,0.5783,0.4006,0.5567,0.4347,0.5,1.0,-662.0,-1567.0,0.0,5.0,8.0,7.0,0.3616,0.3632,0.3626,0.3619,0.3619,-511.203,1
0,Red,Fnatic,0.6679,Renekton,Maokai,Xerath,Aphelios,Yuumi,0.3324,0.4911,0.5,0.5415,0.4279,0.0,662.0,1567.0,0.0,7.0,16.0,5.0,0.7046,0.6679,0.668,0.5,0.6632,29.3848,0
0,Blue,Excel Esports,0.4553,Rumble,Lee Sin,Ahri,Kai'Sa,Rell,0.4856,0.4777,0.4609,0.5234,0.602,0.0,1391.0,1739.0,44.0,5.0,10.0,4.0,0.4704,0.5,0.523,0.4553,0.4566,63.4252,1
0,Red,KOI,0.4141,Ornn,Poppy,Jayce,Xayah,Rakan,0.3103,0.6143,0.4155,0.526,0.4175,1.0,-1391.0,-1739.0,-44.0,4.0,9.0,5.0,0.4626,0.4626,0.4626,0.4626,0.4627,-635.7921,0
0,Blue,KOI,0.3747,K'Sante,Nocturne,LeBlanc,Kai'Sa,Nautilus,0.4694,0.3829,0.4621,0.5688,0.4576,0.0,1740.0,2535.0,59.0,4.0,5.0,3.0,0.4185,0.4185,0.4185,0.4185,0.4187,-579.514,0
0,Red,Excel Esports,0.5071,Rumble,Viego,Twisted Fate,Aphelios,Rell,0.5363,0.4007,0.5743,0.4899,0.64,1.0,-1740.0,-2535.0,-59.0,3.0,7.0,4.0,0.5208,0.5,0.569,0.5071,0.5083,946.6794,1
0,Blue,SK Gaming,0.4233,Gnar,Maokai,Tristana,Kai'Sa,Alistar,0.5087,0.4442,0.4934,0.5146,0.3916,0.0,930.0,-188.0,-39.0,1.0,0.0,0.0,0.4225,0.4239,0.4234,0.4236,0.4236,25.1761,1
0,Red,Fnatic,0.6043,Jax,Poppy,Azir,Zeri,Braum,0.6186,0.5552,0.5989,0.3601,0.6835,1.0,-930.0,188.0,39.0,0.0,0.0,1.0,0.6308,0.6043,0.6043,0.5,0.6001,-598.9265,0
0,Blue,Fnatic,0.5468,K'Sante,Sejuani,Azir,Kai'Sa,Nautilus,0.4247,0.5047,0.5419,0.5608,0.4141,0.0,688.0,2314.0,39.0,3.0,5.0,0.0,0.5654,0.5468,0.5468,0.5,0.5429,-1071.3187,0
0,Red,SK Gaming,0.4782,Gwen,Poppy,Akali,Xayah,Rakan,0.3861,0.5019,0.4848,0.4759,0.3777,1.0,-688.0,-2314.0,-39.0,0.0,0.0,3.0,0.4776,0.4788,0.4783,0.4792,0.4792,-624.1089,1
0,Blue,Team Heretics,0.4215,Renekton,Trundle,Kai'Sa,Ziggs,Nautilus,0.3007,0.691,0.5074,0.5,0.3746,1.0,558.0,629.0,-3.0,2.0,2.0,1.0,0.4215,0.4284,0.3925,0.5381,0.4189,-589.2666,1
0,Red,Team BDS,0.5424,Darius,Sejuani,Tristana,Vayne,Braum,0.5,0.4566,0.5417,0.5,0.6183,0.0,-558.0,-629.0,3.0,1.0,2.0,2.0,0.5806,0.546,0.5423,0.5449,0.5442,249.364,0
0,Blue,Team BDS,0.4907,Renekton,Lillia,Jayce,Zeri,Rell,0.3673,0.4575,0.376,0.3258,0.6743,1.0,5263.0,3118.0,50.0,5.0,11.0,2.0,0.5253,0.4935,0.4906,0.493,0.4924,689.1701,1
0,Red,Team Heretics,0.4785,K'Sante,Sejuani,Tristana,Seraphine,Nautilus,0.3843,0.4132,0.4901,0.6997,0.4342,0.0,-5263.0,-3118.0,-50.0,2.0,2.0,5.0,0.4785,0.4828,0.4504,0.5822,0.4742,82.3704,0
0,Blue,Team Heretics,0.4315,Ornn,Ivern,Tristana,Aphelios,Nautilus,0.2807,0.5,0.4434,0.5385,0.3928,1.0,-2174.0,-2110.0,-57.0,3.0,6.0,3.0,0.4315,0.4369,0.4075,0.5267,0.429,-353.3589,0
0,Red,Team BDS,0.5392,Renekton,Gragas,Jayce,Varus,Rakan,0.4276,0.4958,0.4354,0.3425,0.437,0.0,2174.0,2110.0,57.0,3.0,4.0,3.0,0.5705,0.5421,0.5391,0.5413,0.5408,556.1074,1
0,Blue,G2 Esports,0.7767,Jax,Rell,Neeko,Kalista,Nautilus,0.5595,0.7053,0.5,0.5698,0.3554,1.0,-2137.0,-1085.0,4.0,3.0,4.0,5.0,0.7767,0.7776,0.7767,0.7753,0.7758,617.8527,1
0,Red,KOI,0.339,Kennen,Sejuani,Tristana,Ashe,Alistar,0.6188,0.3738,0.4011,0.5314,0.4495,0.0,2137.0,1085.0,-4.0,5.0,10.0,3.0,0.4314,0.4336,0.4336,0.4336,0.4472,866.1676,0
0,Blue,KOI,0.3067,Renekton,Maokai,LeBlanc,Sivir,Nautilus,0.4821,0.4972,0.418,0.5533,0.4168,0.0,-1313.0,-3.0,-15.0,4.0,4.0,4.0,0.3903,0.3923,0.3923,0.3923,0.4039,824.8921,0
0,Red,G2 Esports,0.7979,Jax,Trundle,Tristana,Kalista,Braum,0.6015,0.7205,0.3629,0.6108,0.5594,1.0,1313.0,3.0,15.0,4.0,5.0,4.0,0.7979,0.7989,0.7979,0.7967,0.7971,548.5735,1
0,Blue,Excel Esports,0.5541,Gnar,Sejuani,Jayce,Kai'Sa,Braum,0.5555,0.3382,0.4892,0.5543,0.6014,1.0,-526.0,567.0,38.0,7.0,11.0,10.0,0.5665,0.5,0.6106,0.5541,0.5552,311.2081,1
0,Red,SK Gaming,0.5279,Renekton,Poppy,Tristana,Ziggs,Nautilus,0.4362,0.5497,0.4236,0.5,0.3771,0.0,526.0,-567.0,-38.0,10.0,23.0,7.0,0.5274,0.5284,0.528,0.5294,0.5294,283.5024,0
0,Blue,Excel Esports,0.5965,K'Sante,Sejuani,Azir,Tristana,Nautilus,0.3477,0.4012,0.4903,0.3833,0.3412,1.0,-2860.0,-1089.0,-15.0,1.0,3.0,1.0,0.6077,0.5,0.6481,0.5965,0.5975,-38.5928,0
0,Red,SK Gaming,0.4776,Renekton,Poppy,Akali,Xayah,Rakan,0.3946,0.497,0.5339,0.5258,0.4906,0.0,2860.0,1089.0,15.0,1.0,1.0,1.0,0.4771,0.4781,0.4777,0.4784,0.4784,-458.4411,1
0,Blue,Excel Esports,0.5397,Poppy,Maokai,LeBlanc,Ashe,Rakan,0.5452,0.4498,0.3782,0.4804,0.5391,0.0,-725.0,741.0,28.0,2.0,5.0,5.0,0.5499,0.5,0.5857,0.5397,0.5406,108.3614,1
0,Red,SK Gaming,0.5274,Jax,Sejuani,Syndra,Ezreal,Nautilus,0.6396,0.363,0.519,0.3882,0.3087,1.0,725.0,-741.0,-28.0,5.0,8.0,2.0,0.5269,0.5278,0.5275,0.5286,0.5286,-996.5583,0
0,Blue,G2 Esports,0.8172,Jax,Ivern,Lucian,Kai'Sa,Rell,0.5785,0.5,0.3031,0.5968,0.7334,0.0,4382.0,278.0,-14.0,11.0,25.0,6.0,0.8172,0.8181,0.8172,0.816,0.8164,-503.4678,1
0,Red,Team BDS,0.5831,Garen,Sejuani,Jayce,Varus,Alistar,0.5,0.3284,0.5378,0.4052,0.4067,1.0,-4382.0,-278.0,14.0,6.0,11.0,11.0,0.6114,0.5861,0.583,0.585,0.5845,-52.5419,0
0,Blue,Team BDS,0.5276,Olaf,Gragas,Cassiopeia,Kai'Sa,Rakan,0.6582,0.5438,0.4748,0.6352,0.583,1.0,-1591.0,-1328.0,45.0,7.0,3.0,8.0,0.5532,0.5299,0.5275,0.5292,0.5288,132.7677,0
0,Red,G2 Esports,0.8346,Sett,Ivern,Tristana,Kalista,Nautilus,0.5563,0.5,0.3468,0.648,0.2793,0.0,1591.0,1328.0,-45.0,8.0,10.0,7.0,0.8346,0.8355,0.8346,0.8336,0.8339,1658.4274,1
0,Blue,Fnatic,0.4947,Ornn,Maokai,Jayce,Xayah,Braum,0.254,0.5023,0.4866,0.571,0.6394,1.0,1270.0,-368.0,13.0,6.0,10.0,5.0,0.5072,0.4947,0.4947,0.5,0.4912,-633.0976,1
0,Red,KOI,0.2775,Rumble,Rell,Ahri,Ashe,Milio,0.5818,0.7588,0.5123,0.5302,0.5,0.0,-1270.0,368.0,-13.0,5.0,9.0,6.0,0.3786,0.3787,0.3787,0.3786,0.3788,586.4502,0
0,Blue,Fnatic,0.5428,Ornn,Maokai,Jayce,Jinx,Thresh,0.3251,0.5497,0.5355,0.4885,0.615,0.0,466.0,-395.0,-21.0,1.0,2.0,2.0,0.5575,0.5428,0.5428,0.5,0.5397,-890.8136,1
0,Red,KOI,0.2511,Rumble,Vi,Taliyah,Samira,Rell,0.5249,0.526,0.4535,0.5,0.6865,1.0,-466.0,395.0,21.0,2.0,5.0,1.0,0.3425,0.3426,0.3426,0.3426,0.3427,-21.3387,0
0,Blue,Team Heretics,0.3893,Renekton,Viego,Ahri,Xayah,Rell,0.4523,0.4578,0.4635,0.6118,0.6211,1.0,-2007.0,-299.0,-35.0,0.0,0.0,0.0,0.3893,0.3952,0.3687,0.4765,0.3882,750.6584,1
0,Red,KOI,0.2272,Quinn,Sejuani,Azir,Ezreal,Rakan,0.5,0.2972,0.4436,0.3512,0.5275,0.0,2007.0,299.0,35.0,0.0,0.0,0.0,0.3531,0.3549,0.3549,0.3549,0.3649,-752.7373,0
0,Blue,Team Heretics,0.4489,Ornn,Trundle,Ahri,Xayah,Rell,0.3894,0.7471,0.5146,0.6488,0.6572,1.0,1491.0,33.0,-34.0,3.0,5.0,1.0,0.4489,0.4528,0.4288,0.5264,0.4465,-588.0238,1
0,Red,KOI,0.2055,Gnar,Sejuani,Orianna,Kai'Sa,Rakan,0.5978,0.2689,0.5182,0.5747,0.4773,0.0,-1491.0,-33.0,34.0,1.0,2.0,3.0,0.3195,0.3211,0.3211,0.3211,0.3296,-647.5893,0
0,Blue,Fnatic,0.5864,Gangplank,Rell,Annie,Xayah,Rakan,0.5122,0.6899,0.3526,0.6822,0.4318,1.0,1095.0,-505.0,19.0,2.0,4.0,4.0,0.6024,0.5864,0.5864,0.5,0.5835,-307.0916,1
0,Red,SK Gaming,0.4772,Jax,Sejuani,Tristana,Kai'Sa,Alistar,0.6188,0.2433,0.409,0.52,0.368,0.0,-1095.0,505.0,-19.0,4.0,6.0,2.0,0.4767,0.4775,0.4772,0.4778,0.4778,-895.2685,0
0,Blue,Fnatic,0.6258,Rumble,Trundle,Tristana,Aphelios,Nautilus,0.4736,0.7712,0.37,0.4872,0.3479,1.0,2217.0,616.0,-3.0,9.0,11.0,6.0,0.6425,0.6258,0.6258,0.5,0.6232,773.0066,1
0,Red,SK Gaming,0.4317,Sion,Viego,Cassiopeia,Xayah,Rakan,0.6663,0.5094,0.4284,0.7125,0.4859,0.0,-2217.0,-616.0,3.0,6.0,10.0,10.0,0.4313,0.432,0.4317,0.4319,0.4319,-397.1067,0
0,Blue,Team Heretics,0.5026,Ornn,Trundle,Kai'Sa,Xayah,Milio,0.4476,0.793,0.4704,0.6447,0.5,1.0,-3622.0,2095.0,3.0,1.0,2.0,3.0,0.5026,0.505,0.4832,0.5715,0.4992,-908.9136,1
0,Red,Team BDS,0.4773,Renekton,Ivern,Cassiopeia,Samira,Nautilus,0.5045,0.5,0.3867,0.5,0.41,0.0,3622.0,-2095.0,-3.0,3.0,5.0,1.0,0.5005,0.4791,0.4773,0.4788,0.4785,385.2323,0
0,Blue,Team BDS,0.4318,Olaf,Gragas,Jayce,Samira,Nautilus,0.5953,0.492,0.5797,0.5,0.371,0.0,-772.0,-1053.0,-20.0,3.0,6.0,3.0,0.4528,0.4332,0.4318,0.4332,0.4329,433.4995,0
0,Red,Team Heretics,0.5509,Renekton,Viego,Ahri,Aphelios,Rakan,0.4564,0.4609,0.5608,0.536,0.4396,1.0,772.0,1053.0,20.0,3.0,5.0,3.0,0.5509,0.5521,0.5324,0.6123,0.5469,728.1791,1
1,Blue,G2 Esports,0.8503,Renekton,Trundle,Neeko,Kai'Sa,Rell,0.5082,0.8127,0.5,0.5209,0.7194,0.0,5591.0,1748.0,-10.0,14.0,26.0,7.0,0.8503,0.8512,0.8503,0.8494,0.8497,216.9487,1
1,Red,Excel Esports,0.5836,Jayce,Maokai,Azir,Kalista,Alistar,0.5245,0.5927,0.4013,0.6816,0.3329,1.0,-5591.0,-1748.0,10.0,7.0,14.0,14.0,0.5927,0.5,0.6255,0.5836,0.5844,710.4922,0
1,Blue,G2 Esports,0.8646,Renekton,Rell,Lucian,Kog'Maw,Braum,0.555,0.7461,0.3695,0.5,0.6737,0.0,-2275.0,-1473.0,-5.0,5.0,12.0,11.0,0.8646,0.8655,0.8646,0.8638,0.8641,1161.7083,0
1,Red,Excel Esports,0.528,Gnar,Maokai,Jayce,Kai'Sa,Alistar,0.5409,0.5362,0.4746,0.5665,0.3012,1.0,2275.0,1473.0,5.0,11.0,22.0,5.0,0.5363,0.5,0.5655,0.528,0.5287,-352.9561,1
1,Blue,G2 Esports,0.7823,Renekton,Maokai,Syndra,Kog'Maw,Braum,0.5022,0.5804,0.4696,0.5,0.6095,0.0,1096.0,-929.0,-15.0,2.0,1.0,2.0,0.7823,0.7828,0.7823,0.7815,0.7818,633.2758,1
1,Red,Excel Esports,0.5729,Kennen,Sejuani,Jayce,Kai'Sa,Nautilus,0.5591,0.2201,0.5246,0.6078,0.3357,1.0,-1096.0,929.0,15.0,2.0,2.0,2.0,0.5804,0.5,0.6072,0.5729,0.5736,495.9166,0
1,Blue,Excel Esports,0.5184,Gnar,Maokai,Tristana,Xayah,Nautilus,0.5846,0.6204,0.43,0.6785,0.3037,0.0,-691.0,-1188.0,-19.0,5.0,8.0,6.0,0.5252,0.5,0.5489,0.5184,0.519,661.1905,1
1,Red,G2 Esports,0.803,Renekton,Trundle,Ahri,Kai'Sa,Leona,0.5496,0.8305,0.6026,0.5499,0.4523,1.0,691.0,1188.0,19.0,6.0,13.0,5.0,0.803,0.8035,0.803,0.8023,0.8025,14.3639,0
1,Blue,G2 Esports,0.7265,Jax,Sejuani,Jayce,Kog'Maw,Milio,0.5597,0.1991,0.4746,0.5,0.5,0.0,-337.0,-1410.0,-45.0,5.0,7.0,3.0,0.7265,0.7268,0.7265,0.7259,0.7261,-480.5872,1
1,Red,Excel Esports,0.5642,Poppy,Trundle,Azir,Varus,Braum,0.5887,0.7514,0.3631,0.3666,0.6467,1.0,337.0,1410.0,45.0,3.0,6.0,5.0,0.5704,0.5,0.5922,0.5642,0.5648,-772.8829,0
1,Blue,Fnatic,0.6614,K'Sante,Trundle,Jayce,Zeri,Alistar,0.3146,0.6799,0.5247,0.39,0.3678,0.0,-1569.0,-904.0,11.0,2.0,2.0,6.0,0.6783,0.6614,0.6614,0.5,0.6591,-356.1366,0
1,Red,Team Heretics,0.5945,Poppy,Maokai,Yone,Varus,Rell,0.5324,0.6565,0.6112,0.3317,0.6751,1.0,1569.0,904.0,-11.0,6.0,8.0,2.0,0.5945,0.5948,0.577,0.6493,0.59,-205.2423,1
1,Blue,Fnatic,0.5984,Poppy,Ivern,Jayce,Aphelios,Nautilus,0.5771,0.5,0.4747,0.5802,0.37,1.0,-2822.0,-207.0,-15.0,3.0,8.0,8.0,0.6107,0.5984,0.5984,0.5,0.5963,-4.0826,1
1,Red,Team Heretics,0.6338,Renekton,Trundle,Ahri,Sivir,Rakan,0.4972,0.6151,0.5452,0.5005,0.493,0.0,2822.0,207.0,15.0,8.0,15.0,3.0,0.6338,0.6334,0.6173,0.6827,0.6291,149.3254,0
1,Blue,Team Heretics,0.5725,K'Sante,Trundle,LeBlanc,Aphelios,Nautilus,0.2846,0.5565,0.4375,0.6202,0.43,1.0,-34.0,-477.0,0.0,3.0,4.0,3.0,0.5725,0.573,0.5585,0.6176,0.5692,247.9602,0
1,Red,Fnatic,0.6367,Rumble,Maokai,Tristana,Varus,Alistar,0.5249,0.6893,0.4843,0.3953,0.3328,0.0,34.0,477.0,0.0,3.0,9.0,3.0,0.6493,0.6367,0.6367,0.5,0.6347,291.7904,1
1,Blue,Fnatic,0.6713,Ornn,Poppy,Jayce,Varus,Leona,0.5003,0.6176,0.5247,0.4529,0.4092,1.0,3813.0,2287.0,61.0,7.0,14.0,4.0,0.684,0.6713,0.6713,0.5,0.6695,-1367.9318,1
1,Red,Team Heretics,0.5172,Lillia,Viego,Ahri,Xayah,Rakan,0.5094,0.5123,0.4933,0.7091,0.4461,0.0,-3813.0,-2287.0,-61.0,4.0,9.0,7.0,0.5172,0.5185,0.5053,0.5588,0.515,444.4588,0
1,Blue,Excel Esports,0.5105,Gwen,Sejuani,LeBlanc,Ezreal,Nautilus,0.4446,0.2754,0.3958,0.3178,0.3891,1.0,4574.0,3435.0,39.0,8.0,8.0,2.0,0.5161,0.5,0.5355,0.5105,0.511,55.835,1
1,Red,Fnatic,0.7026,Rumble,Trundle,Annie,Varus,Braum,0.5711,0.5035,0.4197,0.505,0.5851,0.0,-4574.0,-3435.0,-39.0,2.0,6.0,8.0,0.7151,0.7026,0.7026,0.5,0.701,228.9008,0
1,Blue,Fnatic,0.6357,Ornn,Ivern,Jayce,Ezreal,Braum,0.5479,0.5,0.57,0.3828,0.5294,1.0,-4753.0,-2537.0,-16.0,2.0,3.0,8.0,0.6449,0.6357,0.6357,0.6742,0.6342,-645.5245,0
1,Red,Excel Esports,0.5571,Rumble,Maokai,Tristana,Kalista,Alistar,0.5157,0.7189,0.5334,0.6165,0.3963,0.0,4753.0,2537.0,16.0,8.0,17.0,2.0,0.5622,0.6127,0.5799,0.5571,0.5576,1196.3413,1
1,Blue,Fnatic,0.5751,Ornn,Kindred,Annie,Zeri,Rell,0.4957,0.5,0.3766,0.3528,0.706,0.0,-1819.0,-2070.0,-19.0,2.0,2.0,2.0,0.5818,0.5751,0.5751,0.601,0.5738,-1041.0062,1
1,Red,Excel Esports,0.5993,Rumble,Sejuani,LeBlanc,Tristana,Rakan,0.5626,0.3444,0.4533,0.5779,0.4036,1.0,1819.0,2070.0,19.0,2.0,3.0,2.0,0.6039,0.6547,0.6201,0.5993,0.5997,1199.8394,0
1,Blue,Excel Esports,0.5422,Gnar,Ivern,Azir,Kalista,Rell,0.6242,0.5,0.3285,0.6531,0.734,0.0,-1301.0,-359.0,40.0,4.0,9.0,7.0,0.5463,0.5846,0.5608,0.5422,0.5426,828.2639,1
1,Red,Fnatic,0.6156,Jax,Sejuani,Tristana,Kai'Sa,Alistar,0.6017,0.3116,0.5228,0.4975,0.4538,1.0,1301.0,359.0,-40.0,7.0,19.0,4.0,0.6226,0.6156,0.6156,0.6437,0.6144,-564.0768,0
1,Blue,G2 Esports,0.7526,Renekton,Sejuani,Ahri,Kai'Sa,Rell,0.4499,0.2819,0.4463,0.4501,0.7594,0.0,1951.0,-66.0,-15.0,6.0,15.0,3.0,0.7526,0.7529,0.7526,0.752,0.7522,152.3598,1
1,Red,Excel Esports,0.5858,Ornn,Maokai,Jayce,Xayah,Braum,0.5437,0.7457,0.5157,0.6416,0.479,1.0,-1951.0,66.0,15.0,3.0,6.0,6.0,0.5896,0.6286,0.6028,0.5858,0.5861,-763.1747,0
1,Blue,G2 Esports,0.7761,Jax,Rell,Kai'Sa,Kog'Maw,Braum,0.5443,0.7823,0.5025,0.5,0.4333,0.0,1065.0,-109.0,-25.0,9.0,11.0,3.0,0.7761,0.7765,0.7761,0.7756,0.7758,-552.7385,1
1,Red,Excel Esports,0.53,Gnar,Maokai,LeBlanc,Xayah,Pyke,0.66,0.6746,0.4102,0.5805,0.5185,1.0,-1065.0,109.0,25.0,3.0,7.0,9.0,0.5334,0.5628,0.5452,0.53,0.5303,777.793,0
1,Blue,Excel Esports,0.4796,Rumble,Sejuani,Azir,Xayah,Rakan,0.5082,0.3503,0.3925,0.5252,0.3651,0.0,-4214.0,-3863.0,-15.0,3.0,4.0,11.0,0.4826,0.5044,0.4931,0.4796,0.4798,-263.3118,0
1,Red,G2 Esports,0.7974,Ornn,Kha'Zix,LeBlanc,Kai'Sa,Leona,0.4919,0.5,0.3711,0.5499,0.4655,1.0,4214.0,3863.0,15.0,11.0,16.0,3.0,0.7974,0.7978,0.7974,0.797,0.7972,-404.5752,1
1,Blue,KOI,0.186,Poppy,Ivern,Azir,Ezreal,Rell,0.6541,0.5,0.3551,0.3463,0.803,0.0,-1170.0,236.0,-13.0,2.0,4.0,3.0,0.3099,0.31,0.31,0.31,0.3101,-1128.6935,1
1,Red,Excel Esports,0.4339,Renekton,Viego,Corki,Kalista,Alistar,0.5023,0.4635,0.4647,0.6862,0.4106,1.0,1170.0,-236.0,13.0,3.0,8.0,2.0,0.4366,0.4525,0.446,0.4339,0.4341,1775.1966,0
1,Blue,Excel Esports,0.3926,Renekton,Sejuani,Azir,Aphelios,Rell,0.4544,0.317,0.4165,0.5611,0.8218,0.0,6523.0,2131.0,47.0,11.0,19.0,4.0,0.3951,0.4063,0.4034,0.3926,0.3928,386.5576,0
1,Red,KOI,0.2635,Gnar,Ivern,LeBlanc,Sivir,Alistar,0.5971,0.5,0.431,0.4528,0.3715,1.0,-6523.0,-2131.0,-47.0,4.0,6.0,11.0,0.3757,0.3757,0.3757,0.3757,0.3758,462.6581,1
1,Blue,Excel Esports,0.3552,Gnar,Lee Sin,Azir,Kai'Sa,Rell,0.6355,0.5274,0.3768,0.5928,0.7435,1.0,-2863.0,-2446.0,-34.0,2.0,1.0,5.0,0.3574,0.3651,0.3649,0.3552,0.3554,-228.7753,0
1,Red,KOI,0.3336,Camille,Poppy,LeBlanc,Varus,Alistar,0.4523,0.6872,0.4852,0.4569,0.4313,0.0,2863.0,2446.0,34.0,5.0,8.0,2.0,0.4352,0.4352,0.4352,0.4351,0.4352,-455.6174,1
1,Blue,G2 Esports,0.8167,Kled,Rell,LeBlanc,Kog'Maw,Braum,0.5,0.6727,0.5342,0.5,0.4873,1.0,5360.0,3581.0,53.0,6.0,15.0,0.0,0.8167,0.8171,0.8167,0.8163,0.8165,646.0596,1
1,Red,Team BDS,0.3907,Renekton,Ivern,Kai'Sa,Zeri,Lulu,0.4112,0.5,0.5363,0.4145,0.6291,0.0,-5360.0,-3581.0,-53.0,0.0,0.0,6.0,0.4097,0.3917,0.3907,0.3919,0.3917,633.8287,0
1,Blue,Team BDS,0.3535,Darius,Ivern,Tristana,Zeri,Braum,0.5,0.5,0.473,0.375,0.5362,1.0,4500.0,160.0,-2.0,9.0,12.0,4.0,0.3707,0.3542,0.3535,0.3546,0.3544,475.8113,1
1,Red,G2 Esports,0.8342,Renekton,Evelynn,Jayce,Kai'Sa,Nautilus,0.372,0.5,0.4666,0.4852,0.4472,0.0,-4500.0,-160.0,2.0,4.0,5.0,9.0,0.8342,0.8345,0.8342,0.8338,0.8339,83.2797,0
1,Blue,G2 Esports,0.7547,Kled,Rell,Neeko,Ezreal,Rakan,0.5,0.7039,0.5,0.4086,0.3304,1.0,5477.0,1379.0,43.0,11.0,14.0,5.0,0.7547,0.7549,0.7547,0.7544,0.7545,-123.1377,1
1,Red,Team BDS,0.4151,Renekton,Ivern,Azir,Xayah,Alistar,0.3366,0.5,0.341,0.4752,0.4855,0.0,-5477.0,-1379.0,-43.0,5.0,8.0,11.0,0.4306,0.416,0.415,0.4161,0.4159,-383.1528,0
1,Blue,Team BDS,0.3755,Jax,Maokai,Tristana,Zeri,Rakan,0.5878,0.6103,0.5232,0.4345,0.3941,0.0,2654.0,-363.0,8.0,8.0,15.0,3.0,0.3896,0.3762,0.3755,0.3765,0.3762,465.632,0
1,Red,G2 Esports,0.7781,Poppy,Trundle,Neeko,Kai'Sa,Nautilus,0.7171,0.4556,0.5,0.439,0.4046,1.0,-2654.0,363.0,-8.0,3.0,6.0,8.0,0.7781,0.7783,0.7781,0.7778,0.7779,-1269.758,1
1,Blue,Team BDS,0.3398,K'Sante,Ivern,Azir,Xayah,Nautilus,0.2575,0.5,0.3085,0.4299,0.4613,1.0,895.0,98.0,-9.0,2.0,5.0,2.0,0.3525,0.3402,0.3397,0.3406,0.3404,-1182.298,1
1,Red,SK Gaming,0.3906,Gnar,Maokai,Taliyah,Ezreal,Rakan,0.575,0.5522,0.4101,0.4649,0.3566,0.0,-895.0,-98.0,9.0,2.0,5.0,2.0,0.3902,0.3909,0.3906,0.3905,0.3905,-563.9636,0
1,Blue,SK Gaming,0.3534,Renekton,Sejuani,Azir,Zeri,Milio,0.3045,0.2868,0.3743,0.3931,0.7542,0.0,16.0,-1030.0,-7.0,3.0,5.0,6.0,0.353,0.3537,0.3534,0.353,0.353,214.8609,0
1,Red,Team BDS,0.4027,Darius,Maokai,Xerath,Kai'Sa,Rakan,0.5,0.4996,0.5,0.4924,0.3226,1.0,-16.0,1030.0,7.0,6.0,7.0,3.0,0.4142,0.4033,0.4026,0.4034,0.4032,-762.3345,1
1,Blue,SK Gaming,0.3197,Ornn,Vi,Akali,Xayah,Nautilus,0.5403,0.4759,0.5783,0.4842,0.5126,0.0,600.0,-221.0,-37.0,4.0,7.0,3.0,0.3194,0.32,0.3197,0.3192,0.3192,-1235.5431,0
1,Red,Team BDS,0.4595,Renekton,Sejuani,Cassiopeia,Zeri,Braum,0.2755,0.2595,0.3491,0.3557,0.5803,1.0,-600.0,221.0,37.0,3.0,8.0,4.0,0.47,0.4603,0.4595,0.4602,0.4601,745.0063,1
1,Blue,Excel Esports,0.3213,K'Sante,Sejuani,Taliyah,Xayah,Nautilus,0.3282,0.33,0.3708,0.4381,0.4638,1.0,-3330.0,-3319.0,-50.0,2.0,4.0,4.0,0.3234,0.3283,0.3301,0.3213,0.3215,-833.021,0
1,Red,Fnatic,0.557,Gwen,Ivern,Jayce,Kai'Sa,Rell,0.4975,0.5,0.4222,0.5408,0.7321,0.0,3330.0,3319.0,50.0,4.0,9.0,2.0,0.5619,0.557,0.557,0.5756,0.5559,-208.1081,1
1,Blue,Excel Esports,0.2907,Gnar,Sejuani,Ahri,Zeri,Rell,0.5202,0.2986,0.4991,0.4171,0.7576,1.0,6225.0,4265.0,78.0,8.0,19.0,3.0,0.2926,0.2954,0.2986,0.2907,0.2909,126.4925,1
1,Red,Fnatic,0.5992,K'Sante,Ivern,Jayce,Kai'Sa,Alistar,0.2969,0.5,0.4772,0.5845,0.4393,0.0,-6225.0,-4265.0,-78.0,3.0,4.0,8.0,0.6045,0.5992,0.5992,0.6201,0.5982,-1047.066,0
1,Blue,Fnatic,0.5421,Ornn,Ivern,Jayce,Jinx,Nautilus,0.4889,0.5,0.4317,0.5372,0.4196,1.0,1901.0,458.0,17.0,5.0,9.0,3.0,0.5459,0.5421,0.5421,0.5557,0.5412,-688.6515,0
1,Red,Excel Esports,0.3583,Sion,Poppy,Azir,Zeri,Rakan,0.6028,0.7441,0.3387,0.4726,0.3872,0.0,-1901.0,-458.0,-17.0,3.0,7.0,5.0,0.36,0.3657,0.3655,0.3583,0.3584,-1036.1554,1
1,Blue,Fnatic,0.4905,Poppy,Taliyah,Tristana,Aphelios,Nautilus,0.7685,0.3353,0.4734,0.5077,0.3797,0.0,1882.0,-265.0,-19.0,2.0,3.0,1.0,0.493,0.4905,0.4905,0.4986,0.4897,356.2082,1
1,Red,Excel Esports,0.4194,Sion,Ivern,Azir,Zeri,Alistar,0.6406,0.5,0.4017,0.5228,0.3974,1.0,-1882.0,265.0,19.0,1.0,2.0,2.0,0.4209,0.4287,0.426,0.4194,0.4195,-800.7725,0
1,Blue,Excel Esports,0.3795,K'Sante,Sejuani,Ahri,Zeri,Rakan,0.2687,0.3654,0.5468,0.473,0.4455,0.0,678.0,465.0,-33.0,5.0,16.0,3.0,0.3808,0.3863,0.3854,0.3795,0.3796,-301.067,0
1,Red,Fnatic,0.539,Ornn,Taliyah,Tristana,Kalista,Nautilus,0.4423,0.3989,0.5236,0.6208,0.4388,1.0,-678.0,-465.0,33.0,3.0,8.0,5.0,0.542,0.539,0.539,0.5498,0.5383,761.8794,1
1,Blue,Team BDS,0.511,Renekton,Ivern,LeBlanc,Kog'Maw,Braum,0.3445,0.4735,0.5786,0.5,0.6203,1.0,2780.0,578.0,12.0,3.0,9.0,2.0,0.5204,0.5118,0.511,0.5116,0.5115,625.1713,1
1,Red,Fnatic,0.5829,Ornn,Karthus,Jayce,Kai'Sa,Nautilus,0.4954,0.5,0.3906,0.5289,0.4922,0.0,-2780.0,-578.0,-12.0,2.0,8.0,3.0,0.3382,0.5829,0.5829,0.5954,0.5823,-943.1455,0
1,Blue,Fnatic,0.5274,Renekton,Karthus,Tristana,Aphelios,Alistar,0.4069,0.5,0.5689,0.5546,0.3596,1.0,4739.0,4980.0,77.0,8.0,10.0,3.0,0.306,0.5274,0.5274,0.5354,0.5268,932.4458,1
1,Red,Team BDS,0.5576,Jax,Poppy,Cassiopeia,Xayah,Braum,0.5317,0.7906,0.4122,0.3964,0.6565,0.0,-4739.0,-4980.0,-77.0,3.0,3.0,8.0,0.5661,0.5584,0.5576,0.5582,0.558,-968.2026,0
1,Blue,Team BDS,0.5045,Darius,Maokai,Tristana,Sivir,Rakan,0.5,0.5473,0.61,0.505,0.4031,0.0,-301.0,-1684.0,-16.0,2.0,2.0,3.0,0.5122,0.5051,0.5045,0.505,0.5049,263.3432,0
1,Red,Fnatic,0.5724,Renekton,Sejuani,Azir,Ezreal,Nautilus,0.4634,0.3306,0.3634,0.4206,0.4453,1.0,301.0,1684.0,16.0,3.0,5.0,2.0,0.3721,0.5724,0.5724,0.582,0.5719,-113.7475,1
1,Blue,Team BDS,0.4564,Darius,Maokai,LeBlanc,Ezreal,Rakan,0.5,0.4951,0.6187,0.4758,0.3647,0.0,-194.0,912.0,14.0,2.0,5.0,2.0,0.4634,0.4569,0.4564,0.4569,0.4568,398.439,1
1,Red,Fnatic,0.6131,Renekton,Sejuani,Kai'Sa,Aphelios,Nautilus,0.5145,0.3943,0.4785,0.597,0.4982,1.0,194.0,-912.0,-14.0,2.0,3.0,2.0,0.4319,0.6131,0.6131,0.6237,0.6126,5.4891,0
1,Blue,Fnatic,0.5547,Renekton,Ivern,Syndra,Xayah,Nautilus,0.4655,0.5306,0.5201,0.3586,0.4507,0.0,2533.0,2966.0,63.0,3.0,5.0,3.0,0.3908,0.5547,0.5547,0.5617,0.5543,-458.5451,1
1,Red,Team BDS,0.5082,Olaf,Rell,Azir,Ezreal,Braum,0.5385,0.7807,0.424,0.5257,0.5939,1.0,-2533.0,-2966.0,-63.0,3.0,5.0,3.0,0.5145,0.5087,0.5082,0.5086,0.5085,201.8496,0
1,Blue,G2 Esports,0.7992,K'Sante,Maokai,Tristana,Kalista,Lissandra,0.2431,0.5432,0.5519,0.6569,0.6258,1.0,7682.0,5477.0,67.0,11.0,9.0,2.0,0.7992,0.7994,0.7992,0.799,0.7991,1099.6646,1
1,Red,KOI,0.3971,Jax,Sejuani,Azir,Ezreal,Rakan,0.481,0.3568,0.3837,0.4757,0.4252,0.0,-7682.0,-5477.0,-67.0,2.0,1.0,11.0,0.489,0.489,0.489,0.4889,0.489,-632.5435,0
1,Blue,KOI,0.3593,Renekton,Ivern,Azir,Kai'Sa,Rakan,0.5164,0.5809,0.3471,0.4329,0.3847,0.0,3725.0,943.0,-10.0,7.0,14.0,2.0,0.4424,0.4424,0.4424,0.4424,0.4424,-1112.8968,1
1,Red,G2 Esports,0.8184,Kled,Fiddlesticks,Tristana,Jinx,Nautilus,0.5,0.5,0.5946,0.4861,0.503,1.0,-3725.0,-943.0,10.0,2.0,3.0,7.0,0.8184,0.8186,0.8184,0.8181,0.8182,562.0984,0
1,Blue,G2 Esports,0.7404,Swain,Rell,Tristana,Kog'Maw,Braum,0.5,0.7063,0.5379,0.5,0.5374,1.0,-2747.0,-2442.0,-16.0,6.0,6.0,10.0,0.7404,0.7405,0.7404,0.7402,0.7403,459.3628,1
1,Red,KOI,0.4203,Renekton,Sejuani,Azir,Aphelios,Zilean,0.5625,0.3228,0.4093,0.5401,0.5,0.0,2747.0,2442.0,16.0,10.0,20.0,6.0,0.4955,0.4955,0.4955,0.4955,0.4955,600.2609,0
1,Blue,KOI,0.3803,Rumble,Jarvan IV,Kai'Sa,Nilah,Nautilus,0.4591,0.3991,0.4869,0.5,0.4551,0.0,-816.0,784.0,-3.0,5.0,11.0,4.0,0.4483,0.4483,0.4483,0.4483,0.4484,-367.4199,0
1,Red,G2 Esports,0.7651,Yone,Maokai,LeBlanc,Xayah,Braum,0.6523,0.5867,0.6551,0.4197,0.5814,1.0,816.0,-784.0,3.0,4.0,5.0,5.0,0.7651,0.7653,0.7651,0.7649,0.765,745.7344,1
1,Blue,KOI,0.3441,Rumble,Sejuani,Jayce,Varus,Braum,0.4148,0.292,0.3534,0.5086,0.6213,0.0,-575.0,-1635.0,-18.0,6.0,8.0,6.0,0.4056,0.4056,0.4056,0.4056,0.4057,303.755,0
1,Red,Fnatic,0.5971,Sion,Taliyah,Azir,Xayah,Nautilus,0.5796,0.4564,0.3703,0.475,0.4118,1.0,575.0,1635.0,18.0,6.0,12.0,6.0,0.4488,0.5971,0.5971,0.6051,0.5967,-1083.043,1
1,Blue,KOI,0.3113,K'Sante,Rell,Ahri,Aphelios,Thresh,0.3152,0.7343,0.4947,0.4887,0.6516,0.0,-575.0,-1635.0,-18.0,6.0,8.0,6.0,0.367,0.367,0.367,0.367,0.367,220.1817,0
1,Red,Fnatic,0.6355,Poppy,Ivern,Taliyah,Xayah,Nautilus,0.7152,0.6252,0.5084,0.525,0.4678,1.0,575.0,1635.0,18.0,6.0,12.0,6.0,0.5013,0.6355,0.6355,0.644,0.6352,-1001.2577,1
1,Blue,KOI,0.2816,K'Sante,Maokai,Azir,Kalista,Alistar,0.2851,0.6261,0.4303,0.6896,0.4206,1.0,485.0,208.0,3.0,6.0,11.0,6.0,0.332,0.332,0.332,0.332,0.3321,375.8048,1
1,Red,Fnatic,0.6702,Ornn,Karthus,Jayce,Ezreal,Rell,0.4482,0.5,0.3198,0.4304,0.6644,0.0,-485.0,-208.0,-3.0,6.0,13.0,6.0,0.5488,0.6702,0.6702,0.6789,0.6699,-805.1333,0
1,Blue,Fnatic,0.6064,Renekton,Rell,Xerath,Zeri,Rakan,0.5089,0.6011,0.5,0.428,0.4433,0.0,2215.0,583.0,1.0,4.0,10.0,4.0,0.4965,0.6064,0.6064,0.6125,0.6061,565.2928,1
1,Red,KOI,0.3501,K'Sante,Bel'Veth,Azir,Kalista,Alistar,0.3532,0.5,0.4845,0.7192,0.4758,1.0,-2215.0,-583.0,-1.0,3.0,6.0,4.0,0.3956,0.3956,0.3956,0.3956,0.3957,260.694,0
1,Blue,Fnatic,0.6439,Renekton,Ivern,Syndra,Xayah,Alistar,0.5557,0.6645,0.5658,0.5702,0.4304,0.0,2215.0,583.0,1.0,4.0,10.0,4.0,0.5445,0.6439,0.6439,0.6503,0.6436,57.5661,1
1,Red,KOI,0.3167,K'Sante,Maokai,Azir,Kai'Sa,Rell,0.3196,0.6617,0.4384,0.4405,0.6391,1.0,-2215.0,-583.0,-1.0,3.0,6.0,4.0,0.3579,0.358,0.358,0.358,0.358,-969.3901,0
1,Blue,G2 Esports,0.7875,K'Sante,Rell,Azir,Kai'Sa,Rakan,0.2892,0.5782,0.3966,0.3986,0.4963,0.0,1737.0,2224.0,-17.0,9.0,10.0,6.0,0.7875,0.7876,0.7875,0.7873,0.7874,-1244.5826,1
1,Red,Fnatic,0.6778,Renekton,Maokai,Syndra,Aphelios,Alistar,0.598,0.5987,0.6072,0.4422,0.4847,1.0,-1737.0,-2224.0,17.0,6.0,6.0,9.0,0.5879,0.6778,0.6778,0.6844,0.6776,1017.1779,0
1,Blue,Fnatic,0.6132,Renekton,Taliyah,Syndra,Xayah,Rakan,0.541,0.5553,0.5494,0.6111,0.5443,0.0,-9544.0,-4831.0,-4.0,3.0,4.0,15.0,0.5319,0.6132,0.6132,0.6179,0.613,106.6951,0
1,Red,G2 Esports,0.8077,Olaf,Maokai,Jayce,Kai'Sa,Lissandra,0.4871,0.5417,0.2893,0.4559,0.6631,1.0,9544.0,4831.0,4.0,15.0,22.0,3.0,0.8077,0.8079,0.8077,0.8076,0.8076,522.0144,1
1,Blue,G2 Esports,0.8261,K'Sante,Rell,Yone,Sivir,Rakan,0.3569,0.6184,0.6887,0.4568,0.4925,0.0,151.0,-587.0,-20.0,3.0,3.0,3.0,0.8261,0.8262,0.8261,0.8259,0.826,-399.8415,0
1,Red,Fnatic,0.5548,Renekton,Maokai,Azir,Kai'Sa,Nautilus,0.4895,0.5853,0.4541,0.5077,0.5185,1.0,-151.0,587.0,20.0,3.0,3.0,3.0,0.4812,0.5548,0.5548,0.5579,0.5546,323.7517,1
1,Blue,G2 Esports,0.7474,K'Sante,Rell,Syndra,Draven,Leona,0.3229,0.5595,0.497,0.6416,0.5164,0.0,8411.0,4616.0,7.0,15.0,36.0,5.0,0.7474,0.7475,0.7474,0.7472,0.7473,161.0619,1
1,Red,Fnatic,0.5972,Ornn,Ivern,Taliyah,Xayah,Nautilus,0.4055,0.6993,0.5023,0.5529,0.5643,1.0,-8411.0,-4616.0,-7.0,5.0,5.0,15.0,0.5306,0.5972,0.5972,0.6007,0.5971,-1249.7611,0
0,Blue,Team BDS,0.4598,Renekton,Nocturne,Akali,Kalista,Pyke,0.5381,0.3449,0.5232,0.6507,0.4629,0.0,1729.0,-596.0,-5.0,6.0,7.0,5.0,0.4655,0.4602,0.4598,0.5,0.4601,994.3852,0
0,Red,G2 Esports,0.7714,Gwen,Vi,Neeko,Aphelios,Renata Glasc,0.5454,0.4306,0.5,0.4001,0.5334,1.0,-1729.0,596.0,5.0,5.0,8.0,6.0,0.7714,0.7715,0.7714,0.7713,0.7714,561.3619,1
0,Blue,Rogue,0.6704,Aatrox,Lee Sin,Orianna,Varus,Rakan,0.4911,0.4772,0.4689,0.4602,0.4456,1.0,-331.0,392.0,28.0,1.0,3.0,3.0,0.289,0.2895,0.2905,0.2905,0.5,-223.9999,0
0,Red,SK Gaming,0.2893,Gwen,Xin Zhao,Azir,Jhin,Bard,0.5887,0.3445,0.5061,0.36,0.5,0.0,331.0,-392.0,-28.0,3.0,6.0,1.0,0.2889,0.5,0.3239,0.2886,0.2886,-995.2586,1
0,Blue,Karmine Corp,0.5,Gragas,Jax,Azir,Lucian,Nami,0.4451,0.4351,0.5531,0.3343,0.2752,1.0,-461.0,298.0,14.0,1.0,3.0,2.0,0.5,0.2956,0.5,0.227,0.2994,-595.7327,0
0,Red,Fnatic,0.5404,K'Sante,Xin Zhao,Akali,Aphelios,Milio,0.3874,0.4069,0.4733,0.4572,0.6723,0.0,461.0,-298.0,-14.0,2.0,3.0,1.0,0.5862,0.5404,0.5404,0.5426,0.5,-634.5164,1
0,Blue,Team Vitality,0.22,Jax,Rell,Azir,Kalista,Renata Glasc,0.3937,0.6014,0.5005,0.5886,0.578,0.0,-1735.0,-895.0,18.0,4.0,7.0,9.0,0.2181,0.5,0.4572,0.3239,0.3239,-107.18,0
0,Red,GiantX,0.5,Aatrox,Xin Zhao,Neeko,Draven,Blitzcrank,0.4439,0.4634,0.5,0.6762,0.5,1.0,1735.0,895.0,-18.0,9.0,15.0,4.0,0.3446,0.3482,0.5,0.3433,0.5,488.7185,1
0,Blue,KOI,0.2866,Gwen,Xin Zhao,LeBlanc,Aphelios,Renata Glasc,0.6278,0.5145,0.6879,0.5089,0.5227,1.0,4091.0,525.0,-16.0,7.0,15.0,1.0,0.5,0.3239,0.5,0.5,0.5,473.7051,1
0,Red,Team Heretics,0.4674,Gragas,Vi,Ryze,Lucian,Nami,0.4028,0.4848,0.3785,0.3025,0.249,0.0,-4091.0,-525.0,16.0,1.0,1.0,7.0,0.4801,0.4691,0.2199,0.5056,0.2204,-55.3288,0
0,Blue,GiantX,0.5,K'Sante,Lee Sin,Neeko,Kalista,Rell,0.4457,0.4318,0.5,0.5326,0.5442,0.0,-157.0,858.0,-5.0,7.0,14.0,5.0,0.407,0.4122,0.5,0.4059,0.5,496.5321,0
0,Red,Team BDS,0.416,Garen,Graves,Orianna,Varus,Ashe,0.5,0.5122,0.4242,0.4164,0.4794,1.0,157.0,-858.0,5.0,5.0,9.0,7.0,0.4212,0.4163,0.416,0.5,0.4163,130.9909,1
0,Blue,KOI,0.3545,Poppy,Xin Zhao,Gragas,Lucian,Milio,0.7423,0.5608,0.3644,0.2736,0.7074,0.0,-576.0,432.0,-32.0,4.0,10.0,5.0,0.5,0.3883,0.5,0.5,0.5,-787.8737,0
0,Red,SK Gaming,0.357,Renekton,Rell,Akali,Kalista,Renata Glasc,0.4869,0.4923,0.5235,0.4818,0.5683,1.0,576.0,-432.0,32.0,5.0,11.0,4.0,0.3567,0.5,0.3883,0.3567,0.3567,738.1261,1
0,Blue,G2 Esports,0.7932,Kennen,Viego,LeBlanc,Aphelios,Nautilus,0.5053,0.4193,0.7176,0.5557,0.5106,0.0,291.0,-539.0,8.0,6.0,8.0,7.0,0.7932,0.7933,0.7932,0.7931,0.7931,1840.6538,1
0,Red,Karmine Corp,0.5,Malphite,Vi,Neeko,Lucian,Milio,0.5,0.4387,0.6277,0.2476,0.6326,1.0,-291.0,539.0,-8.0,7.0,13.0,6.0,0.5,0.2671,0.5,0.2054,0.2709,-131.4635,0
0,Blue,Fnatic,0.5841,K'Sante,Poppy,Azir,Varus,Renata Glasc,0.4033,0.6715,0.4528,0.472,0.6096,0.0,3773.0,1505.0,40.0,4.0,4.0,3.0,0.6261,0.5841,0.5841,0.5868,0.5,-748.6931,1
0,Red,Team Vitality,0.199,Jax,Xin Zhao,Xerath,Lucian,Nami,0.3561,0.5074,0.5,0.224,0.2253,1.0,-3773.0,-1505.0,-40.0,3.0,3.0,4.0,0.1971,0.5,0.4136,0.293,0.2931,-564.6982,0
0,Blue,Rogue,0.6066,Aatrox,Maokai,Azir,Kalista,Rell,0.4973,0.6248,0.5049,0.5312,0.5407,0.0,-1356.0,-659.0,6.0,0.0,0.0,1.0,0.2615,0.2619,0.2629,0.2629,0.5,469.8577,0
0,Red,Team Heretics,0.4223,K'Sante,Xin Zhao,Akali,Varus,Bard,0.4601,0.459,0.5689,0.5222,0.5,1.0,1356.0,659.0,-6.0,1.0,2.0,0.0,0.4344,0.4244,0.199,0.4574,0.1994,-55.7276,1
0,Blue,Team Vitality,0.1801,Rumble,Jarvan IV,Orianna,Varus,Rakan,0.3749,0.3611,0.479,0.5677,0.4031,0.0,1673.0,1946.0,17.0,5.0,4.0,2.0,0.1782,0.5,0.3742,0.2651,0.2651,-344.074,0
0,Red,Team BDS,0.4716,Sion,Xin Zhao,Azir,Jhin,Karma,0.6196,0.5106,0.4568,0.4211,0.4078,1.0,-1673.0,-1946.0,-17.0,2.0,4.0,5.0,0.4763,0.472,0.4716,0.5,0.4719,-1116.2955,1
0,Blue,G2 Esports,0.8129,Jax,Trundle,Neeko,Aphelios,Rell,0.3222,0.5074,0.5596,0.598,0.4892,0.0,48.0,146.0,7.0,3.0,3.0,5.0,0.8129,0.813,0.8129,0.8128,0.8128,-273.1967,0
0,Red,Rogue,0.5488,K'Sante,Xin Zhao,Azir,Varus,Rakan,0.5115,0.5572,0.5086,0.5137,0.3647,1.0,-48.0,-146.0,-7.0,5.0,8.0,3.0,0.2366,0.237,0.2378,0.2378,0.5,-145.8124,1
0,Blue,Team Heretics,0.4779,Gnar,Xin Zhao,Akali,Varus,Bard,0.5659,0.5994,0.61,0.56,0.5,1.0,4204.0,3420.0,67.0,3.0,4.0,1.0,0.4882,0.4792,0.2753,0.5091,0.2757,-205.2771,1
0,Red,GiantX,0.5,Aatrox,Sejuani,Azir,Ashe,Rakan,0.4496,0.2642,0.5554,0.5293,0.4252,0.0,-4204.0,-3420.0,-67.0,1.0,0.0,3.0,0.3682,0.3719,0.5,0.3672,0.5,-191.462,0
0,Blue,Karmine Corp,0.5,Jax,Xin Zhao,Azir,Caitlyn,Ashe,0.2915,0.6375,0.5025,0.2663,0.4786,0.0,1946.0,230.0,21.0,4.0,5.0,4.0,0.5,0.2413,0.5,0.1858,0.2451,-731.8082,0
0,Red,KOI,0.3207,Akali,Sejuani,Neeko,Aphelios,Renata Glasc,0.6471,0.2391,0.4997,0.541,0.6469,1.0,-1946.0,-230.0,-21.0,4.0,5.0,4.0,0.5,0.3513,0.5,0.5,0.5,37.9397,1
0,Blue,SK Gaming,0.4182,Jax,Rell,Neeko,Draven,Renata Glasc,0.2637,0.4426,0.5526,0.7074,0.6806,1.0,1446.0,367.0,-29.0,6.0,7.0,3.0,0.418,0.5,0.4465,0.4183,0.4183,315.5645,1
0,Red,Fnatic,0.6237,Renekton,Sejuani,Azir,Kalista,Blitzcrank,0.5358,0.3115,0.4546,0.4806,0.5,0.0,-1446.0,-367.0,29.0,3.0,2.0,6.0,0.6621,0.6237,0.6237,0.6266,0.5,509.6238,0
0,Blue,Team Vitality,0.1629,K'Sante,Rell,Akali,Varus,Renata Glasc,0.558,0.4957,0.6808,0.6019,0.7111,1.0,1538.0,1121.0,31.0,5.0,11.0,2.0,0.1611,0.5,0.3386,0.2399,0.2399,42.2937,1
0,Red,Rogue,0.5918,Udyr,Vi,Azir,Sivir,Rakan,0.3644,0.3969,0.4113,0.4133,0.3847,0.0,-1538.0,-1121.0,-31.0,2.0,3.0,5.0,0.3093,0.3097,0.3104,0.3104,0.5,-877.2571,0
0,Blue,Team Heretics,0.5281,Udyr,Xin Zhao,Corki,Seraphine,Senna,0.3295,0.5768,0.4199,0.6256,0.5721,0.0,1351.0,633.0,34.0,2.0,5.0,2.0,0.537,0.5288,0.3443,0.5559,0.3447,38.9942,1
0,Red,SK Gaming,0.4736,Rumble,Nocturne,Gragas,Aphelios,Rakan,0.3388,0.3108,0.3297,0.5847,0.3481,1.0,-1351.0,-633.0,-34.0,2.0,2.0,2.0,0.4734,0.5,0.4992,0.4739,0.4739,119.2577,0
0,Blue,G2 Esports,0.7355,K'Sante,Vi,Azir,Varus,Zyra,0.6001,0.3591,0.3721,0.6398,0.5,1.0,-10.0,550.0,2.0,2.0,3.0,5.0,0.7355,0.7355,0.7355,0.7354,0.7354,-205.1814,1
0,Red,KOI,0.3854,Gwen,Viego,Neeko,Ashe,Renata Glasc,0.6633,0.4746,0.5995,0.4329,0.7387,0.0,10.0,-550.0,-2.0,5.0,7.0,2.0,0.5,0.4131,0.5,0.5,0.5,478.5393,0
0,Blue,Team BDS,0.522,Olaf,Vi,Azir,Ashe,Blitzcrank,0.536,0.4201,0.4319,0.3915,0.5,1.0,-409.0,-1885.0,-39.0,4.0,5.0,3.0,0.5262,0.5223,0.5219,0.5,0.5222,-120.1324,1
0,Red,Fnatic,0.5643,Udyr,Xin Zhao,Orianna,Varus,Rell,0.3938,0.6171,0.4334,0.6741,0.5437,0.0,409.0,1885.0,39.0,3.0,6.0,4.0,0.5984,0.5643,0.5643,0.5663,0.5,-338.1003,0
0,Blue,Karmine Corp,0.5,K'Sante,Vi,Azir,Kai'Sa,Rakan,0.6382,0.4753,0.486,0.5546,0.3149,0.0,-953.0,-324.0,-24.0,1.0,4.0,1.0,0.5,0.2181,0.5,0.1681,0.2217,-854.9403,0
0,Red,GiantX,0.5,Aatrox,Xin Zhao,Akali,Seraphine,Senna,0.4065,0.5583,0.7112,0.6648,0.6133,1.0,953.0,324.0,24.0,1.0,3.0,1.0,0.3332,0.3355,0.5,0.3322,0.5,-59.2397,1
0,Blue,KOI,0.3487,Kennen,Rell,Corki,Kalista,Renata Glasc,0.5529,0.4919,0.4758,0.4348,0.6682,1.0,-692.0,-322.0,11.0,1.0,1.0,5.0,0.5,0.3737,0.5,0.5,0.5,1138.8905,0
0,Red,Team BDS,0.5675,Renekton,Vi,Neeko,Varus,Blitzcrank,0.4847,0.4301,0.5373,0.6099,0.5,0.0,692.0,322.0,-11.0,5.0,9.0,1.0,0.5713,0.5679,0.5675,0.5,0.5677,254.9306,1
0,Blue,Rogue,0.5354,K'Sante,Maokai,Tristana,Varus,Heimerdinger,0.5774,0.5653,0.5819,0.6471,0.3718,0.0,-1736.0,-196.0,-3.0,5.0,5.0,7.0,0.2798,0.2802,0.2809,0.2809,0.5,818.6847,0
0,Red,Fnatic,0.5106,Gwen,Vi,Orianna,Kalista,Neeko,0.6001,0.4844,0.3921,0.3934,0.5849,1.0,1736.0,196.0,3.0,7.0,13.0,5.0,0.5409,0.5106,0.5106,0.5118,0.5,-31.4179,1
0,Blue,G2 Esports,0.7607,K'Sante,Lillia,Tristana,Varus,Nautilus,0.5224,0.4607,0.5265,0.5854,0.5572,1.0,2053.0,2285.0,62.0,3.0,4.0,3.0,0.7607,0.7607,0.7607,0.7606,0.7606,506.9013,1
0,Red,Team Heretics,0.5734,Poppy,Xin Zhao,Azir,Jhin,Braum,0.7029,0.6004,0.4398,0.4764,0.5621,0.0,-2053.0,-2285.0,-62.0,3.0,3.0,3.0,0.5811,0.5737,0.4068,0.5982,0.4071,-1009.6855,0
0,Blue,GiantX,0.5,Kennen,Rell,Yone,Draven,Blitzcrank,0.4997,0.4451,0.6173,0.7356,0.5,0.0,844.0,-1410.0,27.0,2.0,5.0,3.0,0.3967,0.4003,0.5,0.3958,0.5,1841.3694,0
0,Red,SK Gaming,0.4285,Renekton,Maokai,Azir,Kalista,Alistar,0.5338,0.5115,0.3979,0.4512,0.4385,1.0,-844.0,1410.0,-27.0,3.0,7.0,2.0,0.4283,0.5,0.4517,0.4286,0.4286,57.8477,1
0,Blue,Karmine Corp,0.5,Rumble,Lillia,Tristana,Varus,Rell,0.3063,0.5122,0.5716,0.6249,0.4027,0.0,77.0,-2374.0,6.0,3.0,4.0,5.0,0.5,0.1971,0.5,0.1521,0.2006,1056.4396,0
0,Red,Team Vitality,0.2426,K'Sante,Maokai,Ahri,Xayah,Rakan,0.5679,0.558,0.4476,0.5003,0.2849,1.0,-77.0,2374.0,-6.0,5.0,12.0,3.0,0.2416,0.5,0.4016,0.3123,0.3123,-1040.9903,1
0,Blue,SK Gaming,0.4829,Rumble,Rell,Tristana,Lucian,Milio,0.2769,0.3643,0.5172,0.2027,0.5663,0.0,680.0,-1954.0,29.0,5.0,9.0,6.0,0.4828,0.5,0.5039,0.4832,0.4832,408.1694,0
0,Red,Team BDS,0.6087,K'Sante,Xin Zhao,Neeko,Varus,Blitzcrank,0.6091,0.5432,0.6272,0.5654,0.5149,1.0,-680.0,1954.0,-29.0,6.0,15.0,5.0,0.6121,0.6091,0.6087,0.5,0.6088,-26.6996,1
0,Blue,Fnatic,0.5572,K'Sante,Xin Zhao,Hwei,Kalista,Renata Glasc,0.6463,0.5867,0.5,0.5034,0.6044,0.0,1115.0,1719.0,29.0,1.0,1.0,2.0,0.585,0.5572,0.5572,0.5587,0.5,-131.2622,1
0,Red,GiantX,0.5,Udyr,Maokai,Tristana,Varus,Ashe,0.356,0.6001,0.4679,0.6068,0.4496,1.0,-1115.0,-1719.0,-29.0,2.0,2.0,1.0,0.3589,0.3614,0.5,0.3581,0.5,326.1824,0
0,Blue,KOI,0.3155,K'Sante,Viego,Akali,Aphelios,Blitzcrank,0.68,0.4294,0.7387,0.529,0.5676,1.0,3450.0,1351.0,-18.0,8.0,18.0,2.0,0.5,0.3381,0.5,0.5,0.5,528.3364,1
0,Red,Rogue,0.4844,Aatrox,Vi,Twisted Fate,Lucian,Milio,0.4633,0.5335,0.6148,0.1834,0.5076,0.0,-3450.0,-1351.0,18.0,2.0,6.0,8.0,0.2532,0.2535,0.2541,0.2541,0.5,-513.2368,0
0,Blue,Team Vitality,0.3148,K'Sante,Maokai,Corki,Nilah,Senna,0.7105,0.5429,0.43,0.5,0.6505,1.0,-475.0,2469.0,-50.0,1.0,3.0,0.0,0.3143,0.5,0.4586,0.3778,0.3778,112.4908,1
0,Red,G2 Esports,0.7835,Yone,Vi,Tristana,Seraphine,Sona,0.5538,0.4827,0.4234,0.6996,0.5,0.0,475.0,-2469.0,50.0,0.0,0.0,1.0,0.7835,0.7835,0.7835,0.7834,0.7834,450.2863,0
0,Blue,Team Heretics,0.5184,K'Sante,Jarvan IV,Azir,Draven,Milio,0.738,0.3267,0.4552,0.6648,0.4554,1.0,1123.0,361.0,-7.0,1.0,3.0,0.0,0.5257,0.5191,0.368,0.5412,0.3683,124.5566,1
0,Red,Karmine Corp,0.5,Sion,Lillia,Corki,Aphelios,Lulu,0.6559,0.4633,0.4848,0.5739,0.5692,0.0,-1123.0,-361.0,7.0,0.0,0.0,1.0,0.5,0.1782,0.5,0.1376,0.1815,405.8873,0
0,Blue,Team BDS,0.6459,K'Sante,Vi,Azir,Jhin,Rell,0.763,0.4367,0.5071,0.4309,0.3296,0.0,-368.0,1338.0,-20.0,4.0,9.0,4.0,0.6491,0.6463,0.6459,0.5,0.6461,-987.8097,1
0,Red,Team Heretics,0.5646,Rumble,Trundle,Tristana,Varus,Nautilus,0.2503,0.4591,0.383,0.549,0.5994,1.0,368.0,-1338.0,20.0,4.0,7.0,4.0,0.5709,0.5649,0.4282,0.5849,0.4285,650.9681,0
0,Blue,SK Gaming,0.437,Renekton,Maokai,Orianna,Lucian,Nami,0.5782,0.5865,0.45,0.1659,0.2038,1.0,2888.0,1544.0,49.0,2.0,2.0,1.0,0.4368,0.5,0.4559,0.437,0.437,-804.5491,1
0,Red,Team Vitality,0.38,Aatrox,Vi,Corki,Aphelios,Milio,0.419,0.4903,0.4382,0.5192,0.511,0.0,-2888.0,-1544.0,-49.0,1.0,2.0,2.0,0.38,0.5,0.5101,0.437,0.437,97.822,0
0,Blue,KOI,0.3807,Varus,Ivern,Azir,Xayah,Rakan,0.4967,0.6273,0.554,0.5479,0.353,0.0,275.0,-1575.0,-16.0,6.0,7.0,6.0,0.5,0.4012,0.5,0.5,0.5,-827.6387,1
0,Red,Fnatic,0.5994,K'Sante,Vi,Corki,Aphelios,Rell,0.7856,0.4436,0.3961,0.4698,0.3935,1.0,-275.0,1575.0,16.0,6.0,9.0,6.0,0.6248,0.5994,0.5994,0.6011,0.5,-302.621,0
0,Blue,G2 Esports,0.7089,K'Sante,Maokai,LeBlanc,Kalista,Neeko,0.7107,0.6259,0.7445,0.5507,0.665,1.0,-404.0,480.0,26.0,2.0,3.0,6.0,0.7089,0.7089,0.7089,0.7088,0.7088,477.9164,1
0,Red,GiantX,0.5,Gwen,Sejuani,Azir,Xayah,Rakan,0.6382,0.2819,0.5965,0.5909,0.4147,0.0,404.0,-480.0,-26.0,6.0,11.0,2.0,0.3247,0.3263,0.5,0.324,0.5,-768.0363,0
0,Blue,Rogue,0.4383,Gnar,Rell,Corki,Senna,Nautilus,0.6072,0.356,0.3581,0.6841,0.5423,0.0,-136.0,212.0,2.0,0.0,0.0,2.0,0.2291,0.2293,0.2299,0.2299,0.5,258.9595,1
0,Red,Karmine Corp,0.5,K'Sante,Brand,Akali,Miss Fortune,Maokai,0.7383,0.5,0.7636,0.5,0.6615,1.0,136.0,-212.0,-2.0,2.0,5.0,0.0,0.5,0.1611,0.5,0.1245,0.1642,-109.5101,0
0,Blue,Team Heretics,0.5105,Udyr,Lee Sin,Akali,Kalista,Hwei,0.3219,0.3906,0.6908,0.5935,0.5,0.0,240.0,-637.0,-19.0,7.0,11.0,7.0,0.5165,0.5111,0.3874,0.5292,0.3877,564.2583,0
0,Red,Team Vitality,0.3438,Gnar,Rell,Kai'Sa,Varus,Renata Glasc,0.6446,0.4173,0.5018,0.5447,0.6422,1.0,-240.0,637.0,19.0,7.0,11.0,7.0,0.3436,0.5,0.4616,0.3954,0.3954,-66.582,1
0,Blue,Rogue,0.4918,K'Sante,Jarvan IV,Corki,Kalista,Blitzcrank,0.668,0.3908,0.4197,0.537,0.6139,0.0,774.0,-131.0,-26.0,4.0,9.0,2.0,0.3025,0.3027,0.3033,0.3033,0.5,385.3768,0
0,Red,Team BDS,0.6797,Garen,Xin Zhao,Orianna,Ashe,Alistar,0.5,0.6261,0.5024,0.4067,0.492,1.0,-774.0,131.0,26.0,2.0,1.0,4.0,0.6825,0.68,0.6797,0.5,0.6798,-392.694,1
0,Blue,Fnatic,0.5423,Jax,Vi,Corki,Lucian,Milio,0.3339,0.4014,0.3795,0.2453,0.4592,0.0,-2780.0,-1812.0,-90.0,4.0,6.0,6.0,0.5649,0.5423,0.5423,0.5434,0.5,-167.9069,0
0,Red,G2 Esports,0.7366,Vladimir,Xin Zhao,Akali,Varus,Nautilus,0.5,0.6617,0.625,0.588,0.5859,1.0,2780.0,1812.0,90.0,6.0,11.0,4.0,0.7366,0.7366,0.7366,0.7365,0.7365,79.4588,1
0,Blue,GiantX,0.5,Rumble,Xin Zhao,LeBlanc,Nilah,Alistar,0.2263,0.6939,0.7689,0.5,0.5404,1.0,-1221.0,-557.0,-43.0,4.0,6.0,4.0,0.2938,0.2947,0.5,0.2932,0.5,783.8927,1
0,Red,KOI,0.4397,Fiddlesticks,Nocturne,Neeko,Kai'Sa,Rakan,0.5,0.2802,0.6988,0.5492,0.3752,0.0,1221.0,557.0,43.0,4.0,8.0,4.0,0.5,0.4582,0.5,0.5,0.5,-109.3162,0
0,Blue,Karmine Corp,0.5,Rumble,Xin Zhao,Neeko,Xayah,Rakan,0.3004,0.7231,0.6288,0.5347,0.3394,0.0,1459.0,1694.0,22.0,6.0,4.0,3.0,0.5,0.1456,0.5,0.1127,0.1485,-129.3385,1
0,Red,SK Gaming,0.4906,Aatrox,Rell,Corki,Varus,Nautilus,0.3789,0.4728,0.3431,0.6273,0.6253,1.0,-1459.0,-1694.0,-22.0,3.0,4.0,6.0,0.4904,0.5,0.5077,0.4908,0.4908,-55.1275,0
0,Blue,GiantX,0.5,Gnar,Maokai,Azir,Ashe,Alistar,0.6785,0.5985,0.5397,0.4633,0.5842,0.0,-1979.0,-523.0,-32.0,3.0,5.0,5.0,0.361,0.3629,0.5,0.3605,0.5,-472.4973,1
0,Red,Rogue,0.445,Jayce,Rell,LeBlanc,Zeri,Rakan,0.357,0.4278,0.7909,0.4824,0.4023,1.0,1979.0,523.0,32.0,5.0,11.0,3.0,0.2737,0.2739,0.2744,0.2744,0.5,638.6555,0
0,Blue,Team BDS,0.7102,Renekton,Vi,Neeko,Ashe,Renata Glasc,0.6184,0.3632,0.6658,0.5146,0.6763,1.0,-1161.0,-2116.0,-66.0,3.0,6.0,2.0,0.7127,0.7105,0.7102,0.5,0.7103,-444.7097,0
0,Red,Karmine Corp,0.5,Olaf,Maokai,Azir,Kalista,Bard,0.5803,0.6367,0.5835,0.4858,0.5,0.0,1161.0,2116.0,66.0,2.0,2.0,3.0,0.5,0.2275,0.5,0.1972,0.2297,442.4147,1
0,Blue,Fnatic,0.4906,Rumble,Vi,Corki,Kalista,Blitzcrank,0.3674,0.3286,0.3103,0.5348,0.5489,1.0,3274.0,2311.0,26.0,5.0,8.0,3.0,0.5108,0.4906,0.4906,0.4913,0.5,1020.2274,1
0,Red,Team Heretics,0.4616,Udyr,Jarvan IV,Azir,Varus,Nautilus,0.2911,0.3536,0.6232,0.5675,0.5658,0.0,-3274.0,-2311.0,-26.0,3.0,9.0,5.0,0.4673,0.4624,0.3505,0.4788,0.3507,-415.0261,0
0,Blue,SK Gaming,0.4439,Jax,Xin Zhao,Azir,Xayah,Rakan,0.302,0.7494,0.5639,0.579,0.364,0.0,-3737.0,-1686.0,-16.0,2.0,3.0,7.0,0.4437,0.5,0.4594,0.4439,0.4439,-757.9117,0
0,Red,G2 Esports,0.7617,K'Sante,Lillia,LeBlanc,Aphelios,Renata Glasc,0.6044,0.4191,0.7156,0.4251,0.6118,1.0,3737.0,1686.0,16.0,7.0,12.0,2.0,0.7617,0.7617,0.7617,0.7616,0.7616,353.179,1
0,Blue,Team Vitality,0.4063,K'Sante,Brand,Orianna,Varus,Pyke,0.642,0.5,0.5498,0.5135,0.4139,1.0,3659.0,4591.0,78.0,10.0,14.0,6.0,0.4064,0.5,0.5128,0.453,0.453,-320.9426,0
0,Red,KOI,0.3978,Gnar,Xin Zhao,Azir,Xayah,Blitzcrank,0.7091,0.6781,0.5102,0.5238,0.5962,0.0,-3659.0,-4591.0,-78.0,6.0,5.0,10.0,0.5,0.4146,0.5,0.5,0.5,-461.6639,1
1,Blue,Team BDS,0.6425,Rumble,Xin Zhao,Orianna,Varus,Nautilus,0.428,0.7087,0.4974,0.4646,0.5119,0.0,3098.0,1733.0,44.0,5.0,11.0,2.0,0.6449,0.6428,0.6425,0.5,0.6427,10.0244,1
1,Red,Team Heretics,0.4174,Udyr,Maokai,Ezreal,Kalista,Bard,0.2633,0.6713,0.3894,0.5791,0.5,1.0,-3098.0,-1733.0,-44.0,2.0,2.0,5.0,0.4228,0.4184,0.3171,0.4332,0.3173,-77.1743,0
1,Blue,Team BDS,0.6766,Garen,Poppy,Orianna,Varus,Nautilus,0.5,0.6358,0.5453,0.5156,0.5584,0.0,-3.0,-280.0,12.0,4.0,6.0,5.0,0.6787,0.6769,0.6766,0.5,0.6767,-452.4299,1
1,Red,Team Heretics,0.3775,K'Sante,Vi,Neeko,Kalista,Blitzcrank,0.5809,0.3925,0.5997,0.524,0.638,1.0,3.0,280.0,-12.0,5.0,9.0,4.0,0.3826,0.3785,0.2869,0.3919,0.2871,-136.296,0
1,Blue,G2 Esports,0.7844,Yasuo,Rell,Hwei,Senna,Maokai,0.6261,0.3871,0.5,0.7144,0.6074,0.0,-809.0,-934.0,-7.0,2.0,5.0,4.0,0.7844,0.7844,0.7844,0.7843,0.7843,-247.79,1
1,Red,GiantX,0.5,Gnar,Xin Zhao,Ahri,Ezreal,Yuumi,0.7368,0.7365,0.5002,0.3523,0.3871,1.0,809.0,934.0,7.0,4.0,6.0,2.0,0.4219,0.4244,0.5,0.4214,0.5,-436.3202,0
1,Blue,G2 Esports,0.8049,Zac,Vi,Azir,Senna,Maokai,0.5,0.3551,0.5568,0.7418,0.6448,1.0,8624.0,4822.0,102.0,11.0,20.0,2.0,0.8049,0.8049,0.8049,0.8049,0.8049,-168.573,1
1,Red,GiantX,0.5,Aatrox,Xin Zhao,Sylas,Ezreal,Yuumi,0.3427,0.6663,0.3336,0.3187,0.3502,0.0,-8624.0,-4822.0,-102.0,2.0,2.0,11.0,0.3817,0.3835,0.5,0.3813,0.5,-648.44,0
1,Blue,SK Gaming,0.4016,Ornn,Jarvan IV,Hwei,Lucian,Nami,0.3669,0.3199,0.5,0.222,0.2797,0.0,-5563.0,-3619.0,-100.0,5.0,6.0,9.0,0.4015,0.5,0.4156,0.4016,0.4016,-1167.9273,0
1,Red,Team Vitality,0.3676,K'Sante,Brand,Yone,Varus,Ashe,0.5256,0.5,0.4973,0.5617,0.4655,1.0,5563.0,3619.0,100.0,9.0,17.0,5.0,0.3675,0.5,0.464,0.4098,0.4099,264.9223,1
1,Blue,Team Vitality,0.4279,K'Sante,Brand,Lee Sin,Kalista,Leona,0.5708,0.5,0.3534,0.4741,0.5624,0.0,495.0,488.0,-5.0,8.0,14.0,7.0,0.428,0.5,0.515,0.466,0.4661,413.0993,1
1,Red,SK Gaming,0.3633,Akali,Maokai,Lucian,Varus,Renata Glasc,0.6607,0.6786,0.2008,0.6034,0.6488,1.0,-495.0,-488.0,5.0,7.0,7.0,8.0,0.3632,0.5,0.376,0.3632,0.3632,157.3449,0
1,Blue,KOI,0.4552,Zac,Bel'Veth,Akali,Kalista,Blitzcrank,0.5,0.5,0.5978,0.5242,0.5724,0.0,-3060.0,-2750.0,-67.0,4.0,13.0,7.0,0.5,0.4703,0.5,0.5,0.5,413.018,0
1,Red,Fnatic,0.5391,Darius,Brand,Tristana,Varus,Nautilus,0.6586,0.5,0.3466,0.546,0.6004,1.0,3060.0,2750.0,67.0,7.0,14.0,4.0,0.5576,0.5391,0.5392,0.5401,0.5,367.9599,1
1,Blue,KOI,0.4118,Jayce,Brand,Ezreal,Xayah,Rakan,0.323,0.5,0.2884,0.5692,0.3294,0.0,-711.0,-732.0,-20.0,5.0,9.0,2.0,0.5,0.4255,0.5,0.5,0.5,-710.3022,0
1,Red,Fnatic,0.583,Yone,Rell,Corki,Varus,Renata Glasc,0.5482,0.4454,0.3763,0.5892,0.587,1.0,711.0,732.0,20.0,2.0,3.0,5.0,0.6,0.583,0.583,0.5841,0.5,770.8461,1
1,Blue,Team BDS,0.7074,K'Sante,Maokai,Azir,Aphelios,Blitzcrank,0.6116,0.614,0.599,0.4798,0.514,0.0,343.0,-35.0,-20.0,7.0,17.0,3.0,0.7093,0.7077,0.7074,0.5,0.7075,-100.2186,1
1,Red,Team Vitality,0.4823,Karma,Xin Zhao,Akali,Jinx,Nautilus,0.4646,0.6029,0.5409,0.4398,0.6385,1.0,-343.0,35.0,20.0,3.0,3.0,7.0,0.4827,0.5,0.5612,0.5169,0.5169,-626.2795,0
1,Blue,Team Vitality,0.4364,K'Sante,Viego,Akali,Varus,Ashe,0.6486,0.4838,0.4894,0.6283,0.5165,1.0,302.0,-152.0,16.0,3.0,5.0,4.0,0.4366,0.5,0.5078,0.4677,0.4677,557.3444,0
1,Red,Team BDS,0.7353,Darius,Xin Zhao,Azir,Jhin,Nautilus,0.6956,0.5454,0.6372,0.4852,0.5777,0.0,-302.0,152.0,-16.0,4.0,6.0,3.0,0.737,0.7355,0.7352,0.5,0.7353,-609.1212,1
1,Blue,G2 Esports,0.8235,Zac,Maokai,LeBlanc,Lucian,Nami,0.5,0.6507,0.7427,0.1817,0.253,0.0,3212.0,1448.0,23.0,7.0,16.0,2.0,0.8235,0.8235,0.8235,0.8234,0.8235,129.9106,1
1,Red,Fnatic,0.6228,Poppy,Xin Zhao,Azir,Senna,Nautilus,0.6705,0.5887,0.6718,0.7666,0.6179,1.0,-3212.0,-1448.0,-23.0,2.0,4.0,7.0,0.6382,0.6228,0.6228,0.6239,0.5,-573.0504,0
1,Blue,Fnatic,0.5634,Gragas,Jax,Orianna,Varus,Nautilus,0.2983,0.2733,0.5886,0.5685,0.5591,1.0,3616.0,2942.0,63.0,6.0,9.0,2.0,0.5772,0.5634,0.5634,0.5642,0.5,-236.2364,1
1,Red,G2 Esports,0.8403,Poppy,Xin Zhao,Azir,Aphelios,Milio,0.6066,0.5327,0.6078,0.5293,0.4129,0.0,-3616.0,-2942.0,-63.0,2.0,3.0,6.0,0.8403,0.8403,0.8403,0.8403,0.8403,-782.2269,0
1,Blue,G2 Esports,0.7603,Zac,Vi,Hwei,Kalista,Braum,0.5,0.4166,0.5,0.4742,0.5086,0.0,-1283.0,-888.0,-22.0,5.0,8.0,5.0,0.7603,0.7603,0.7603,0.7602,0.7602,505.4201,1
1,Red,Fnatic,0.605,Karma,Poppy,Azir,Varus,Blitzcrank,0.4201,0.5488,0.5499,0.6096,0.5633,1.0,1283.0,888.0,22.0,5.0,10.0,5.0,0.6176,0.605,0.605,0.6059,0.5,-254.4647,0
1,Blue,SK Gaming,0.3287,Zac,Xin Zhao,Sylas,Kalista,Nautilus,0.5,0.4819,0.3018,0.5243,0.601,1.0,2975.0,2991.0,54.0,5.0,9.0,3.0,0.3286,0.5,0.3402,0.3286,0.3286,-537.7163,0
1,Red,Team Heretics,0.3414,K'Sante,Maokai,Azir,Varus,Braum,0.5868,0.684,0.4975,0.5515,0.5554,0.0,-2975.0,-2991.0,-54.0,3.0,4.0,5.0,0.3461,0.3425,0.2596,0.3546,0.2598,208.6881,1
1,Blue,SK Gaming,0.2974,Gnar,Maokai,Taliyah,Kalista,Rakan,0.6666,0.7141,0.4543,0.4744,0.298,1.0,3256.0,2898.0,33.0,4.0,7.0,2.0,0.2973,0.5,0.3078,0.2972,0.2972,-553.559,1
1,Red,Team Heretics,0.4043,K'Sante,Xin Zhao,Azir,Varus,Milio,0.6262,0.436,0.5454,0.5942,0.3715,0.0,-3256.0,-2898.0,-33.0,2.0,6.0,4.0,0.4084,0.4051,0.3301,0.4161,0.3303,-419.1541,0
1,Blue,Team Heretics,0.3657,Gnar,Vi,Hwei,Kalista,Nautilus,0.6984,0.4721,0.5,0.5244,0.5438,0.0,-2886.0,-1490.0,-33.0,2.0,4.0,3.0,0.3695,0.3665,0.2987,0.3764,0.2988,573.43,0
1,Red,SK Gaming,0.3643,Malphite,Poppy,Azir,Draven,Rell,0.4002,0.4965,0.4934,0.697,0.4983,1.0,2886.0,1490.0,33.0,3.0,5.0,2.0,0.3643,0.5,0.3738,0.3643,0.3643,-987.7469,1
1,Blue,KOI,0.3726,Gwen,Vi,Karma,Senna,Nautilus,0.5774,0.4272,0.3798,0.6931,0.492,1.0,3049.0,1301.0,31.0,4.0,11.0,0.0,0.5,0.385,0.5,0.5,0.5,45.9945,1
1,Red,GiantX,0.5,K'Sante,Sejuani,Azir,Miss Fortune,Alistar,0.5666,0.255,0.5417,0.5,0.6238,0.0,-3049.0,-1301.0,-31.0,0.0,0.0,4.0,0.3454,0.3466,0.5,0.3449,0.5,-697.248,0
1,Blue,KOI,0.4323,Akali,Sejuani,Tristana,Senna,Braum,0.4427,0.2307,0.4088,0.7225,0.5977,1.0,3280.0,3096.0,36.0,6.0,15.0,3.0,0.5,0.4436,0.5,0.5,0.5,348.7071,1
1,Red,GiantX,0.5,Rumble,Rell,Jayce,Jhin,Nautilus,0.4827,0.546,0.2922,0.5343,0.5404,0.0,-3280.0,-3096.0,-36.0,3.0,10.0,6.0,0.3125,0.3132,0.5,0.3121,0.5,212.1278,0
1,Blue,G2 Esports,0.7831,Twisted Fate,Vi,Azir,Kalista,Taric,0.5563,0.4817,0.4901,0.4745,0.5,0.0,201.0,816.0,2.0,1.0,4.0,3.0,0.7831,0.7831,0.7831,0.7831,0.7831,-139.9434,1
1,Red,Team BDS,0.7605,Rumble,Poppy,Orianna,Varus,Rell,0.4365,0.5445,0.6278,0.5376,0.494,1.0,-201.0,-816.0,-2.0,3.0,7.0,1.0,0.762,0.7607,0.7605,0.5,0.7605,-31.6144,0
1,Blue,Team BDS,0.688,Gnar,Xin Zhao,Orianna,Varus,Blitzcrank,0.6319,0.3945,0.568,0.4864,0.5065,1.0,347.0,-110.0,-31.0,4.0,6.0,3.0,0.6894,0.6882,0.688,0.5,0.6881,192.301,0
1,Red,G2 Esports,0.8038,Yasuo,Lillia,K'Sante,Kalista,Braum,0.6661,0.4745,0.5126,0.5245,0.6361,0.0,-347.0,110.0,31.0,3.0,8.0,4.0,0.8038,0.8038,0.8038,0.8037,0.8037,188.6672,1
1,Blue,G2 Esports,0.8224,K'Sante,Ivern,Hwei,Kalista,Leona,0.559,0.6654,0.5,0.5698,0.6041,0.0,2762.0,2682.0,2.0,9.0,16.0,4.0,0.8224,0.8225,0.8224,0.8224,0.8224,-384.2291,1
1,Red,Team BDS,0.6225,Jax,Brand,Azir,Varus,Nautilus,0.3425,0.5,0.5387,0.4401,0.4889,1.0,-2762.0,-2682.0,-2.0,4.0,6.0,9.0,0.6238,0.6227,0.6225,0.5,0.6226,118.6828,0
1,Blue,KOI,0.4864,Twisted Fate,Vi,Taliyah,Senna,Nautilus,0.5985,0.5311,0.5064,0.7491,0.4424,0.0,2144.0,1529.0,-11.0,9.0,16.0,6.0,0.5,0.4966,0.5,0.5,0.5,-103.6113,1
1,Red,Team Vitality,0.3948,Gwen,Rell,Akali,Varus,Sett,0.6177,0.447,0.4958,0.3982,0.6012,1.0,-2144.0,-1529.0,11.0,6.0,12.0,9.0,0.3949,0.5,0.4594,0.4231,0.4231,354.7685,0
1,Blue,KOI,0.5353,Jayce,Brand,Kai'Sa,Varus,Renata Glasc,0.2644,0.5,0.4969,0.3603,0.6263,0.0,-179.0,-821.0,-3.0,4.0,3.0,7.0,0.5,0.5445,0.5,0.5,0.5,694.5679,1
1,Red,Team Vitality,0.3572,Akshan,Rell,LeBlanc,Xayah,Rakan,0.5,0.4044,0.7672,0.515,0.3649,1.0,179.0,821.0,3.0,7.0,11.0,4.0,0.3572,0.5,0.4157,0.3828,0.3828,-524.799,0
1,Blue,SK Gaming,0.4249,K'Sante,Rell,Azir,Xayah,Rakan,0.601,0.3659,0.4874,0.4659,0.3301,0.0,-1814.0,-526.0,-33.0,3.0,5.0,4.0,0.4248,0.5,0.4334,0.4249,0.4249,-1250.6921,1
1,Red,Fnatic,0.5474,Aatrox,Vi,Hwei,Senna,Nautilus,0.3099,0.5757,0.5,0.7731,0.4955,1.0,1814.0,526.0,33.0,4.0,9.0,3.0,0.5586,0.5474,0.5474,0.548,0.5,-34.2918,0
1,Blue,Fnatic,0.4953,Zac,Xin Zhao,Karma,Ezreal,Ashe,0.5,0.3569,0.4392,0.2609,0.4672,1.0,1691.0,3737.0,23.0,3.0,8.0,1.0,0.5052,0.4953,0.4953,0.4956,0.5,-961.472,1
1,Red,SK Gaming,0.4796,Gnar,Rell,Azir,Senna,Nautilus,0.5717,0.4263,0.5362,0.6991,0.4483,0.0,-1691.0,-3737.0,-23.0,1.0,2.0,3.0,0.4796,0.5,0.4874,0.4797,0.4797,146.2095,0
1,Blue,SK Gaming,0.434,Rumble,Rell,Twisted Fate,Draven,Renata Glasc,0.3948,0.3857,0.6368,0.7261,0.662,0.0,3064.0,-59.0,-19.0,13.0,32.0,7.0,0.4339,0.5,0.4409,0.434,0.434,781.9507,0
1,Red,Fnatic,0.5433,Ornn,Vi,Corki,Ezreal,Ashe,0.3319,0.5209,0.4359,0.3313,0.518,1.0,-3064.0,59.0,19.0,7.0,15.0,13.0,0.5525,0.5433,0.5433,0.5438,0.5,-420.9023,1
1,Blue,KOI,0.5796,Akali,Xin Zhao,Karma,Senna,Braum,0.4486,0.4182,0.4929,0.6323,0.6707,0.0,5.0,-133.0,-24.0,4.0,7.0,3.0,0.5,0.5879,0.5,0.5,0.5,-178.6386,1
1,Red,Fnatic,0.5868,K'Sante,Brand,Orianna,Jinx,Nautilus,0.639,0.5,0.5139,0.3979,0.4056,1.0,-5.0,133.0,24.0,3.0,5.0,4.0,0.5952,0.5868,0.5868,0.5874,0.5,-174.0977,0
1,Blue,Fnatic,0.5309,K'Sante,Brand,Karma,Lucian,Milio,0.5782,0.5,0.5414,0.2596,0.3345,1.0,5864.0,3980.0,64.0,9.0,12.0,0.0,0.5384,0.5309,0.5309,0.5313,0.5,-323.197,1
1,Red,KOI,0.6196,Gwen,Maokai,Tristana,Aphelios,Blitzcrank,0.5588,0.7413,0.4651,0.4789,0.4557,0.0,-5864.0,-3980.0,-64.0,0.0,0.0,9.0,0.5,0.6271,0.5,0.5,0.5,509.6383,0
1,Blue,KOI,0.5606,Varus,Ivern,Gragas,Kai'Sa,Nautilus,0.4212,0.6993,0.3651,0.5448,0.367,1.0,1556.0,913.0,-15.0,11.0,26.0,4.0,0.5,0.5674,0.5,0.5,0.5,275.2298,1
1,Red,Fnatic,0.5756,Jayce,Rell,Hwei,Ezreal,Maokai,0.3345,0.349,0.5,0.395,0.6707,0.0,-1556.0,-913.0,15.0,4.0,10.0,11.0,0.5825,0.5756,0.5756,0.576,0.5,-703.8483,0
1,Blue,Fnatic,0.5208,Zac,Vi,Hwei,Varus,Renata Glasc,0.5,0.5665,0.5,0.4763,0.5989,0.0,290.0,323.0,7.0,3.0,5.0,4.0,0.5269,0.5208,0.5208,0.5211,0.5177,854.2272,1
1,Red,KOI,0.6025,Gnar,Xin Zhao,Karma,Ezreal,Maokai,0.5172,0.4736,0.5853,0.3574,0.6068,1.0,-290.0,-323.0,-7.0,4.0,6.0,3.0,0.5,0.6086,0.5,0.5,0.5,-302.5943,0
1,Blue,KOI,0.5451,K'Sante,Vi,Azir,Senna,Maokai,0.6183,0.6078,0.4851,0.6675,0.5491,0.0,-869.0,572.0,-38.0,3.0,3.0,3.0,0.5,0.5506,0.5,0.5,0.5,137.8504,1
1,Red,Fnatic,0.5664,Gwen,Poppy,Tristana,Ezreal,Karma,0.5056,0.4926,0.4208,0.3233,0.5293,1.0,869.0,-572.0,38.0,3.0,6.0,3.0,0.572,0.5664,0.5664,0.5668,0.5701,-138.7162,0
1,Blue,Team BDS,0.5632,K'Sante,Sejuani,Azir,Aphelios,Tahm Kench,0.6547,0.304,0.5342,0.4333,0.4545,1.0,-53.0,424.0,21.0,2.0,4.0,2.0,0.4065,0.5633,0.5632,0.5,0.5633,-369.7254,0
1,Red,KOI,0.5884,Twisted Fate,Vi,Taliyah,Jinx,Rakan,0.5761,0.6452,0.5535,0.36,0.3939,0.0,53.0,-424.0,-21.0,2.0,5.0,2.0,0.6356,0.5934,0.6356,0.6356,0.6356,-417.1034,1
1,Blue,Team BDS,0.5096,K'Sante,Vi,Corki,Aphelios,Blitzcrank,0.5923,0.679,0.4898,0.3921,0.4103,1.0,-1728.0,-666.0,-17.0,3.0,7.0,4.0,0.3678,0.5097,0.5096,0.5,0.5096,257.8117,0
1,Red,KOI,0.6276,Gnar,Ivern,Azir,Xayah,Braum,0.468,0.7296,0.4833,0.5168,0.7021,0.0,1728.0,666.0,17.0,4.0,10.0,3.0,0.6751,0.6322,0.6751,0.6751,0.6751,-577.2788,1
1,Blue,KOI,0.6631,Karma,Vi,Akali,Kai'Sa,Renata Glasc,0.4787,0.6143,0.5011,0.5882,0.6371,0.0,-1407.0,-2343.0,-10.0,1.0,3.0,4.0,0.7099,0.6672,0.7099,0.7099,0.7099,78.9667,0
1,Red,Team BDS,0.4611,Lee Sin,Xin Zhao,Azir,Ezreal,Alistar,0.415,0.4285,0.5325,0.2925,0.5644,1.0,1407.0,2343.0,10.0,4.0,7.0,1.0,0.3327,0.4611,0.4611,0.5,0.4611,-491.6978,1
1,Blue,Team BDS,0.5124,Gragas,Xin Zhao,Azir,Ezreal,Rakan,0.4256,0.4829,0.577,0.3599,0.4516,1.0,731.0,67.0,1.0,4.0,8.0,1.0,0.3963,0.5125,0.5124,0.5,0.5124,-578.5036,1
1,Red,KOI,0.5999,K'Sante,Vi,Karma,Aphelios,Nautilus,0.5359,0.5558,0.433,0.3547,0.4273,0.0,-731.0,-67.0,-1.0,1.0,2.0,4.0,0.6348,0.6037,0.6348,0.6348,0.6348,-349.9309,0
1,Blue,KOI,0.5428,K'Sante,Brand,Azir,Xayah,Rell,0.4849,0.5,0.6173,0.5628,0.3157,1.0,1174.0,1792.0,40.0,6.0,7.0,5.0,0.5683,0.5462,0.5683,0.5683,0.5683,-1178.5222,1
1,Red,Team BDS,0.5588,Gragas,Xin Zhao,Corki,Aphelios,Rakan,0.4803,0.5322,0.443,0.3209,0.5039,0.0,-1174.0,-1792.0,-40.0,5.0,6.0,6.0,0.4538,0.5589,0.5588,0.5743,0.5589,-432.6222,0
1,Blue,G2 Esports,0.8394,Akali,Vi,Twisted Fate,Senna,Nautilus,0.4534,0.5029,0.6165,0.6992,0.3866,0.0,-2762.0,-714.0,-25.0,8.0,16.0,11.0,0.8394,0.8394,0.8394,0.8393,0.8393,318.1301,0
1,Red,KOI,0.5863,Yasuo,Zac,Orianna,Varus,Rell,0.7015,0.5,0.465,0.5262,0.3809,1.0,2762.0,714.0,25.0,11.0,21.0,8.0,0.6131,0.5894,0.6131,0.6131,0.6131,131.5088,1
1,Blue,G2 Esports,0.7594,K'Sante,Maokai,LeBlanc,Varus,Renata Glasc,0.5339,0.592,0.6941,0.5713,0.5764,0.0,3853.0,2167.0,0.0,9.0,9.0,3.0,0.7594,0.7594,0.7594,0.7594,0.7594,946.2771,1
1,Red,KOI,0.6257,Gnar,Zac,Azir,Senna,Nautilus,0.5187,0.5,0.6537,0.6324,0.3497,1.0,-3853.0,-2167.0,0.0,2.0,2.0,9.0,0.6529,0.6285,0.6529,0.6529,0.6529,0.37,0
1,Blue,KOI,0.5661,Rumble,Bel'Veth,Taliyah,Senna,Rell,0.3571,0.5,0.5961,0.5721,0.4399,0.0,1962.0,-794.0,-13.0,5.0,9.0,2.0,0.5862,0.5686,0.5862,0.5862,0.5862,-196.5922,0
1,Red,G2 Esports,0.7823,Kennen,Viego,Azir,Varus,Nautilus,0.4518,0.4377,0.5915,0.6121,0.3164,1.0,-1962.0,794.0,13.0,2.0,2.0,5.0,0.7823,0.7823,0.7823,0.7823,0.7823,1350.8385,1
1,Blue,KOI,0.5122,Jayce,Rell,Taliyah,Varus,Alistar,0.3026,0.398,0.5393,0.6491,0.6058,1.0,1662.0,-2515.0,-50.0,7.0,12.0,5.0,0.5268,0.5145,0.5268,0.5268,0.5268,-17.3422,0
1,Red,G2 Esports,0.8031,Gragas,Lillia,Azir,Senna,Nautilus,0.4345,0.5247,0.6304,0.5175,0.3815,0.0,-1662.0,2515.0,50.0,5.0,4.0,7.0,0.8031,0.8031,0.8031,0.803,0.803,-188.1559,1
0,Blue,Team Vitality,0.3232,Twisted Fate,Rell,Taliyah,Smolder,Braum,0.5578,0.3601,0.4878,0.5,0.7304,0.0,-235.0,-602.0,-7.0,2.0,3.0,5.0,0.3231,0.5,0.3761,0.3464,0.3464,-352.4479,1
0,Red,Team Heretics,0.3308,Wukong,Sejuani,Karma,Varus,Nautilus,0.5087,0.275,0.3916,0.5873,0.4404,1.0,235.0,602.0,7.0,5.0,13.0,2.0,0.3343,0.3316,0.5,0.3406,0.5402,798.5578,0
0,Blue,Fnatic,0.5125,K'Sante,Sejuani,Taliyah,Zeri,Rell,0.5783,0.2489,0.5367,0.4365,0.421,0.0,1527.0,2346.0,46.0,5.0,8.0,0.0,0.5175,0.5125,0.5125,0.5127,0.509,-65.3845,1
0,Red,Rogue,0.4026,Udyr,Vi,Hwei,Kalista,Nautilus,0.2381,0.455,0.5,0.6108,0.3985,1.0,-1527.0,-2346.0,-46.0,0.0,0.0,5.0,0.3576,0.2478,0.2482,0.2482,0.5,-386.3083,0
0,Blue,Team BDS,0.5056,Aatrox,Poppy,Taliyah,Zeri,Nautilus,0.2803,0.4456,0.5809,0.4902,0.3605,1.0,-1285.0,-1207.0,6.0,2.0,5.0,4.0,0.5644,0.5057,0.5056,0.512,0.5056,-528.5589,0
0,Red,G2 Esports,0.8218,Volibear,Lee Sin,Ahri,Smolder,Braum,0.4079,0.4707,0.4526,0.5,0.7561,0.0,1285.0,1207.0,-6.0,4.0,6.0,2.0,0.8218,0.8218,0.8218,0.8218,0.8218,344.7332,1
0,Blue,Karmine Corp,0.5,Gnar,Vi,Hwei,Zeri,Nautilus,0.4693,0.4116,0.5,0.4435,0.3262,1.0,1081.0,-52.0,25.0,4.0,11.0,3.0,0.5,0.3015,0.5,0.2736,0.303,326.2982,1
0,Red,GiantX,0.5,Gragas,Xin Zhao,Karma,Smolder,Rell,0.4884,0.4815,0.3543,0.5,0.4762,0.0,-1081.0,52.0,-25.0,3.0,6.0,4.0,0.2827,0.2831,0.5,0.2824,0.5,-568.8901,0
0,Blue,KOI,0.4634,Twisted Fate,Vi,Taliyah,Varus,Braum,0.5999,0.4677,0.5255,0.5313,0.7793,0.0,1914.0,-866.0,-5.0,7.0,15.0,5.0,0.4737,0.4655,0.4737,0.4737,0.4737,804.5814,1
0,Red,SK Gaming,0.3926,Jayce,Xin Zhao,Ahri,Zeri,Nautilus,0.2738,0.4356,0.5047,0.4965,0.3904,1.0,-1914.0,866.0,5.0,5.0,8.0,7.0,0.3926,0.5,0.3989,0.3926,0.3926,-161.8234,0
0,Blue,Team Vitality,0.3877,Rumble,Maokai,Jayce,Senna,Nautilus,0.323,0.6309,0.2477,0.5635,0.3532,0.0,1835.0,3125.0,20.0,2.0,4.0,2.0,0.3877,0.5,0.4355,0.4086,0.4086,-731.586,1
0,Red,Team BDS,0.4574,Olaf,Sejuani,Ahri,Zeri,Rakan,0.6203,0.3204,0.4566,0.4492,0.4559,1.0,-1835.0,-3125.0,-20.0,2.0,3.0,2.0,0.5106,0.4575,0.4574,0.4572,0.4575,639.778,0
0,Blue,Team Heretics,0.2992,K'Sante,Vi,Taliyah,Zeri,Rell,0.6185,0.5184,0.5707,0.4064,0.4308,0.0,2056.0,990.0,16.0,9.0,17.0,4.0,0.3025,0.3,0.5,0.3081,0.4887,-116.0894,1
0,Red,Rogue,0.3642,Renekton,Sejuani,Tristana,Ziggs,Nautilus,0.5595,0.2899,0.3807,0.5,0.4148,1.0,-2056.0,-990.0,-16.0,4.0,12.0,9.0,0.3235,0.2242,0.2246,0.2246,0.5,312.2787,0
0,Blue,Fnatic,0.5589,Aatrox,Rell,Orianna,Kai'Sa,Nautilus,0.2535,0.485,0.5159,0.5322,0.3753,1.0,2049.0,1191.0,27.0,5.0,13.0,2.0,0.5635,0.5589,0.5589,0.5592,0.561,-734.9153,1
0,Red,Karmine Corp,0.5,Renekton,Sejuani,Aurelion Sol,Zeri,Braum,0.5062,0.2623,0.5,0.463,0.8004,0.0,-2049.0,-1191.0,-27.0,2.0,2.0,5.0,0.5,0.3684,0.5,0.3428,0.3694,306.848,0
0,Blue,GiantX,0.5,Gragas,Sejuani,Jayce,Kalista,Ashe,0.4419,0.2373,0.3194,0.5526,0.564,1.0,-980.0,-125.0,-3.0,0.0,0.0,3.0,0.2558,0.2559,0.5,0.2555,0.5,-210.357,0
0,Red,SK Gaming,0.3552,Renekton,Rell,Orianna,Varus,Nautilus,0.458,0.5341,0.562,0.576,0.4348,0.0,980.0,125.0,3.0,3.0,8.0,0.0,0.3552,0.5,0.361,0.3552,0.3552,950.4978,1
0,Blue,KOI,0.5145,K'Sante,Ivern,Orianna,Smolder,Alistar,0.6548,0.7567,0.6037,0.5,0.5481,0.0,-4404.0,-2937.0,-47.0,1.0,1.0,6.0,0.5264,0.5164,0.5264,0.5264,0.5264,199.7933,0
0,Red,G2 Esports,0.8388,Jayce,Rell,Neeko,Kog'Maw,Milio,0.2889,0.5784,0.5404,0.5,0.4005,1.0,4404.0,2937.0,47.0,6.0,11.0,1.0,0.8388,0.8388,0.8388,0.8388,0.8388,-393.3471,1
0,Blue,Rogue,0.3295,Gragas,Xin Zhao,Hwei,Kalista,Renata Glasc,0.3998,0.3941,0.5,0.5,0.6167,1.0,1587.0,1458.0,-6.0,4.0,12.0,1.0,0.2927,0.2029,0.2032,0.2032,0.5,-161.1557,0
0,Red,Team BDS,0.4139,Renekton,Maokai,Taliyah,Aphelios,Blitzcrank,0.5096,0.666,0.6116,0.2904,0.3696,0.0,-1587.0,-1458.0,6.0,1.0,4.0,4.0,0.462,0.4139,0.4139,0.4088,0.4139,-461.8506,1
0,Blue,SK Gaming,0.4166,Volibear,Rell,Neeko,Kalista,Renata Glasc,0.4643,0.6186,0.5857,0.4524,0.558,1.0,7913.0,2989.0,44.0,10.0,21.0,1.0,0.4166,0.5,0.4218,0.4167,0.4167,359.6701,1
0,Red,Team Vitality,0.446,Smolder,Poppy,Taliyah,Senna,Nautilus,0.5,0.4032,0.6487,0.6052,0.4886,0.0,-7913.0,-2989.0,-44.0,1.0,2.0,10.0,0.4461,0.4693,0.4893,0.4649,0.4649,-899.9402,0
0,Blue,GiantX,0.5,Rumble,Vi,Yone,Varus,Nautilus,0.3876,0.5642,0.5938,0.6164,0.4421,1.0,-4141.0,-2557.0,-42.0,2.0,6.0,6.0,0.2314,0.2314,0.5,0.2311,0.5,1545.2364,1
0,Red,KOI,0.4655,Karma,Volibear,LeBlanc,Senna,Tahm Kench,0.3204,0.5153,0.7232,0.5474,0.4112,0.0,4141.0,2557.0,42.0,6.0,14.0,2.0,0.474,0.4672,0.474,0.474,0.474,-186.2003,0
0,Blue,Team Heretics,0.3661,Aatrox,Lee Sin,Neeko,Smolder,Nautilus,0.3248,0.5211,0.6264,0.5,0.4952,1.0,-4797.0,-3359.0,-109.0,2.0,3.0,3.0,0.3689,0.3667,0.5,0.374,0.5374,-114.0074,1
0,Red,Fnatic,0.6009,Renekton,Volibear,Ahri,Zeri,Rell,0.5563,0.4662,0.4131,0.4189,0.6549,0.0,4797.0,3359.0,109.0,3.0,5.0,2.0,0.6051,0.6009,0.6009,0.6012,0.607,661.3035,0
0,Blue,G2 Esports,0.8541,Gragas,Jarvan IV,Neeko,Smolder,Rakan,0.3617,0.2894,0.6629,0.5,0.4125,1.0,-3272.0,-2407.0,-9.0,0.0,0.0,6.0,0.8541,0.8542,0.8541,0.8541,0.8541,-390.7509,1
0,Red,Karmine Corp,0.5,Gnar,Lee Sin,Orianna,Senna,Tahm Kench,0.5198,0.5667,0.5462,0.4952,0.372,0.0,3272.0,2407.0,9.0,6.0,19.0,0.0,0.5,0.3332,0.5,0.3102,0.3342,-237.5789,0
0,Blue,SK Gaming,0.4722,Jayce,Xin Zhao,Neeko,Zeri,Nautilus,0.3567,0.3566,0.6959,0.379,0.5433,0.0,1652.0,2212.0,8.0,8.0,18.0,5.0,0.4722,0.5008,0.4769,0.4723,0.4723,-232.4133,0
0,Red,Team BDS,0.4697,Olaf,Jax,Karma,Aphelios,Thresh,0.5612,0.3099,0.2899,0.358,0.5896,1.0,-1652.0,-2212.0,-8.0,5.0,5.0,8.0,0.5132,0.4697,0.4697,0.4707,0.4697,-520.2771,1
0,Blue,GiantX,0.5,Renekton,Maokai,Taliyah,Varus,Nautilus,0.5033,0.6978,0.5868,0.6529,0.4916,0.0,-2353.0,-4413.0,-38.0,6.0,14.0,11.0,0.3046,0.3051,0.5,0.3044,0.5,281.2839,0
0,Red,Fnatic,0.5437,Ornn,Viego,Ahri,Zeri,Rell,0.3956,0.4912,0.3738,0.3429,0.5925,1.0,2353.0,4413.0,38.0,11.0,20.0,6.0,0.5474,0.5437,0.5437,0.5439,0.544,31.2527,1
0,Blue,G2 Esports,0.868,Renekton,Jarvan IV,Ahri,Draven,Renata Glasc,0.4554,0.3571,0.4334,0.6565,0.6001,0.0,2382.0,1997.0,57.0,3.0,7.0,3.0,0.868,0.868,0.868,0.868,0.868,1004.1126,1
0,Red,Team Heretics,0.4266,Aatrox,Rell,Orianna,Varus,Nautilus,0.3893,0.6313,0.4942,0.5907,0.4447,1.0,-2382.0,-1997.0,-57.0,3.0,5.0,3.0,0.429,0.427,0.5,0.4337,0.5815,30.9338,0
0,Blue,KOI,0.4212,Jayce,Jarvan IV,Orianna,Varus,Rell,0.3227,0.4183,0.4471,0.5345,0.5712,0.0,2555.0,1780.0,30.0,8.0,11.0,3.0,0.4269,0.4227,0.4269,0.4269,0.4269,46.2754,0
0,Red,Team Vitality,0.4035,Wukong,Jax,Ahri,Senna,Nautilus,0.4602,0.3756,0.4874,0.448,0.4024,1.0,-2555.0,-1780.0,-30.0,3.0,5.0,8.0,0.4035,0.4183,0.4427,0.4207,0.4207,-594.8356,1
0,Blue,Karmine Corp,0.5,Urgot,Xin Zhao,Neeko,Kalista,Rell,0.5,0.3226,0.6281,0.5045,0.5168,1.0,-2463.0,-3086.0,-33.0,4.0,10.0,5.0,0.5,0.3013,0.5,0.2806,0.3024,435.8238,0
0,Red,Rogue,0.2982,Malphite,Viego,Ahri,Senna,Nautilus,0.4653,0.5397,0.5362,0.5006,0.4593,0.0,2463.0,3086.0,33.0,5.0,10.0,4.0,0.2648,0.1835,0.1839,0.1839,0.5,-1056.7085,1
0,Blue,GiantX,0.5,Rumble,Lee Sin,Orianna,Xayah,Nautilus,0.4461,0.5128,0.4046,0.6044,0.5108,0.0,-3218.0,-3652.0,-11.0,1.0,1.0,7.0,0.2756,0.2758,0.5,0.2754,0.5,106.5694,0
0,Red,Team BDS,0.5202,Sion,Xin Zhao,Neeko,Zeri,Rell,0.5934,0.2919,0.567,0.4055,0.4676,1.0,3218.0,3652.0,11.0,7.0,22.0,1.0,0.5596,0.5202,0.5202,0.5256,0.5202,-458.7122,1
0,Blue,Rogue,0.365,K'Sante,Viego,Neeko,Smolder,Tahm Kench,0.5925,0.5835,0.609,0.5,0.3365,0.0,-2723.0,-602.0,-57.0,3.0,5.0,5.0,0.3348,0.2613,0.2616,0.2616,0.5,713.1199,0
0,Red,Team Vitality,0.4603,Gwen,Vi,Taliyah,Twisted Fate,Rakan,0.4575,0.6057,0.5309,0.638,0.4684,1.0,2723.0,602.0,57.0,5.0,10.0,3.0,0.4604,0.4806,0.4957,0.4758,0.4758,-770.4055,1
0,Blue,KOI,0.3811,Aatrox,Poppy,Neeko,Sivir,Rell,0.3521,0.3647,0.55,0.3739,0.5183,0.0,-1266.0,-1731.0,-40.0,3.0,6.0,3.0,0.3847,0.3825,0.3847,0.3847,0.3847,-1189.3471,0
0,Red,Karmine Corp,0.5,Renekton,Viego,Ahri,Zeri,Rakan,0.5073,0.528,0.5804,0.4621,0.519,1.0,1266.0,1731.0,40.0,3.0,6.0,3.0,0.5,0.2725,0.5,0.2539,0.2736,869.9915,1
0,Blue,Team Heretics,0.3859,Gragas,Jarvan IV,Neeko,Varus,Thresh,0.4225,0.3785,0.4969,0.4836,0.6287,1.0,2683.0,1583.0,43.0,7.0,12.0,3.0,0.3882,0.3863,0.5,0.3924,0.5261,-175.324,1
0,Red,SK Gaming,0.4272,Aatrox,Sejuani,Ahri,Senna,Nautilus,0.3185,0.2147,0.6203,0.5482,0.4621,0.0,-2683.0,-1583.0,-43.0,3.0,8.0,7.0,0.4272,0.4464,0.4315,0.4272,0.4272,-1286.383,0
0,Blue,Fnatic,0.5871,K'Sante,Poppy,Taliyah,Kai'Sa,Nautilus,0.536,0.33,0.5756,0.5767,0.4181,0.0,4392.0,3408.0,35.0,8.0,10.0,3.0,0.5906,0.5871,0.5871,0.5874,0.5909,-634.5767,1
0,Red,G2 Esports,0.8806,Gwen,Lee Sin,Ahri,Smolder,Tahm Kench,0.5091,0.4639,0.5613,0.5,0.3044,1.0,-4392.0,-3408.0,-35.0,3.0,7.0,9.0,0.8806,0.8806,0.8806,0.8806,0.8806,501.4214,0
0,Blue,Team BDS,0.5659,K'Sante,Sejuani,Orianna,Aphelios,Thresh,0.5802,0.1942,0.366,0.4191,0.664,1.0,-445.0,-139.0,-27.0,1.0,2.0,0.0,0.6015,0.5659,0.5659,0.5744,0.5659,-478.5095,0
0,Red,Team Heretics,0.4445,Twisted Fate,Nocturne,Neeko,Zeri,Rell,0.6725,0.2527,0.5454,0.5133,0.4689,0.0,445.0,139.0,27.0,0.0,0.0,1.0,0.4464,0.4448,0.5,0.4502,0.5712,478.9004,1
0,Blue,Team Vitality,0.5117,K'Sante,Viego,Ahri,Kalista,Nautilus,0.525,0.5729,0.5078,0.4565,0.4735,0.0,627.0,562.0,-15.0,8.0,16.0,6.0,0.5119,0.5356,0.5438,0.5258,0.5258,997.2853,0
0,Red,Fnatic,0.6265,Olaf,Volibear,Karma,Varus,Ashe,0.603,0.4218,0.3576,0.5327,0.5102,1.0,-627.0,-562.0,15.0,6.0,8.0,8.0,0.6296,0.6265,0.6265,0.6267,0.6327,951.6888,1
0,Blue,G2 Esports,0.7967,Jax,Xin Zhao,Karma,Draven,Rell,0.4351,0.3593,0.4189,0.6894,0.5195,0.0,3610.0,1961.0,38.0,4.0,8.0,1.0,0.7967,0.7967,0.7967,0.7967,0.7967,582.4287,1
0,Red,GiantX,0.5,Udyr,Maokai,Tristana,Varus,Braum,0.2153,0.6314,0.3445,0.5772,0.7241,1.0,-3610.0,-1961.0,-38.0,1.0,2.0,4.0,0.2494,0.2494,0.5,0.2492,0.5,401.5791,0
0,Blue,Rogue,0.3302,K'Sante,Xin Zhao,Orianna,Lucian,Nami,0.475,0.4204,0.3312,0.3302,0.3242,0.0,-4034.0,-1883.0,-60.0,0.0,0.0,4.0,0.3029,0.2364,0.2367,0.2367,0.5,251.8337,0
0,Red,KOI,0.3448,Twisted Fate,Jarvan IV,Ahri,Jinx,Nautilus,0.7037,0.4377,0.4594,0.421,0.4284,1.0,4034.0,1883.0,60.0,4.0,5.0,0.0,0.3468,0.346,0.3468,0.3468,0.3468,-187.4968,1
0,Blue,SK Gaming,0.3865,Renekton,Maokai,Taliyah,Varus,Renata Glasc,0.5542,0.5712,0.616,0.5223,0.6382,0.0,1873.0,568.0,8.0,4.0,12.0,2.0,0.3865,0.3986,0.3904,0.3865,0.3865,297.5605,1
0,Red,Karmine Corp,0.5,Sion,Viego,Hwei,Xayah,Rakan,0.6321,0.5184,0.5,0.5469,0.5648,1.0,-1873.0,-568.0,-8.0,2.0,3.0,4.0,0.5,0.342,0.5,0.325,0.3428,-975.7118,0
0,Blue,GiantX,0.5,Gragas,Vi,Taliyah,Nilah,Rakan,0.4775,0.6433,0.6526,0.5,0.511,1.0,48.0,3564.0,24.0,0.0,0.0,0.0,0.2256,0.2255,0.5,0.2254,0.5,-514.6738,1
0,Red,Rogue,0.2988,Ornn,Jarvan IV,Ahri,Zeri,Lulu,0.4532,0.4912,0.5109,0.5597,0.515,0.0,-48.0,-3564.0,-24.0,0.0,0.0,0.0,0.2741,0.2139,0.2141,0.2141,0.5,-551.4458,0
0,Blue,Team BDS,0.512,Renekton,Xin Zhao,Orianna,Zeri,Rell,0.5966,0.3803,0.2996,0.5064,0.5653,1.0,-626.0,-718.0,-26.0,4.0,3.0,3.0,0.5442,0.512,0.512,0.5158,0.512,626.9082,1
0,Red,Fnatic,0.662,Rumble,Vi,Karma,Jinx,Nautilus,0.4035,0.6773,0.4743,0.4761,0.4829,0.0,626.0,718.0,26.0,3.0,1.0,4.0,0.6649,0.662,0.662,0.6623,0.6699,356.3881,0
0,Blue,G2 Esports,0.8161,Rek'Sai,Viego,Annie,Draven,Neeko,0.5,0.469,0.4402,0.7192,0.5893,1.0,1969.0,253.0,50.0,2.0,2.0,1.0,0.8161,0.8161,0.8161,0.8161,0.8161,623.6843,1
0,Red,SK Gaming,0.445,K'Sante,Lee Sin,Ahri,Xayah,Rakan,0.4297,0.4197,0.4623,0.4948,0.5576,0.0,-1969.0,-253.0,-50.0,1.0,1.0,2.0,0.4449,0.4623,0.4484,0.445,0.445,-796.8928,0
0,Blue,KOI,0.4072,Gragas,Jax,Ahri,Senna,Nautilus,0.5273,0.4889,0.4182,0.496,0.4369,1.0,-53.0,770.0,-6.0,1.0,1.0,2.0,0.4109,0.4083,0.4109,0.4109,0.4109,-961.0872,0
0,Red,Team Heretics,0.4975,Aatrox,Volibear,Orianna,Zeri,Rakan,0.2881,0.4769,0.3663,0.5534,0.5045,0.0,53.0,-770.0,6.0,2.0,3.0,1.0,0.4991,0.4977,0.5,0.5026,0.6121,-426.6119,1
0,Blue,Team Vitality,0.463,Aatrox,Rell,Orianna,Twisted Fate,Camille,0.356,0.6067,0.4267,0.7319,0.5046,1.0,4087.0,1285.0,55.0,3.0,3.0,1.0,0.4631,0.4795,0.492,0.4757,0.4757,-176.181,1
0,Red,Karmine Corp,0.5,Gnar,Lee Sin,Ahri,Senna,Nautilus,0.4703,0.3798,0.3784,0.4487,0.3953,0.0,-4087.0,-1285.0,-55.0,1.0,1.0,3.0,0.5,0.3093,0.5,0.294,0.3101,-425.7248,0
0,Blue,SK Gaming,0.4026,Renekton,Maokai,Corki,Varus,Rell,0.6351,0.6121,0.4007,0.5678,0.6441,0.0,-2172.0,-4073.0,-71.0,3.0,2.0,7.0,0.4026,0.4139,0.4057,0.4026,0.4026,636.3919,0
0,Red,Fnatic,0.599,Poppy,Vi,Karma,Zeri,Alistar,0.3938,0.6128,0.4291,0.5959,0.4959,1.0,2172.0,4073.0,71.0,7.0,9.0,3.0,0.6015,0.599,0.599,0.5992,0.6024,-291.3298,1
0,Blue,Team Vitality,0.5141,K'Sante,Vi,Syndra,Smolder,Braum,0.3888,0.6496,0.5449,0.5,0.6552,0.0,-516.0,-124.0,14.0,3.0,6.0,5.0,0.5143,0.5335,0.5404,0.5256,0.5256,-4.5675,0
0,Red,GiantX,0.2923,Gnar,Rell,Taliyah,Kalista,Rakan,0.4255,0.5828,0.6857,0.413,0.5517,1.0,516.0,124.0,-14.0,5.0,9.0,3.0,0.2994,0.2996,0.2923,0.2992,0.2923,239.9975,1
0,Blue,Team BDS,0.5585,Renekton,Volibear,Ahri,Kalista,Renata Glasc,0.5746,0.5267,0.3424,0.4689,0.6727,1.0,-1120.0,325.0,22.0,4.0,7.0,7.0,0.5877,0.5585,0.5585,0.5649,0.5585,1006.1735,0
0,Red,KOI,0.3684,Neeko,Xin Zhao,Annie,Smolder,Braum,0.6288,0.4393,0.497,0.5,0.5928,0.0,1120.0,-325.0,-22.0,7.0,13.0,4.0,0.3707,0.3694,0.3707,0.3707,0.3707,-591.172,1
0,Blue,Rogue,0.2703,Aatrox,Volibear,Orianna,Senna,Nautilus,0.4175,0.4766,0.4813,0.4059,0.3576,1.0,1779.0,680.0,-48.0,8.0,20.0,3.0,0.248,0.1935,0.1937,0.1937,0.5,-931.7345,1
0,Red,G2 Esports,0.8336,Rek'Sai,Ivern,Karma,Smolder,Rell,0.5,0.6812,0.4835,0.5,0.6225,0.0,-1779.0,-680.0,48.0,3.0,6.0,8.0,0.8336,0.8336,0.8336,0.8336,0.8336,-24.4802,0
0,Blue,Karmine Corp,0.5,Olaf,Jarvan IV,Karma,Zeri,Rakan,0.6409,0.4445,0.4374,0.6344,0.5944,0.0,321.0,-2043.0,-23.0,4.0,8.0,2.0,0.5,0.2798,0.5,0.266,0.2806,0.5164,0
0,Red,Team Heretics,0.5454,Gnar,Sejuani,Orianna,Yasuo,Senna,0.4802,0.1757,0.5307,0.7327,0.4625,1.0,-321.0,2043.0,23.0,2.0,6.0,4.0,0.5468,0.5455,0.5,0.55,0.649,-605.0262,1
0,Blue,Team Heretics,0.5888,Rek'Sai,Vi,Annie,Zeri,Nautilus,0.5,0.5878,0.5477,0.574,0.4188,0.0,36.0,55.0,-3.0,3.0,6.0,4.0,0.59,0.5888,0.5,0.5928,0.6824,-169.4535,0
0,Red,GiantX,0.3691,Jayce,Rell,Karma,Varus,Rakan,0.292,0.5632,0.3957,0.5137,0.5378,1.0,-36.0,-55.0,3.0,4.0,7.0,3.0,0.3661,0.3666,0.3691,0.3659,0.3691,-242.1889,1
0,Blue,Rogue,0.3398,Gragas,Viego,Karma,Kalista,Blitzcrank,0.4771,0.5196,0.4533,0.4242,0.4319,0.0,1509.0,2108.0,10.0,6.0,8.0,3.0,0.3196,0.2703,0.2705,0.2705,0.5,827.4945,1
0,Red,SK Gaming,0.3642,K'Sante,Xin Zhao,Hwei,Draven,Renata Glasc,0.3518,0.4927,0.5,0.7461,0.6086,1.0,-1509.0,-2108.0,-10.0,3.0,7.0,6.0,0.3642,0.3709,0.3671,0.3642,0.3642,1029.1081,0
0,Blue,Fnatic,0.6372,K'Sante,Volibear,Taliyah,Kai'Sa,Leona,0.3183,0.5264,0.7157,0.617,0.6418,0.0,-3365.0,227.0,43.0,3.0,4.0,8.0,0.6395,0.6372,0.6372,0.6374,0.6422,59.5339,0
0,Red,KOI,0.4286,Udyr,Rell,Ahri,Zeri,Renata Glasc,0.1948,0.6048,0.3098,0.5193,0.5506,1.0,3365.0,-227.0,-43.0,8.0,24.0,3.0,0.4321,0.4295,0.4321,0.4321,0.4321,254.2978,1
0,Blue,G2 Esports,0.7542,Zac,Viego,Ahri,Kalista,Leona,0.5,0.5653,0.3755,0.4791,0.5807,0.0,-2483.0,919.0,-9.0,3.0,5.0,8.0,0.7542,0.7542,0.7542,0.7542,0.7542,940.9482,0
0,Red,Team Vitality,0.4652,Jayce,Rell,Orianna,Xayah,Rakan,0.3594,0.6425,0.5754,0.4477,0.5818,1.0,2483.0,-919.0,9.0,8.0,12.0,3.0,0.4653,0.4786,0.4889,0.4756,0.4756,-706.2677,1
0,Blue,Karmine Corp,0.5,Jayce,Vi,Taliyah,Smolder,Braum,0.4204,0.5318,0.6475,0.5,0.6316,0.0,-4406.0,-2926.0,-29.0,2.0,3.0,8.0,0.5,0.2531,0.5,0.2407,0.2539,-239.8439,0
0,Red,Team BDS,0.5053,Olaf,Lee Sin,Neeko,Zeri,Rell,0.5798,0.3436,0.6645,0.5651,0.6765,1.0,4406.0,2926.0,29.0,8.0,11.0,2.0,0.5317,0.5053,0.5053,0.5079,0.5053,909.0051,1
0,Blue,Rogue,0.4027,K'Sante,Xin Zhao,Karma,Smolder,Nautilus,0.288,0.4458,0.5054,0.5,0.3789,0.0,1703.0,85.0,-3.0,2.0,3.0,0.0,0.3844,0.3398,0.34,0.34,0.5,148.283,0
0,Red,SK Gaming,0.3296,Gnar,Maokai,Jayce,Kai'Sa,Camille,0.5297,0.5538,0.3804,0.5583,0.5518,1.0,-1703.0,-85.0,3.0,0.0,0.0,2.0,0.3295,0.3328,0.3321,0.3295,0.3295,-677.3432,1
1,Blue,Team Vitality,0.5161,Rumble,Vi,Ahri,Yasuo,Senna,0.365,0.4811,0.3397,0.7605,0.5138,0.0,2398.0,1425.0,54.0,3.0,5.0,3.0,0.5162,0.5318,0.5376,0.5255,0.5255,-234.495,0
1,Red,SK Gaming,0.3934,K'Sante,Sejuani,Azir,Zeri,Rakan,0.2605,0.2542,0.6656,0.6065,0.6216,1.0,-2398.0,-1425.0,-54.0,3.0,3.0,3.0,0.3934,0.4009,0.3957,0.3934,0.3934,-163.2092,1
1,Blue,Team Vitality,0.4669,Jayce,Volibear,Orianna,Xayah,Zilean,0.4394,0.4763,0.6158,0.5003,0.5,0.0,-208.0,-1080.0,61.0,3.0,4.0,8.0,0.467,0.4779,0.4864,0.4755,0.4755,-175.0404,1
1,Red,SK Gaming,0.4512,Renekton,Sejuani,Azir,Zeri,Bard,0.5199,0.3253,0.6974,0.644,0.5,1.0,208.0,1080.0,-61.0,8.0,12.0,3.0,0.4512,0.4616,0.4533,0.4512,0.4512,184.8075,0
1,Blue,SK Gaming,0.4082,Rek'Sai,Maokai,Azir,Zeri,Camille,0.5,0.5963,0.631,0.5827,0.5946,0.0,-5051.0,-2599.0,-71.0,4.0,6.0,9.0,0.4082,0.4151,0.4101,0.4082,0.4082,-71.5136,0
1,Red,Team Vitality,0.5177,Twisted Fate,Sejuani,Jayce,Kai'Sa,Rakan,0.7574,0.2943,0.4928,0.6003,0.6577,1.0,5051.0,2599.0,71.0,9.0,14.0,4.0,0.5178,0.5305,0.5353,0.5254,0.5254,-439.7788,1
1,Blue,Fnatic,0.5765,K'Sante,Rell,Azir,Lucian,Nami,0.331,0.7073,0.5709,0.2987,0.2933,0.0,-137.0,-2999.0,-2.0,2.0,5.0,3.0,0.5786,0.5765,0.5765,0.5766,0.5782,-414.6028,1
1,Red,GiantX,0.4366,Twisted Fate,Sejuani,Akali,Zeri,Rakan,0.7805,0.3615,0.4102,0.5272,0.6903,1.0,137.0,2999.0,2.0,3.0,7.0,2.0,0.4265,0.4272,0.4366,0.4263,0.4366,413.2993,0
1,Blue,Fnatic,0.6168,Rek'Sai,Vi,Azir,Jinx,Tahm Kench,0.5,0.4353,0.6118,0.4308,0.2754,0.0,-1153.0,-1888.0,-5.0,3.0,5.0,4.0,0.6187,0.6168,0.6168,0.617,0.6201,-92.3594,1
1,Red,GiantX,0.3904,Twisted Fate,Sejuani,Yone,Zeri,Rell,0.7062,0.3271,0.6345,0.477,0.7352,1.0,1153.0,1888.0,5.0,4.0,10.0,3.0,0.3858,0.3863,0.3904,0.3857,0.3904,968.2589,0
1,Blue,Team Heretics,0.5326,K'Sante,Volibear,Orianna,Varus,Alistar,0.3947,0.5262,0.6524,0.56,0.5439,0.0,-2230.0,-1062.0,-52.0,2.0,2.0,3.0,0.5338,0.5327,0.5,0.5364,0.6175,-33.516,0
1,Red,Team BDS,0.5524,Twisted Fate,Jax,Karma,Zeri,Nautilus,0.6389,0.4424,0.4573,0.4315,0.3428,1.0,2230.0,1062.0,52.0,3.0,4.0,2.0,0.5763,0.5524,0.5524,0.5572,0.5524,958.2275,1
1,Blue,Team Heretics,0.4818,Rumble,Volibear,Orianna,Kalista,Alistar,0.3302,0.476,0.5903,0.4335,0.4921,1.0,-263.0,-944.0,-31.0,1.0,0.0,1.0,0.483,0.482,0.5,0.4853,0.5586,682.6522,0
1,Red,Team BDS,0.595,Olaf,Viego,Karma,Zeri,Nautilus,0.6198,0.5115,0.509,0.4857,0.4054,0.0,263.0,944.0,31.0,1.0,0.0,1.0,0.6166,0.5951,0.595,0.6014,0.595,1272.4305,1
1,Blue,G2 Esports,0.6824,Rek'Sai,Rell,Taliyah,Lucian,Nami,0.5,0.6652,0.5858,0.3655,0.3606,0.0,227.0,699.0,22.0,6.0,7.0,7.0,0.6824,0.6824,0.6824,0.6824,0.6824,-280.8538,1
1,Red,KOI,0.483,Udyr,Rengar,Ahri,Jinx,Rakan,0.2717,0.5,0.3074,0.485,0.6245,1.0,-227.0,-699.0,-22.0,7.0,18.0,6.0,0.4875,0.4838,0.4875,0.4875,0.4875,-477.7046,0
1,Blue,KOI,0.437,Varus,Ivern,Azir,Xayah,Rakan,0.5067,0.6136,0.6488,0.5479,0.5651,0.0,930.0,-684.0,-5.0,5.0,12.0,5.0,0.4401,0.4377,0.4401,0.4401,0.4401,-814.4064,0
1,Red,G2 Esports,0.7126,Twisted Fate,Volibear,Taliyah,Jinx,Nautilus,0.6733,0.4307,0.6253,0.4388,0.4621,1.0,-930.0,684.0,5.0,5.0,7.0,5.0,0.7126,0.7126,0.7126,0.7126,0.7126,549.8771,1
1,Blue,Team Vitality,0.5636,Twisted Fate,Maokai,Azir,Ezreal,Braum,0.7044,0.5395,0.587,0.4209,0.5714,1.0,2199.0,337.0,-12.0,5.0,8.0,1.0,0.5638,0.5776,0.5796,0.5706,0.5706,146.9514,1
1,Red,Team BDS,0.6336,Gnar,Vi,Syndra,Xayah,Nautilus,0.5745,0.4891,0.493,0.4957,0.5133,0.0,-2199.0,-337.0,12.0,1.0,0.0,5.0,0.6532,0.6336,0.6336,0.641,0.6336,33.2509,0
1,Blue,Team BDS,0.5733,Gragas,Vi,Azir,Zeri,Rell,0.5269,0.4425,0.6263,0.5347,0.6971,0.0,-296.0,1120.0,-25.0,5.0,7.0,8.0,0.5909,0.5733,0.5733,0.5776,0.5733,60.2331,1
1,Red,Team Vitality,0.6052,Jayce,Maokai,Tristana,Kai'Sa,Rakan,0.5411,0.5833,0.3117,0.6384,0.5112,1.0,296.0,-1120.0,25.0,8.0,9.0,5.0,0.6054,0.6197,0.6196,0.6115,0.6115,-291.0486,0
1,Blue,Team Vitality,0.5476,Aatrox,Volibear,Azir,Xayah,Nautilus,0.473,0.4849,0.6619,0.4485,0.4644,0.0,1626.0,2413.0,57.0,5.0,10.0,3.0,0.5477,0.5582,0.5606,0.5533,0.5533,-596.7641,0
1,Red,Team BDS,0.6139,Renekton,Maokai,Hwei,Zeri,Rakan,0.4703,0.5278,0.5,0.579,0.4625,1.0,-1626.0,-2413.0,-57.0,3.0,6.0,5.0,0.6299,0.6139,0.6139,0.6192,0.6139,-204.7539,1
1,Blue,Fnatic,0.6533,Aatrox,Xin Zhao,Orianna,Ashe,Rumble,0.4279,0.4034,0.5341,0.5569,0.2987,0.0,-1918.0,-1066.0,-6.0,4.0,4.0,9.0,0.655,0.6533,0.6533,0.6535,0.6576,169.1134,0
1,Red,G2 Esports,0.74,Renekton,Volibear,Aurelion Sol,Lucian,Nami,0.5208,0.4387,0.5,0.4259,0.4215,1.0,1918.0,1066.0,6.0,9.0,12.0,4.0,0.74,0.74,0.74,0.74,0.74,-78.9804,1
1,Blue,G2 Esports,0.7648,Rek'Sai,Volibear,Azir,Jinx,Thresh,0.5,0.4922,0.5989,0.4922,0.6008,1.0,2229.0,481.0,22.0,6.0,12.0,5.0,0.7648,0.7648,0.7648,0.7648,0.7648,-119.9991,1
1,Red,Fnatic,0.5911,Olaf,Jax,Corki,Zeri,Nautilus,0.6561,0.4955,0.3624,0.6191,0.4202,0.0,-2229.0,-481.0,-22.0,5.0,8.0,6.0,0.5926,0.5911,0.5911,0.5912,0.5928,827.3261,0
1,Blue,Team Heretics,0.4359,K'Sante,Vi,Azir,Jinx,Renata Glasc,0.3571,0.4956,0.6371,0.5406,0.5934,0.0,-3977.0,-2509.0,-59.0,1.0,0.0,5.0,0.437,0.4361,0.5,0.4391,0.5054,-183.034,0
1,Red,SK Gaming,0.3693,Gnar,Maokai,Aurelion Sol,Zeri,Rakan,0.5198,0.5728,0.5,0.5601,0.5137,1.0,3977.0,2509.0,59.0,5.0,12.0,1.0,0.3693,0.3735,0.3711,0.3693,0.3693,-309.1943,1
1,Blue,SK Gaming,0.4294,Renekton,Sejuani,Taliyah,Xayah,Rakan,0.5664,0.2959,0.661,0.4058,0.56,0.0,1526.0,55.0,63.0,1.0,2.0,2.0,0.4294,0.436,0.431,0.4294,0.4294,-556.1998,0
1,Red,Team Heretics,0.3943,Rek'Sai,Maokai,Azir,Zeri,Bard,0.5,0.6134,0.5764,0.602,0.5,1.0,-1526.0,-55.0,-63.0,2.0,4.0,1.0,0.3954,0.3945,0.5,0.3972,0.4573,-145.5017,1
1,Blue,SK Gaming,0.3885,Renekton,Maokai,Corki,Lucian,Nami,0.5125,0.6503,0.3278,0.4806,0.4766,1.0,-31.0,-857.0,9.0,1.0,3.0,4.0,0.3885,0.3927,0.3899,0.3885,0.3885,-114.4497,0
1,Red,Team Heretics,0.4521,K'Sante,Sejuani,Azir,Jinx,Milio,0.3231,0.2677,0.6167,0.4891,0.4598,0.0,31.0,857.0,-9.0,4.0,11.0,1.0,0.4529,0.4522,0.5,0.4547,0.509,-460.4189,1
1,Blue,GiantX,0.3496,Rek'Sai,Rell,Sylas,Jinx,Nautilus,0.5,0.7259,0.2731,0.5378,0.3802,1.0,2432.0,2973.0,20.0,5.0,12.0,1.0,0.3491,0.3494,0.3496,0.349,0.3496,-8.9034,1
1,Red,KOI,0.3954,Aatrox,Jarvan IV,Azir,Zeri,Rakan,0.3871,0.4021,0.6532,0.6399,0.5067,0.0,-2432.0,-2973.0,-20.0,1.0,4.0,5.0,0.3974,0.396,0.3974,0.3974,0.3974,-159.182,0
1,Blue,GiantX,0.417,Renekton,Maokai,Azir,Jinx,Rakan,0.4637,0.5883,0.591,0.5818,0.4584,0.0,-1407.0,-1841.0,20.0,1.0,0.0,4.0,0.4111,0.4116,0.417,0.411,0.417,-278.8056,0
1,Red,KOI,0.3577,Gnar,Sejuani,Ahri,Zeri,Nautilus,0.5655,0.3375,0.2781,0.579,0.4392,1.0,1407.0,1841.0,-20.0,4.0,6.0,1.0,0.3589,0.3583,0.3589,0.3589,0.3589,333.2692,1
1,Blue,KOI,0.4189,Twisted Fate,Rell,Ahri,Sivir,Braum,0.7326,0.752,0.3469,0.3383,0.6122,0.0,862.0,-1018.0,-27.0,2.0,5.0,3.0,0.4209,0.4194,0.4209,0.4209,0.4209,386.2968,1
1,Red,GiantX,0.3741,Jayce,Sejuani,Azir,Zeri,Alistar,0.4895,0.4006,0.5347,0.6191,0.4453,1.0,-862.0,1018.0,27.0,3.0,7.0,2.0,0.3719,0.3723,0.3741,0.3718,0.3741,405.1,0
1,Blue,Fnatic,0.5348,Udyr,Sejuani,Orianna,Jinx,Nautilus,0.2457,0.3624,0.4832,0.5264,0.4926,1.0,-2257.0,177.0,22.0,6.0,11.0,8.0,0.5362,0.5348,0.5348,0.5349,0.5346,-401.8589,0
1,Red,Team Heretics,0.5043,Rek'Sai,Jarvan IV,Ahri,Zeri,Renata Glasc,0.5,0.3638,0.4091,0.5601,0.5369,0.0,2257.0,-177.0,-22.0,8.0,15.0,6.0,0.505,0.5044,0.5,0.5066,0.5558,304.8858,1
1,Blue,Team Heretics,0.5515,Aatrox,Maokai,Azir,Jinx,Rakan,0.3502,0.5323,0.4838,0.4762,0.4148,0.0,-1436.0,-988.0,-28.0,2.0,5.0,4.0,0.5522,0.5516,0.5,0.5536,0.5981,-816.9517,0
1,Red,Fnatic,0.4839,K'Sante,Jarvan IV,Taliyah,Zeri,Alistar,0.3875,0.4244,0.598,0.602,0.4029,1.0,1436.0,988.0,28.0,4.0,9.0,2.0,0.4851,0.4839,0.4839,0.4839,0.4823,-535.3697,1
1,Blue,Fnatic,0.533,Zac,Xin Zhao,Aurelion Sol,Jinx,Rell,0.5,0.3649,0.5,0.4309,0.7756,0.0,3552.0,2146.0,72.0,3.0,6.0,0.0,0.5341,0.533,0.533,0.5331,0.5328,-203.8737,1
1,Red,Team Heretics,0.499,K'Sante,Sejuani,Azir,Varus,Alistar,0.4459,0.3279,0.4377,0.4584,0.4597,1.0,-3552.0,-2146.0,-72.0,0.0,0.0,3.0,0.4996,0.499,0.5,0.5009,0.5411,-886.3906,0
1,Blue,Team Vitality,0.4954,Twisted Fate,Rell,Sylas,Ezreal,Rakan,0.7581,0.797,0.3423,0.476,0.3753,1.0,-1495.0,-1922.0,-32.0,5.0,7.0,7.0,0.4955,0.503,0.5072,0.5006,0.5006,865.5515,1
1,Red,KOI,0.4742,Ahri,Nocturne,Azir,Xayah,Alistar,0.4653,0.3258,0.396,0.3671,0.4159,0.0,1495.0,1922.0,32.0,7.0,15.0,5.0,0.4768,0.4747,0.4768,0.4768,0.4768,-240.0521,0
1,Blue,Team Vitality,0.5435,Twisted Fate,Rell,Orianna,Senna,Tahm Kench,0.7811,0.8163,0.4372,0.4648,0.3445,1.0,-562.0,-279.0,-9.0,2.0,2.0,5.0,0.5435,0.552,0.5541,0.5481,0.5481,45.4676,1
1,Red,KOI,0.4291,Ahri,Jarvan IV,Azir,Xayah,Rakan,0.421,0.4792,0.3583,0.3322,0.4348,0.0,562.0,279.0,9.0,4.0,8.0,2.0,0.4308,0.4295,0.4308,0.4308,0.4308,-224.0948,0
1,Blue,G2 Esports,0.7872,Sion,Rell,Aurelion Sol,Jinx,Lulu,0.5719,0.8338,0.5,0.4851,0.466,0.0,-1265.0,-1407.0,-54.0,4.0,9.0,6.0,0.7872,0.7872,0.7872,0.7872,0.7872,-723.6705,1
1,Red,Team BDS,0.6507,Aatrox,Volibear,Azir,Varus,Ashe,0.3168,0.5406,0.3242,0.4148,0.5038,1.0,1265.0,1407.0,54.0,6.0,13.0,4.0,0.6652,0.6507,0.6507,0.6566,0.6507,-149.3329,0
1,Blue,Team BDS,0.5887,Gragas,Volibear,Azir,Lucian,Nami,0.5719,0.4891,0.2933,0.4348,0.4312,0.0,1292.0,350.0,19.0,7.0,10.0,5.0,0.6018,0.5887,0.5887,0.5923,0.5887,34.637,1
1,Red,G2 Esports,0.8074,K'Sante,Jax,Taliyah,Jinx,Nautilus,0.4034,0.4483,0.6363,0.5341,0.4457,1.0,-1292.0,-350.0,-19.0,5.0,9.0,7.0,0.8074,0.8074,0.8074,0.8074,0.8074,-893.4715,0
1,Blue,G2 Esports,0.7305,Zac,Rell,Aurelion Sol,Jinx,Lulu,0.5,0.8497,0.5,0.4833,0.5168,0.0,5775.0,3967.0,-5.0,12.0,23.0,1.0,0.7305,0.7305,0.7305,0.7305,0.7305,-323.5217,1
1,Red,Team BDS,0.6279,Aatrox,Volibear,Azir,Varus,Ashe,0.2866,0.5377,0.3606,0.3753,0.4558,1.0,-5775.0,-3967.0,5.0,1.0,1.0,12.0,0.6397,0.6279,0.6279,0.6321,0.6279,-129.3729,0
1,Blue,Team BDS,0.5681,Rumble,Volibear,Azir,Kai'Sa,Rakan,0.2702,0.4865,0.3263,0.5776,0.3934,0.0,226.0,874.0,18.0,5.0,8.0,5.0,0.5788,0.5681,0.5681,0.5705,0.5681,-73.1591,0
1,Red,G2 Esports,0.7562,Sion,Rek'Sai,Taliyah,Aphelios,Janna,0.6127,0.5,0.5757,0.3792,0.5,1.0,-226.0,-874.0,-18.0,5.0,11.0,5.0,0.7562,0.7562,0.7562,0.7562,0.7562,-872.1557,1
1,Blue,Fnatic,0.5775,K'Sante,Vi,Diana,Kalista,Ashe,0.365,0.4484,0.4629,0.3922,0.4123,0.0,-1435.0,-1668.0,23.0,7.0,10.0,11.0,0.5785,0.5775,0.5775,0.5776,0.5783,-87.3271,0
1,Red,Team Vitality,0.587,Malphite,Volibear,Ahri,Varus,Rumble,0.5226,0.4402,0.3809,0.3395,0.2444,1.0,1435.0,1668.0,-23.0,11.0,23.0,7.0,0.587,0.596,0.5966,0.5912,0.5912,-629.212,1
1,Blue,Fnatic,0.5225,Rek'Sai,Jax,Azir,Xayah,Blitzcrank,0.5,0.4056,0.2952,0.3005,0.4879,0.0,1873.0,2123.0,3.0,7.0,6.0,4.0,0.5234,0.5225,0.5225,0.5225,0.5221,-141.5132,1
1,Red,Team Vitality,0.6263,Jayce,Volibear,Taliyah,Varus,Rakan,0.4429,0.4935,0.6161,0.4024,0.3559,1.0,-1873.0,-2123.0,-3.0,4.0,9.0,7.0,0.6264,0.6355,0.635,0.6301,0.6301,-74.9721,0
1,Blue,Team Vitality,0.5666,Aatrox,Sejuani,Orianna,Senna,Tahm Kench,0.2593,0.2967,0.4908,0.5158,0.407,1.0,490.0,58.0,1.0,5.0,9.0,4.0,0.5667,0.5735,0.5745,0.5701,0.5701,-875.2011,0
1,Red,Fnatic,0.568,Zac,Vi,Ahri,Varus,Rakan,0.5,0.4057,0.4399,0.3641,0.322,0.0,-490.0,-58.0,-1.0,4.0,9.0,5.0,0.5688,0.568,0.568,0.568,0.5685,-499.6565,1
1,Blue,Fnatic,0.6091,Zac,Vi,Azir,Varus,Renata Glasc,0.5,0.4623,0.3623,0.4247,0.581,0.0,-1014.0,-275.0,-22.0,6.0,8.0,7.0,0.6099,0.6091,0.6091,0.6092,0.6103,-94.1003,1
1,Red,Team Vitality,0.5127,Renekton,Sejuani,Akali,Xayah,Rakan,0.4195,0.2684,0.3711,0.3671,0.3866,1.0,1014.0,275.0,22.0,7.0,11.0,6.0,0.5127,0.5176,0.5198,0.5158,0.5158,-189.4663,0
1,Blue,Team BDS,0.514,Yasuo,Sejuani,Taliyah,Xayah,Rakan,0.6822,0.2429,0.5574,0.3322,0.3498,1.0,1939.0,1626.0,42.0,5.0,8.0,3.0,0.5237,0.514,0.514,0.5151,0.514,-121.9541,1
1,Red,Fnatic,0.6463,Twisted Fate,Poppy,Azir,Zeri,Rell,0.8019,0.4516,0.4231,0.6399,0.864,0.0,-1939.0,-1626.0,-42.0,3.0,4.0,5.0,0.647,0.6463,0.6463,0.6464,0.648,882.5344,0
1,Blue,Team BDS,0.5603,Gragas,Xin Zhao,Taliyah,Xayah,Rakan,0.6127,0.4254,0.5996,0.3958,0.4117,1.0,5667.0,3272.0,14.0,7.0,17.0,0.0,0.569,0.5603,0.5603,0.5621,0.5603,-12.0933,1
1,Red,Fnatic,0.5848,K'Sante,Maokai,Azir,Zeri,Lulu,0.3302,0.4816,0.3828,0.579,0.5628,0.0,-5667.0,-3272.0,-14.0,0.0,0.0,7.0,0.5854,0.5848,0.5848,0.5848,0.5854,142.5724,0
1,Blue,Fnatic,0.5291,K'Sante,Volibear,Taliyah,Varus,Alistar,0.2988,0.4465,0.6377,0.4795,0.3763,0.0,1982.0,2285.0,42.0,8.0,21.0,4.0,0.5296,0.5291,0.5291,0.5291,0.529,-458.2344,1
1,Red,Team BDS,0.6021,Darius,Sejuani,Azir,Xayah,Rakan,0.7282,0.315,0.3463,0.4533,0.4677,1.0,-1982.0,-2285.0,-42.0,4.0,11.0,8.0,0.6101,0.6022,0.6021,0.6045,0.6021,194.4278,0
1,Blue,Team BDS,0.5448,Gragas,Xin Zhao,Azir,Ashe,Nautilus,0.6496,0.4801,0.3133,0.373,0.4032,1.0,-1297.0,-1524.0,9.0,6.0,8.0,8.0,0.552,0.5448,0.5448,0.5461,0.5448,-117.6815,0
1,Red,Fnatic,0.5739,K'Sante,Jax,Aurelion Sol,Kalista,Blitzcrank,0.3656,0.4622,0.5,0.3548,0.5382,0.0,1297.0,1524.0,-9.0,8.0,13.0,6.0,0.5745,0.5739,0.5739,0.574,0.5743,-247.6094,1
1,Blue,Fnatic,0.6145,Rek'Sai,Rell,Azir,Ezreal,Nautilus,0.5,0.7817,0.2835,0.5259,0.3648,1.0,456.0,818.0,25.0,4.0,6.0,5.0,0.615,0.6145,0.6145,0.6146,0.6153,281.3044,1
1,Red,Team BDS,0.4929,Zac,Xin Zhao,Taliyah,Xayah,Rakan,0.5,0.4344,0.6722,0.4102,0.4232,0.0,-456.0,-818.0,-25.0,5.0,8.0,4.0,0.4994,0.4929,0.4929,0.4934,0.4929,387.631,0
1,Blue,G2 Esports,0.7794,Sion,Rek'Sai,Veigar,Tristana,Lulu,0.6496,0.5,0.5,0.282,0.5092,0.0,100.0,181.0,-3.0,5.0,8.0,8.0,0.7794,0.7794,0.7794,0.7794,0.7794,-98.9086,0
1,Red,Fnatic,0.6512,Zac,Xin Zhao,Azir,Varus,Renata Glasc,0.5,0.393,0.3517,0.529,0.6209,1.0,-100.0,-181.0,3.0,8.0,19.0,5.0,0.6517,0.6512,0.6512,0.6513,0.6522,141.1171,1
1,Blue,G2 Esports,0.7052,Sion,Volibear,Azir,Jinx,Thresh,0.5877,0.4992,0.4135,0.5325,0.6388,1.0,437.0,-2346.0,-46.0,4.0,8.0,5.0,0.7052,0.7052,0.7052,0.7052,0.7052,-285.1392,1
1,Red,Fnatic,0.6844,K'Sante,Jax,Aurelion Sol,Kalista,Neeko,0.426,0.5134,0.5,0.4163,0.6968,0.0,-437.0,2346.0,46.0,5.0,8.0,4.0,0.6848,0.6844,0.6844,0.6845,0.6856,99.6107,0
1,Blue,Fnatic,0.6193,Zac,Poppy,Aurelion Sol,Varus,Renata Glasc,0.5,0.4086,0.5,0.5739,0.657,1.0,-1101.0,-434.0,-35.0,5.0,7.0,4.0,0.6196,0.6193,0.6193,0.6193,0.6199,-386.6776,0
1,Red,G2 Esports,0.7333,Twisted Fate,Rek'Sai,Azir,Kalista,Blitzcrank,0.7256,0.5,0.4693,0.3766,0.5834,0.0,1101.0,434.0,35.0,4.0,7.0,5.0,0.7333,0.7333,0.7333,0.7333,0.7333,795.5478,1
1,Blue,Fnatic,0.5603,K'Sante,Volibear,Azir,Varus,Rakan,0.3854,0.5469,0.5199,0.5192,0.3829,0.0,-607.0,247.0,1.0,8.0,9.0,9.0,0.5606,0.5603,0.5603,0.5603,0.5604,70.3677,0
1,Red,G2 Esports,0.7587,Zac,Rek'Sai,Taliyah,Jinx,Thresh,0.638,0.5,0.6082,0.577,0.6732,1.0,607.0,-247.0,-1.0,9.0,14.0,8.0,0.7587,0.7587,0.7587,0.7587,0.7587,-198.2461,1
0,Blue,Team Heretics,0.4514,K'Sante,Xin Zhao,Taliyah,Corki,Nautilus,0.3487,0.4508,0.6455,0.2965,0.4253,0.0,636.0,-143.0,-1.0,2.0,4.0,1.0,0.452,0.4515,0.5,0.4532,0.4896,282.0562,1
0,Red,GiantX,0.3359,Zac,Sejuani,Yone,Kalista,Rell,0.6773,0.285,0.5712,0.436,0.8025,1.0,-636.0,143.0,1.0,1.0,4.0,2.0,0.5,0.5,0.3359,0.3364,0.3359,-56.1877,0
0,Blue,SK Gaming,0.3515,Rumble,Poppy,Taliyah,Varus,Ashe,0.3165,0.3696,0.6793,0.4698,0.3375,1.0,-79.0,510.0,18.0,3.0,5.0,3.0,0.3515,0.3539,0.3528,0.5,0.5,-942.2898,1
0,Red,Rogue,0.3643,Udyr,Rek'Sai,Corki,Ziggs,Rell,0.2223,0.5,0.3637,0.5,0.7261,0.0,79.0,-510.0,-18.0,3.0,5.0,3.0,0.3478,0.3075,0.3076,0.3076,0.5,-127.3194,0
0,Blue,Team Vitality,0.4639,Renekton,Lillia,Orianna,Corki,Rell,0.3796,0.57,0.444,0.329,0.6569,0.0,1414.0,1623.0,85.0,1.0,0.0,2.0,0.4639,0.5,0.4703,0.4667,0.4667,792.539,0
0,Red,Team BDS,0.446,K'Sante,Viego,Taliyah,Senna,Nautilus,0.4107,0.558,0.7098,0.4667,0.4801,1.0,-1414.0,-1623.0,-85.0,2.0,4.0,1.0,0.4518,0.446,0.446,0.4458,0.446,-399.6443,1
0,Blue,KOI,0.3882,Twisted Fate,Zyra,Azir,Senna,Nautilus,0.7517,0.5,0.4704,0.5175,0.5296,1.0,1312.0,872.0,7.0,7.0,10.0,6.0,0.3893,0.3886,0.3893,0.3893,0.3893,86.5043,0
0,Red,G2 Esports,0.7817,Camille,Sejuani,Hwei,Varus,Taric,0.5379,0.2578,0.5,0.5203,0.5,0.0,-1312.0,-872.0,-7.0,6.0,12.0,7.0,0.7817,0.7817,0.7817,0.7817,0.7817,-650.108,1
0,Blue,Karmine Corp,0.5,Jax,Rek'Sai,Taliyah,Senna,Ornn,0.4645,0.5,0.7375,0.4682,0.41,0.0,1051.0,-1116.0,-40.0,7.0,16.0,4.0,0.5,0.5,0.5,0.2178,0.2297,-1700.6453,0
0,Red,Fnatic,0.5069,Poppy,Ivern,Hwei,Zeri,Nautilus,0.4297,0.5529,0.5,0.5238,0.4791,1.0,-1051.0,1116.0,40.0,4.0,11.0,7.0,0.5072,0.5069,0.5069,0.5069,0.5067,99.6194,1
0,Blue,Team BDS,0.4987,K'Sante,Karthus,Tristana,Jinx,Rell,0.4669,0.5,0.2551,0.6173,0.5943,0.0,1737.0,900.0,42.0,5.0,15.0,7.0,0.5041,0.4987,0.4987,0.4992,0.4987,189.5081,1
0,Red,Team Heretics,0.5037,Camille,Ivern,Taliyah,Varus,Nautilus,0.582,0.597,0.6672,0.566,0.5287,1.0,-1737.0,-900.0,-42.0,7.0,17.0,5.0,0.5042,0.5038,0.5,0.5052,0.5382,-566.6416,0
0,Blue,Rogue,0.3296,K'Sante,Viego,Azir,Ashe,Braum,0.5176,0.6001,0.4256,0.4006,0.6492,1.0,-3598.0,-328.0,-40.0,3.0,6.0,5.0,0.3147,0.2782,0.2783,0.2783,0.2764,186.7866,1
0,Red,Team Vitality,0.4197,Camille,Taliyah,Yone,Ziggs,Leona,0.5265,0.6037,0.5145,0.5,0.5254,0.0,3598.0,328.0,40.0,5.0,13.0,3.0,0.4197,0.5,0.4255,0.4222,0.4222,-109.5645,0
0,Blue,Karmine Corp,0.5,Gragas,Rek'Sai,Taliyah,Jinx,Alistar,0.5877,0.608,0.5462,0.6537,0.4357,0.0,-1501.0,-2071.0,-38.0,0.0,0.0,2.0,0.5,0.5,0.5,0.197,0.2078,-2.6347,1
0,Red,KOI,0.3512,K'Sante,Sejuani,LeBlanc,Ashe,Rell,0.5636,0.3285,0.6543,0.4577,0.633,1.0,1501.0,2071.0,38.0,2.0,1.0,0.0,0.3519,0.3516,0.3519,0.3519,0.3519,-367.2742,0
0,Blue,Fnatic,0.5539,Renekton,Ivern,Hwei,Corki,Rell,0.3434,0.5384,0.5,0.2976,0.5727,0.0,4009.0,967.0,51.0,2.0,3.0,2.0,0.5541,0.5539,0.5539,0.5539,0.554,166.1803,1
0,Red,GiantX,0.3019,Ornn,Vi,Varus,Senna,Nautilus,0.3709,0.5135,0.5121,0.4236,0.4784,1.0,-4009.0,-967.0,-51.0,2.0,2.0,2.0,0.5,0.5,0.3019,0.3044,0.3019,-1411.5484,0
0,Blue,G2 Esports,0.8024,K'Sante,Rek'Sai,Azir,Varus,Poppy,0.5099,0.6505,0.4803,0.4633,0.484,0.0,-3014.0,-2350.0,-6.0,4.0,5.0,9.0,0.8024,0.8025,0.8024,0.8024,0.8024,-320.0636,0
0,Red,SK Gaming,0.4133,Gnar,Sejuani,Hwei,Kalista,Renata Glasc,0.6069,0.2972,0.5,0.3945,0.5944,1.0,3014.0,2350.0,6.0,9.0,20.0,4.0,0.4133,0.4175,0.4144,0.5,0.5,234.8084,1
0,Blue,Fnatic,0.5964,Rumble,Xin Zhao,Galio,Aphelios,Nautilus,0.3816,0.5031,0.3206,0.4383,0.4328,0.0,-65.0,-1564.0,14.0,2.0,2.0,3.0,0.5966,0.5964,0.5964,0.5964,0.5967,-115.6405,1
0,Red,Team Vitality,0.3797,Kennen,Viego,LeBlanc,Senna,Ornn,0.5044,0.6382,0.592,0.3832,0.3356,1.0,65.0,1564.0,-14.0,3.0,6.0,2.0,0.3797,0.5,0.385,0.382,0.382,54.6617,0
0,Blue,GiantX,0.2715,Rumble,Vi,LeBlanc,Zeri,Rakan,0.4406,0.4646,0.5356,0.5692,0.3464,1.0,732.0,975.0,17.0,4.0,8.0,2.0,0.5,0.5,0.2715,0.2754,0.2715,1001.3822,0
0,Red,SK Gaming,0.4691,K'Sante,Sejuani,Azir,Lucian,Nami,0.4613,0.3642,0.4345,0.4887,0.4854,0.0,-732.0,-975.0,-17.0,2.0,5.0,4.0,0.4691,0.4747,0.4702,0.5,0.5,-250.3123,1
0,Blue,Team BDS,0.5465,Gragas,Taliyah,Tristana,Jinx,Rell,0.627,0.5894,0.3261,0.6867,0.6134,1.0,1086.0,676.0,14.0,5.0,11.0,3.0,0.5513,0.5465,0.5465,0.5473,0.5465,1.8741,1
0,Red,G2 Esports,0.726,Kennen,Vi,Hwei,Varus,Renata Glasc,0.456,0.4204,0.6362,0.4192,0.6331,0.0,-1086.0,-676.0,-14.0,3.0,4.0,5.0,0.726,0.726,0.726,0.726,0.726,825.2879,0
0,Blue,Rogue,0.3935,K'Sante,Rek'Sai,LeBlanc,Ashe,Braum,0.5126,0.5809,0.4846,0.4141,0.6826,1.0,667.0,1146.0,27.0,2.0,2.0,2.0,0.3799,0.3469,0.3471,0.3471,0.3549,-63.2968,0
0,Red,Karmine Corp,0.2807,Camille,Sejuani,Azir,Aphelios,Nautilus,0.4763,0.4247,0.4884,0.4918,0.4868,0.0,-667.0,-1146.0,-27.0,2.0,1.0,2.0,0.5,0.5,0.5,0.2735,0.2833,-633.3133,1
0,Blue,Team Heretics,0.4557,Rumble,Viego,Corki,Jhin,Nautilus,0.3986,0.5774,0.3646,0.4834,0.5357,0.0,-4755.0,-1778.0,-21.0,4.0,5.0,8.0,0.4562,0.4558,0.5,0.4571,0.4869,838.1272,0
0,Red,KOI,0.3178,Varus,Vi,Taliyah,Jinx,Braum,0.3792,0.3803,0.6285,0.7165,0.6176,1.0,4755.0,1778.0,21.0,8.0,11.0,4.0,0.3181,0.3181,0.3181,0.3181,0.3181,-128.9695,1
0,Blue,Team BDS,0.5897,Mordekaiser,Rumble,Varus,Jinx,Rell,0.5,0.3606,0.4384,0.7435,0.6502,0.0,672.0,957.0,28.0,3.0,3.0,4.0,0.594,0.5897,0.5897,0.5909,0.5897,341.2136,0
0,Red,SK Gaming,0.5197,Skarner,Maokai,Corki,Kai'Sa,Alistar,0.5,0.4357,0.3298,0.5226,0.4895,1.0,-672.0,-957.0,-28.0,4.0,8.0,3.0,0.5197,0.5262,0.5206,0.5,0.5,-173.4319,1
0,Blue,Fnatic,0.6348,Ornn,Vi,LeBlanc,Corki,Rell,0.3036,0.4393,0.4385,0.3937,0.5883,1.0,2202.0,3574.0,82.0,5.0,7.0,2.0,0.635,0.6348,0.6348,0.6348,0.6352,631.7439,1
0,Red,Rogue,0.356,Renekton,Nidalee,Azir,Senna,Nautilus,0.4059,0.4511,0.5371,0.3467,0.4847,0.0,-2202.0,-3574.0,-82.0,2.0,3.0,5.0,0.3438,0.3139,0.314,0.314,0.3169,-748.1431,0
0,Blue,KOI,0.3828,Gragas,Ivern,Corki,Zeri,Rell,0.6625,0.5836,0.4515,0.515,0.6275,0.0,-673.0,373.0,9.0,4.0,8.0,7.0,0.3835,0.3831,0.3835,0.3835,0.3835,549.7941,0
0,Red,Team Vitality,0.3435,Renekton,Sejuani,Tristana,Ezreal,Alistar,0.3673,0.4795,0.3902,0.5711,0.5381,1.0,673.0,-373.0,-9.0,7.0,8.0,4.0,0.3435,0.5,0.3483,0.3456,0.3456,320.413,1
0,Blue,Team Heretics,0.4123,Gragas,Maokai,Corki,Varus,Rell,0.5994,0.4895,0.4085,0.3966,0.5677,0.0,1138.0,399.0,-3.0,3.0,7.0,1.0,0.4127,0.4124,0.425,0.4136,0.4406,-157.9963,1
0,Red,Karmine Corp,0.3588,Aatrox,Ivern,Taliyah,Caitlyn,Nautilus,0.2346,0.5266,0.6639,0.2404,0.4385,1.0,-1138.0,-399.0,3.0,1.0,3.0,3.0,0.5,0.5,0.5,0.3427,0.3515,-313.8978,0
0,Blue,G2 Esports,0.6569,Skarner,Xin Zhao,Corki,Lucian,Nami,0.5,0.5505,0.4649,0.5374,0.5344,1.0,-1396.0,-529.0,-21.0,0.0,0.0,2.0,0.6569,0.6569,0.6569,0.6569,0.6569,932.2225,1
0,Red,GiantX,0.2443,Rumble,Maokai,Varus,Ashe,Lulu,0.3262,0.5381,0.4541,0.3747,0.4607,0.0,1396.0,529.0,21.0,2.0,3.0,0.0,0.5,0.5,0.2443,0.2492,0.2443,-503.7113,0
0,Blue,Team Vitality,0.4061,Renekton,Ivern,LeBlanc,Ezreal,Leona,0.4275,0.4753,0.4919,0.6119,0.4753,1.0,3749.0,1439.0,41.0,3.0,8.0,1.0,0.4061,0.5,0.4104,0.408,0.408,899.5548,1
0,Red,Team Heretics,0.4683,Poppy,Vi,Taliyah,Zeri,Rakan,0.4379,0.4927,0.6007,0.4659,0.3134,0.0,-3749.0,-1439.0,-41.0,1.0,2.0,3.0,0.4687,0.4683,0.4874,0.4694,0.4938,-94.3668,0
0,Blue,Rogue,0.3221,Gragas,Maokai,Corki,Caitlyn,Blitzcrank,0.6376,0.4869,0.5159,0.2171,0.6241,0.0,-1522.0,-1861.0,-47.0,3.0,4.0,3.0,0.311,0.284,0.2841,0.2841,0.2834,-183.7987,0
0,Red,G2 Esports,0.6896,K'Sante,Sejuani,Tristana,Ashe,Milio,0.4638,0.5291,0.4483,0.339,0.513,1.0,1522.0,1861.0,47.0,3.0,6.0,3.0,0.6896,0.6896,0.6896,0.6896,0.6896,-397.726,1
0,Blue,GiantX,0.2199,Poppy,Vi,Taliyah,Kai'Sa,Rell,0.3962,0.4458,0.5435,0.5681,0.6089,1.0,1580.0,1903.0,11.0,6.0,13.0,2.0,0.5,0.5,0.2199,0.2254,0.2199,-898.4076,1
0,Red,KOI,0.3463,K'Sante,Ivern,Azir,Jinx,Braum,0.5149,0.5263,0.486,0.6727,0.654,0.0,-1580.0,-1903.0,-11.0,2.0,5.0,6.0,0.3467,0.3466,0.3467,0.3467,0.3467,42.2466,0
0,Blue,SK Gaming,0.5654,Renekton,Maokai,Tristana,Ezreal,Braum,0.4821,0.4405,0.5009,0.6489,0.5917,1.0,-418.0,-1574.0,13.0,5.0,9.0,4.0,0.5654,0.5724,0.5663,0.5,0.5,459.6479,0
0,Red,Fnatic,0.6696,K'Sante,Xin Zhao,Hwei,Varus,Nautilus,0.4658,0.5933,0.5672,0.4108,0.3968,0.0,418.0,1574.0,-13.0,4.0,8.0,5.0,0.6698,0.6696,0.6696,0.6696,0.6701,327.0894,1
0,Blue,Karmine Corp,0.3204,Twisted Fate,Maokai,Tristana,Kai'Sa,Nautilus,0.6801,0.3985,0.4532,0.6092,0.4542,0.0,-2103.0,-2349.0,-40.0,3.0,8.0,3.0,0.5,0.5,0.5,0.31,0.3181,83.7926,0
0,Red,Team BDS,0.5335,Yasuo,Ivern,Azir,Zeri,Rell,0.7147,0.4752,0.4397,0.4215,0.6462,1.0,2103.0,2349.0,40.0,3.0,6.0,3.0,0.5374,0.5335,0.5335,0.5341,0.5335,-14.6186,1
0,Blue,Team BDS,0.5779,Renekton,Sejuani,Taliyah,Zeri,Rell,0.4362,0.5739,0.5869,0.4766,0.6799,0.0,2254.0,1143.0,20.0,4.0,7.0,1.0,0.5815,0.5779,0.5779,0.5788,0.5779,147.4455,1
0,Red,Rogue,0.2914,Ornn,Karthus,Tristana,Ezreal,Leona,0.37,0.5,0.41,0.5871,0.5253,1.0,-2254.0,-1143.0,-20.0,1.0,1.0,4.0,0.2814,0.2569,0.257,0.257,0.2537,-133.484,0
0,Blue,Team Heretics,0.4237,K'Sante,Karthus,Tristana,Kai'Sa,Nautilus,0.5167,0.5,0.371,0.5512,0.411,1.0,-3374.0,-2882.0,-23.0,4.0,11.0,11.0,0.424,0.4237,0.4352,0.4247,0.4468,-251.28,0
0,Red,SK Gaming,0.5116,Gnar,Sejuani,Azir,Zeri,Rell,0.6443,0.6145,0.493,0.5265,0.7103,0.0,3374.0,2882.0,23.0,11.0,33.0,4.0,0.5116,0.5167,0.5124,0.5,0.5,23.4895,1
0,Blue,Team Vitality,0.4626,Twisted Fate,Taliyah,Ezreal,Senna,Tahm Kench,0.6153,0.6263,0.5312,0.3137,0.3682,0.0,-154.0,-199.0,-7.0,5.0,5.0,6.0,0.4626,0.5,0.4665,0.4643,0.4643,-805.0493,0
0,Red,GiantX,0.2973,Malphite,Sejuani,Kai'Sa,Varus,Leona,0.5731,0.6512,0.4987,0.4669,0.4753,1.0,154.0,199.0,7.0,6.0,11.0,5.0,0.5,0.5,0.2973,0.2992,0.2973,-685.0009,1
0,Blue,G2 Esports,0.7191,Sejuani,Xin Zhao,Azir,Kai'Sa,Poppy,0.6844,0.632,0.5413,0.5464,0.4537,1.0,5001.0,2494.0,21.0,7.0,7.0,1.0,0.7191,0.7191,0.7191,0.7191,0.7191,-421.1703,1
0,Red,Karmine Corp,0.2865,Gnar,Maokai,Corki,Ezreal,Leona,0.6782,0.3606,0.4667,0.4806,0.5253,0.0,-5001.0,-2494.0,-21.0,1.0,1.0,7.0,0.5,0.5,0.5,0.2805,0.2878,338.1181,0
0,Blue,KOI,0.3133,Poppy,Sejuani,Corki,Kai'Sa,Alistar,0.5057,0.7145,0.4222,0.5896,0.5821,0.0,-1832.0,-890.0,-37.0,2.0,1.0,3.0,0.3135,0.3136,0.3135,0.3135,0.3135,-89.372,0
0,Red,Fnatic,0.7011,Olaf,Xin Zhao,Taliyah,Zeri,Leona,0.5935,0.6671,0.5666,0.5716,0.4752,1.0,1832.0,890.0,37.0,3.0,6.0,2.0,0.7012,0.7011,0.7011,0.7011,0.7017,739.5394,1
0,Blue,Rogue,0.2637,Renekton,Ivern,Azir,Ezreal,Nautilus,0.4899,0.5261,0.585,0.4348,0.3718,1.0,1240.0,-1236.0,-31.0,4.0,6.0,1.0,0.2546,0.2325,0.2326,0.2326,0.2274,193.0624,1
0,Red,Team Heretics,0.3833,Ornn,Karthus,Tristana,Varus,Rell,0.3347,0.5,0.3356,0.5177,0.7379,0.0,-1240.0,1236.0,31.0,1.0,4.0,4.0,0.3836,0.3834,0.3891,0.3843,0.4042,-196.5094,0
0,Blue,GiantX,0.3668,Gragas,Sejuani,Ezreal,Kai'Sa,Alistar,0.5768,0.6464,0.4886,0.5335,0.5266,1.0,-2235.0,-2246.0,-50.0,1.0,3.0,1.0,0.5,0.5,0.3668,0.366,0.3668,-552.0332,0
0,Red,Team BDS,0.6181,K'Sante,Taliyah,Corki,Jinx,Rell,0.4675,0.6079,0.382,0.6087,0.6676,0.0,2235.0,2246.0,50.0,1.0,1.0,1.0,0.6214,0.6181,0.6181,0.6192,0.6181,273.667,1
0,Blue,Fnatic,0.7295,Zac,Vi,Taliyah,Ezreal,Leona,0.6047,0.4986,0.6452,0.4421,0.5252,0.0,533.0,-689.0,21.0,9.0,12.0,8.0,0.7297,0.7295,0.7295,0.7295,0.7302,-290.5142,0
0,Red,G2 Esports,0.7459,Camille,Sejuani,Corki,Ashe,Renata Glasc,0.5262,0.5849,0.4409,0.4019,0.5728,1.0,-533.0,689.0,-21.0,8.0,10.0,9.0,0.7459,0.7459,0.7459,0.7459,0.7459,-93.9129,1
0,Blue,SK Gaming,0.5581,Skarner,Diana,Tristana,Kai'Sa,Rell,0.5,0.4176,0.3037,0.4827,0.6993,0.0,-2311.0,-349.0,-5.0,5.0,4.0,6.0,0.5581,0.5636,0.5588,0.5,0.5,-3.5087,1
0,Red,KOI,0.2835,Sejuani,Brand,Corki,Zeri,Leona,0.6244,0.5,0.4942,0.6124,0.4752,1.0,2311.0,349.0,5.0,6.0,13.0,5.0,0.2835,0.2837,0.2835,0.2835,0.2835,317.9876,0
0,Blue,Karmine Corp,0.2565,Skarner,Vi,Yone,Kai'Sa,Rell,0.5,0.4511,0.4636,0.5319,0.7279,0.0,-331.0,-840.0,-28.0,4.0,7.0,4.0,0.5,0.5,0.5,0.2538,0.2604,9.7204,1
0,Red,Team Vitality,0.4186,Aatrox,Sejuani,Tristana,Varus,Alistar,0.2122,0.5649,0.37,0.4684,0.4765,1.0,331.0,840.0,28.0,4.0,10.0,4.0,0.4186,0.5,0.4221,0.4201,0.4201,-386.4543,0
0,Blue,Fnatic,0.6601,Skarner,Brand,Varus,Ezreal,Rell,0.5,0.5,0.4238,0.4,0.7538,1.0,-2489.0,-2382.0,-29.0,1.0,1.0,6.0,0.6602,0.6601,0.6601,0.6601,0.6604,-41.2603,0
0,Red,Team Heretics,0.3468,Mordekaiser,Sejuani,Corki,Zeri,Alistar,0.5,0.5111,0.4471,0.5541,0.4311,0.0,2489.0,2382.0,29.0,6.0,3.0,1.0,0.3471,0.3469,0.3484,0.3477,0.3657,339.6029,1
0,Blue,Rogue,0.3338,Renekton,Ivern,Tristana,Ezreal,Leona,0.5384,0.5719,0.3347,0.3619,0.4299,0.0,2084.0,739.0,-4.0,1.0,1.0,1.0,0.3256,0.3056,0.3056,0.3056,0.3069,23.2785,0
0,Red,GiantX,0.3307,Gragas,Maokai,Kai'Sa,Jinx,Alistar,0.5219,0.3262,0.5765,0.6459,0.4853,1.0,-2084.0,-739.0,4.0,1.0,4.0,1.0,0.5,0.5,0.3307,0.3311,0.3307,-343.855,1
0,Blue,G2 Esports,0.7701,Gragas,Maokai,Corki,Ashe,Braum,0.5674,0.3904,0.4998,0.4589,0.5353,1.0,2824.0,1701.0,15.0,8.0,16.0,3.0,0.7701,0.7701,0.7701,0.7701,0.7701,-268.1309,1
0,Red,Team Vitality,0.3787,Renekton,Karthus,Yone,Varus,Alistar,0.4872,0.5,0.5165,0.3834,0.5343,0.0,-2824.0,-1701.0,-15.0,3.0,6.0,8.0,0.3787,0.5,0.3819,0.3801,0.3801,659.662,0
0,Blue,SK Gaming,0.6002,Gnar,Maokai,Taliyah,Lucian,Nami,0.6136,0.4485,0.5838,0.5814,0.5788,0.0,689.0,123.0,29.0,0.0,0.0,3.0,0.6002,0.606,0.6008,0.5,0.5,1.0755,1
0,Red,Karmine Corp,0.3336,K'Sante,Xin Zhao,Azir,Zeri,Yuumi,0.5182,0.6988,0.6245,0.5965,0.3168,1.0,-689.0,-123.0,-29.0,3.0,6.0,0.0,0.5,0.5,0.5,0.3249,0.3308,533.0049,0
0,Blue,KOI,0.2565,Renekton,Zyra,Corki,Kai'Sa,Leona,0.4408,0.5,0.5474,0.6168,0.389,1.0,-2258.0,-1394.0,-21.0,3.0,8.0,5.0,0.2563,0.2567,0.2563,0.2563,0.2563,1098.7348,0
0,Red,Team BDS,0.6545,Volibear,Taliyah,Lucian,Zeri,Rell,0.4948,0.6234,0.6213,0.5397,0.6821,0.0,2258.0,1394.0,21.0,5.0,10.0,3.0,0.6574,0.6545,0.6545,0.6557,0.6545,647.1213,1
0,Blue,Team Vitality,0.3426,K'Sante,Sejuani,Aurelion Sol,Kalista,Renata Glasc,0.4689,0.5577,0.5,0.4521,0.6135,1.0,-563.0,1083.0,-17.0,5.0,12.0,3.0,0.3426,0.5,0.3455,0.3439,0.3439,11.8142,0
0,Red,SK Gaming,0.6383,Camille,Xin Zhao,Azir,Kai'Sa,Leona,0.5714,0.6322,0.565,0.5581,0.3519,0.0,563.0,-1083.0,17.0,3.0,5.0,5.0,0.6383,0.6441,0.6388,0.5,0.5,272.8912,1
0,Blue,KOI,0.2321,Renekton,Viego,Taliyah,Zeri,Rell,0.3988,0.5224,0.6593,0.5836,0.7123,1.0,2179.0,1168.0,20.0,3.0,8.0,0.0,0.2318,0.2322,0.2318,0.2318,0.2318,931.1239,1
0,Red,Rogue,0.302,Kled,Sejuani,Corki,Kai'Sa,Nautilus,0.5,0.5046,0.4953,0.6002,0.4316,0.0,-2179.0,-1168.0,-20.0,0.0,0.0,3.0,0.2946,0.2765,0.2765,0.2765,0.2755,-126.8519,0
0,Blue,Team BDS,0.6874,Skarner,Viego,Taliyah,Jinx,Alistar,0.5,0.5679,0.6917,0.6797,0.4834,1.0,1238.0,-96.0,-9.0,3.0,4.0,2.0,0.69,0.6874,0.6874,0.6887,0.6874,550.2609,1
0,Red,Fnatic,0.5972,K'Sante,Ivern,Corki,Zeri,Leona,0.4242,0.5167,0.4481,0.6232,0.4137,0.0,-1238.0,96.0,9.0,2.0,4.0,3.0,0.5973,0.5972,0.5972,0.5972,0.5973,496.979,0
0,Blue,Team Heretics,0.409,K'Sante,Sejuani,Azir,Zeri,Rell,0.3838,0.4565,0.6065,0.5639,0.7397,0.0,-824.0,-1132.0,-66.0,5.0,6.0,2.0,0.4093,0.4091,0.416,0.4098,0.4262,37.3385,0
0,Red,G2 Esports,0.792,Dr. Mundo,Zyra,Corki,Caitlyn,Nautilus,0.2523,0.5,0.4054,0.196,0.3905,1.0,824.0,1132.0,66.0,2.0,3.0,5.0,0.792,0.792,0.792,0.792,0.792,-259.6112,1
0,Blue,GiantX,0.3964,Poppy,Sejuani,Sylas,Jinx,Rell,0.4576,0.413,0.405,0.7102,0.6693,0.0,-3711.0,-2091.0,-53.0,4.0,13.0,7.0,0.5,0.5,0.3964,0.3948,0.3964,-295.7849,0
0,Red,Karmine Corp,0.2993,Renekton,Vi,Azir,Zeri,Rakan,0.456,0.5034,0.5487,0.5102,0.2836,1.0,3711.0,2091.0,53.0,7.0,14.0,4.0,0.5,0.5,0.5,0.2939,0.2993,768.0131,1
0,Blue,KOI,0.3052,Skarner,Taliyah,Tristana,Kai'Sa,Rakan,0.5,0.7211,0.3029,0.543,0.3518,1.0,-229.0,1188.0,-2.0,5.0,8.0,3.0,0.3053,0.3054,0.3053,0.3053,0.3053,-525.7821,1
0,Red,Rogue,0.2732,Rumble,Maokai,Corki,Zeri,Blitzcrank,0.2951,0.501,0.462,0.5568,0.5633,0.0,229.0,-1188.0,2.0,3.0,3.0,5.0,0.2665,0.2501,0.2502,0.2502,0.2476,850.0404,0
0,Blue,KOI,0.3714,Twisted Fate,Viego,Taliyah,Kai'Sa,Rell,0.5567,0.6091,0.7477,0.5865,0.6055,1.0,2479.0,2013.0,49.0,6.0,10.0,5.0,0.3717,0.3715,0.3717,0.3717,0.3717,688.2703,1
0,Red,Team Vitality,0.31,Rumble,Sejuani,Corki,Jinx,Nautilus,0.267,0.3737,0.418,0.6425,0.4486,0.0,-2479.0,-2013.0,-49.0,5.0,10.0,6.0,0.31,0.5,0.3126,0.3112,0.3112,406.882,0
1,Blue,SK Gaming,0.6727,Gnar,Nidalee,Tristana,Zeri,Rell,0.6504,0.4022,0.3693,0.5038,0.6431,1.0,2138.0,2073.0,43.0,4.0,5.0,3.0,0.6727,0.6785,0.6732,0.5,0.5,769.4005,1
1,Red,Team Heretics,0.3701,Twisted Fate,Ivern,Varus,Smolder,Leona,0.599,0.4668,0.3469,0.5,0.3743,0.0,-2138.0,-2073.0,-43.0,3.0,8.0,4.0,0.3703,0.3701,0.3732,0.3708,0.3856,250.4827,0
1,Blue,Team Heretics,0.3348,Camille,Xin Zhao,Taliyah,Zeri,Braum,0.6122,0.6672,0.7717,0.551,0.5796,1.0,75.0,969.0,18.0,1.0,2.0,2.0,0.335,0.3349,0.3351,0.3355,0.3488,1041.7409,0
1,Red,SK Gaming,0.7039,Gnar,Vi,Ziggs,Kai'Sa,Rell,0.6837,0.5507,0.5,0.6259,0.6771,0.0,-75.0,-969.0,-18.0,2.0,2.0,1.0,0.7039,0.7096,0.7044,0.5,0.5,-10.6184,1
1,Blue,Team BDS,0.7172,Gnar,Taliyah,Corki,Twitch,Nautilus,0.7138,0.6982,0.3782,0.5,0.4059,0.0,242.0,-586.0,10.0,3.0,3.0,4.0,0.7196,0.7172,0.7172,0.7185,0.7172,481.9394,0
1,Red,KOI,0.4312,Camille,Zyra,Tristana,Zeri,Braum,0.5539,0.5,0.4293,0.4986,0.5244,1.0,-242.0,586.0,-10.0,4.0,8.0,3.0,0.4318,0.4314,0.4318,0.4318,0.4318,471.5336,1
1,Blue,Team BDS,0.6489,Renekton,Zyra,Corki,Aphelios,Rell,0.5078,0.5,0.3422,0.5402,0.7079,1.0,2357.0,2164.0,64.0,5.0,7.0,5.0,0.651,0.6489,0.6489,0.6497,0.6489,575.3334,1
1,Red,KOI,0.4854,Poppy,Taliyah,Tristana,Zeri,Braum,0.414,0.6317,0.4837,0.5463,0.5697,0.0,-2357.0,-2164.0,-64.0,5.0,10.0,5.0,0.4861,0.4855,0.4861,0.4861,0.4861,332.2099,0
1,Blue,Team BDS,0.6823,Renekton,Zyra,Corki,Jinx,Blitzcrank,0.5547,0.5,0.4048,0.5813,0.5085,0.0,-1595.0,-895.0,-7.0,3.0,4.0,4.0,0.6843,0.6823,0.6823,0.6832,0.6823,913.4927,1
1,Red,KOI,0.4392,K'Sante,Taliyah,Tristana,Zeri,Rakan,0.3473,0.5715,0.4376,0.4943,0.4135,1.0,1595.0,895.0,7.0,4.0,7.0,3.0,0.4396,0.4393,0.4396,0.4396,0.4396,81.5464,0
1,Blue,Fnatic,0.5403,K'Sante,Sejuani,Taliyah,Xayah,Rakan,0.3142,0.3381,0.5171,0.3711,0.3741,0.0,223.0,-233.0,21.0,2.0,4.0,4.0,0.5404,0.5403,0.5403,0.5403,0.5403,-303.6832,0
1,Red,GiantX,0.3576,Ornn,Amumu,Tristana,Kai'Sa,Alistar,0.3028,0.5,0.3959,0.6615,0.5326,1.0,-223.0,233.0,-21.0,4.0,8.0,2.0,0.5,0.5,0.3576,0.3572,0.3576,-676.901,1
1,Blue,Fnatic,0.4889,Olaf,Sejuani,Taliyah,Kai'Sa,Nautilus,0.6323,0.3059,0.4679,0.6938,0.3672,0.0,419.0,946.0,57.0,3.0,5.0,6.0,0.489,0.4889,0.4889,0.4889,0.4887,-444.8734,1
1,Red,GiantX,0.4203,Ornn,Amumu,Ezreal,Lucian,Nami,0.3692,0.5,0.3274,0.6573,0.6189,1.0,-419.0,-946.0,-57.0,6.0,11.0,3.0,0.5,0.5,0.4203,0.4184,0.4203,-405.0931,0
1,Blue,GiantX,0.3794,Ornn,Vi,Azir,Ezreal,Braum,0.3341,0.5935,0.5917,0.2963,0.5154,1.0,-3882.0,-2680.0,-32.0,2.0,4.0,6.0,0.5,0.5,0.3794,0.3786,0.3794,-194.0583,0
1,Red,Fnatic,0.5375,Poppy,Brand,Corki,Kai'Sa,Rell,0.3746,0.5,0.4615,0.7229,0.7357,0.0,3882.0,2680.0,32.0,6.0,13.0,2.0,0.5376,0.5375,0.5375,0.5375,0.5375,-335.3305,1
1,Blue,G2 Esports,0.8118,Renekton,Brand,Tristana,Varus,Leona,0.5971,0.5,0.4535,0.3139,0.3386,0.0,2686.0,1150.0,69.0,1.0,1.0,2.0,0.8118,0.8118,0.8118,0.8118,0.8118,188.5,1
1,Red,Karmine Corp,0.3708,Gragas,Sejuani,Yone,Kai'Sa,Rell,0.6086,0.372,0.4657,0.7493,0.7608,1.0,-2686.0,-1150.0,-69.0,2.0,3.0,1.0,0.5,0.5,0.5,0.3612,0.366,-960.6912,0
1,Blue,Karmine Corp,0.3332,Gnar,Sejuani,Yone,Kai'Sa,Braum,0.6459,0.3366,0.4202,0.678,0.4663,0.0,-2294.0,-1601.0,-76.0,2.0,3.0,2.0,0.5,0.5,0.5,0.3268,0.3312,-238.9066,0
1,Red,G2 Esports,0.8297,Renekton,Zyra,Ezreal,Xayah,Leona,0.6355,0.5,0.268,0.3357,0.4016,1.0,2294.0,1601.0,76.0,2.0,2.0,2.0,0.8297,0.8297,0.8297,0.8297,0.8297,521.7966,1
1,Blue,SK Gaming,0.7321,Renekton,Sejuani,Taliyah,Xayah,Rakan,0.6702,0.3045,0.5185,0.399,0.3385,0.0,686.0,-845.0,-16.0,6.0,6.0,5.0,0.7321,0.7376,0.7325,0.5,0.5,-0.1586,0
1,Red,Fnatic,0.5816,Ornn,Zyra,Tristana,Kai'Sa,Alistar,0.3023,0.5,0.5055,0.6134,0.5771,1.0,-686.0,845.0,16.0,5.0,5.0,6.0,0.5817,0.5816,0.5816,0.5816,0.5817,-983.3853,1
1,Blue,SK Gaming,0.6624,Renekton,Nidalee,Azir,Tristana,Alistar,0.6064,0.4662,0.5353,0.5526,0.6174,0.0,1920.0,1342.0,-4.0,3.0,5.0,1.0,0.6624,0.6665,0.6628,0.5,0.5,1083.2016,0
1,Red,Fnatic,0.6214,Jax,Sejuani,Taliyah,Kai'Sa,Rakan,0.4203,0.2755,0.4692,0.6502,0.3063,1.0,-1920.0,-1342.0,4.0,1.0,2.0,3.0,0.6215,0.6214,0.6214,0.6214,0.6216,-964.1335,1
1,Blue,G2 Esports,0.8459,Aatrox,Sejuani,Lucian,Caitlyn,Renata Glasc,0.192,0.3445,0.5947,0.2738,0.555,0.0,2518.0,1810.0,16.0,5.0,8.0,4.0,0.8459,0.8459,0.8459,0.8459,0.8459,-428.7076,1
1,Red,Team BDS,0.7126,Dr. Mundo,Viego,Taliyah,Zeri,Nautilus,0.3276,0.6463,0.5197,0.4472,0.4275,1.0,-2518.0,-1810.0,-16.0,4.0,7.0,5.0,0.7143,0.7126,0.7126,0.7135,0.7126,189.7957,0
1,Blue,G2 Esports,0.8606,Jayce,Maokai,Tristana,Ashe,Seraphine,0.4007,0.4533,0.5,0.5105,0.6276,1.0,1794.0,-796.0,-10.0,3.0,7.0,3.0,0.8606,0.8606,0.8606,0.8606,0.8606,-90.1476,1
1,Red,Team BDS,0.6447,Malphite,Zyra,Corki,Zeri,Alistar,0.6178,0.5,0.5128,0.4046,0.5586,0.0,-1794.0,796.0,10.0,3.0,1.0,4.0,0.6463,0.6447,0.6447,0.6453,0.6447,-290.7317,0
1,Blue,Team Heretics,0.3029,Aatrox,Brand,Corki,Aphelios,Leona,0.269,0.5,0.464,0.584,0.4586,1.0,2955.0,1161.0,41.0,3.0,5.0,2.0,0.3031,0.303,0.3011,0.3035,0.3156,321.5374,0
1,Red,GiantX,0.3425,Kennen,Maokai,Lucian,Kai'Sa,Alistar,0.4123,0.5053,0.6333,0.6835,0.5054,0.0,-2955.0,-1161.0,-41.0,2.0,1.0,3.0,0.5,0.5,0.3425,0.3425,0.3425,262.0242,1
1,Blue,Team Heretics,0.2741,Aatrox,Brand,Corki,Ashe,Braum,0.2434,0.5,0.4198,0.5571,0.4219,1.0,4788.0,3384.0,47.0,9.0,25.0,5.0,0.2743,0.2741,0.2708,0.2746,0.2856,684.9744,1
1,Red,GiantX,0.4063,Ornn,Diana,Yasuo,Kai'Sa,Rell,0.3687,0.4745,0.7436,0.7137,0.6884,0.0,-4788.0,-3384.0,-47.0,5.0,8.0,9.0,0.5,0.5,0.4063,0.4051,0.4063,-621.1198,0
1,Blue,GiantX,0.3669,Ornn,Morgana,Zeri,Ashe,Rell,0.3336,0.5,0.3661,0.5993,0.6228,0.0,-1458.0,-965.0,-44.0,1.0,1.0,2.0,0.5,0.5,0.3669,0.3666,0.3669,-444.8253,1
1,Red,Team Heretics,0.3432,Aatrox,Vi,Taliyah,Kai'Sa,Alistar,0.3155,0.5369,0.4702,0.6457,0.5525,1.0,1458.0,965.0,44.0,2.0,4.0,1.0,0.3434,0.3432,0.3439,0.3437,0.3536,-638.0015,0
1,Blue,Karmine Corp,0.2996,Renekton,Vi,Tristana,Kai'Sa,Nautilus,0.5486,0.4858,0.5476,0.5842,0.3868,1.0,-2798.0,-1072.0,-77.0,2.0,6.0,1.0,0.5,0.5,0.5,0.2957,0.2996,250.5521,1
1,Red,KOI,0.3973,Neeko,Sejuani,Corki,Zeri,Rell,0.6299,0.407,0.475,0.4265,0.6587,0.0,2798.0,1072.0,77.0,1.0,2.0,2.0,0.3977,0.3974,0.3977,0.3977,0.3977,-54.314,0
1,Blue,KOI,0.3595,Twisted Fate,Brand,Yone,Zeri,Rell,0.5419,0.5,0.3791,0.3858,0.596,0.0,368.0,-514.0,48.0,1.0,2.0,6.0,0.3597,0.3596,0.3597,0.3597,0.3597,555.7057,0
1,Red,Karmine Corp,0.3698,Camille,Sejuani,Azir,Kai'Sa,Rakan,0.5964,0.3682,0.4844,0.6238,0.3723,1.0,-368.0,514.0,-48.0,6.0,13.0,1.0,0.5,0.5,0.5,0.3627,0.3663,-606.6908,1
1,Blue,G2 Esports,0.8739,Jayce,Brand,Ezreal,Miss Fortune,Leona,0.4578,0.5,0.3378,0.5,0.4149,1.0,3177.0,395.0,29.0,4.0,5.0,2.0,0.8739,0.8739,0.8739,0.8739,0.8739,-14.841,1
1,Red,Fnatic,0.6575,Renekton,Zyra,Lucian,Jhin,Alistar,0.5916,0.5,0.6683,0.4373,0.4999,0.0,-3177.0,-395.0,-29.0,2.0,1.0,4.0,0.6576,0.6575,0.6575,0.6575,0.6577,-161.0415,0
1,Blue,Fnatic,0.5949,K'Sante,Sejuani,Azir,Ezreal,Bard,0.2843,0.4284,0.5335,0.4008,0.5,1.0,-2697.0,-2139.0,-72.0,3.0,4.0,5.0,0.5949,0.5949,0.5949,0.5949,0.5949,-177.7025,1
1,Red,G2 Esports,0.8859,Varus,Maokai,Lucian,Kai'Sa,Rakan,0.3792,0.5525,0.6046,0.6596,0.4321,0.0,2697.0,2139.0,72.0,5.0,7.0,3.0,0.8859,0.8859,0.8859,0.8859,0.8859,-507.3778,0
1,Blue,G2 Esports,0.8015,Renekton,Zyra,Ezreal,Jhin,Nautilus,0.5353,0.5,0.4579,0.3956,0.4452,1.0,-52.0,-435.0,25.0,4.0,7.0,7.0,0.8015,0.8015,0.8015,0.8015,0.8015,-718.5815,0
1,Red,Fnatic,0.6335,Ornn,Sejuani,Azir,Caitlyn,Rell,0.3971,0.4828,0.5779,0.3439,0.5392,0.0,52.0,435.0,-25.0,7.0,12.0,4.0,0.6335,0.6335,0.6335,0.6335,0.6336,-1400.557,1
1,Blue,G2 Esports,0.7252,Varus,Sejuani,Corki,Miss Fortune,Rell,0.3431,0.5321,0.4298,0.5,0.5831,1.0,3322.0,2178.0,52.0,9.0,9.0,5.0,0.7252,0.7252,0.7252,0.7252,0.7252,-131.9406,1
1,Red,Fnatic,0.6684,Renekton,Brand,Lucian,Kai'Sa,Leona,0.4843,0.5,0.547,0.5968,0.4706,0.0,-3322.0,-2178.0,-52.0,5.0,6.0,9.0,0.6684,0.6684,0.6684,0.6684,0.6685,265.4064,0
1,Blue,Fnatic,0.6047,Renekton,Nidalee,Corki,Jhin,Rell,0.4382,0.4169,0.4841,0.3578,0.6228,1.0,1888.0,1403.0,53.0,5.0,8.0,6.0,0.6048,0.6047,0.6047,0.6047,0.6048,-141.8891,1
1,Red,G2 Esports,0.7514,Twisted Fate,Sejuani,Lucian,Caitlyn,Braum,0.4903,0.5766,0.4949,0.4071,0.477,0.0,-1888.0,-1403.0,-53.0,6.0,8.0,5.0,0.7514,0.7514,0.7514,0.7514,0.7514,491.9047,0
1,Blue,Team BDS,0.5833,Rumble,Viego,Azir,Ashe,Braum,0.2416,0.5847,0.6181,0.6375,0.4316,1.0,845.0,1272.0,67.0,0.0,0.0,1.0,0.5848,0.5833,0.5833,0.5837,0.5833,939.5163,1
1,Red,GiantX,0.4281,Sion,Sejuani,Tristana,Ezreal,Alistar,0.627,0.5217,0.5907,0.4143,0.4523,0.0,-845.0,-1272.0,-67.0,1.0,3.0,0.0,0.5,0.5,0.4281,0.4269,0.4281,-897.5967,0
1,Blue,GiantX,0.3868,Ornn,Nidalee,Lucian,Ashe,Rell,0.4545,0.4779,0.4478,0.672,0.6588,1.0,2169.0,1502.0,21.0,3.0,9.0,1.0,0.5,0.5,0.3868,0.3862,0.3868,339.6312,1
1,Red,Team BDS,0.623,Olaf,Maokai,Azir,Ezreal,Rakan,0.6673,0.4998,0.6545,0.3748,0.391,0.0,-2169.0,-1502.0,-21.0,1.0,3.0,3.0,0.6243,0.623,0.623,0.6234,0.623,171.7685,0
1,Blue,Team BDS,0.5637,K'Sante,Taliyah,Tristana,Zeri,Maokai,0.3524,0.4254,0.5344,0.3491,0.4522,1.0,432.0,292.0,39.0,1.0,1.0,3.0,0.5648,0.5637,0.5637,0.5639,0.5637,-413.3102,1
1,Red,GiantX,0.4459,Poppy,Sejuani,Yone,Ashe,Rakan,0.4341,0.472,0.3422,0.7032,0.3537,0.0,-432.0,-292.0,-39.0,3.0,6.0,1.0,0.5,0.5,0.4459,0.4447,0.4459,-400.6246,0
1,Blue,SK Gaming,0.5993,Kennen,Sejuani,Corki,Miss Fortune,Rell,0.4686,0.4271,0.5332,0.5,0.6913,0.0,122.0,1089.0,14.0,3.0,1.0,1.0,0.5993,0.6024,0.5996,0.5,0.5,216.2735,0
1,Red,Karmine Corp,0.4327,Jayce,Maokai,Azir,Ezreal,Rakan,0.5094,0.5044,0.5921,0.3391,0.32,1.0,-122.0,-1089.0,-14.0,1.0,0.0,3.0,0.5,0.5,0.5,0.4234,0.4267,-363.3982,1
1,Blue,SK Gaming,0.5422,Renekton,Sejuani,Hwei,Ezreal,Rell,0.4917,0.3864,0.6135,0.4021,0.6254,1.0,3472.0,1580.0,52.0,6.0,9.0,3.0,0.5422,0.5445,0.5425,0.5,0.5,19.6732,1
1,Red,Karmine Corp,0.489,Ornn,Vi,Taliyah,Jinx,Rakan,0.5064,0.5348,0.4802,0.6212,0.3848,0.0,-3472.0,-1580.0,-52.0,3.0,5.0,6.0,0.5,0.5,0.5,0.4783,0.4813,-850.7436,0
1,Blue,Karmine Corp,0.4406,Jayce,Sejuani,Lucian,Zeri,Alistar,0.5562,0.4448,0.5004,0.4111,0.4092,0.0,-300.0,566.0,18.0,1.0,3.0,3.0,0.5,0.5,0.5,0.4328,0.4354,257.3751,1
1,Red,SK Gaming,0.5858,Renekton,Maokai,Ezreal,Kai'Sa,Leona,0.5401,0.5516,0.459,0.54,0.4258,1.0,300.0,-566.0,-18.0,3.0,8.0,1.0,0.5858,0.5883,0.5861,0.5,0.5,-388.8007,0
1,Blue,Team BDS,0.6052,K'Sante,Zyra,Lucian,Ashe,Nautilus,0.4141,0.5,0.548,0.6363,0.4028,1.0,246.0,2455.0,88.0,1.0,3.0,3.0,0.6063,0.6052,0.6052,0.6055,0.6052,256.5647,0
1,Red,Karmine Corp,0.4957,Twisted Fate,Maokai,Corki,Ezreal,Leona,0.4436,0.4991,0.4825,0.4153,0.3853,0.0,-246.0,-2455.0,-88.0,3.0,9.0,1.0,0.5,0.5,0.5,0.4868,0.4892,196.3399,1
1,Blue,Team BDS,0.5476,Dr. Mundo,Sejuani,Cassiopeia,Jinx,Rell,0.2948,0.4977,0.3723,0.562,0.6611,1.0,1328.0,795.0,-21.0,7.0,16.0,3.0,0.5485,0.5476,0.5476,0.5478,0.5476,-868.2403,1
1,Red,Karmine Corp,0.5453,Renekton,Brand,Corki,Zeri,Leona,0.4887,0.4935,0.5317,0.4672,0.4438,0.0,-1328.0,-795.0,21.0,3.0,6.0,7.0,0.5,0.5,0.5,0.5357,0.5379,1084.8499,0
1,Blue,Karmine Corp,0.4919,Gnar,Vi,Tristana,Zeri,Lulu,0.5843,0.4839,0.5788,0.4227,0.4168,1.0,3405.0,1272.0,38.0,3.0,6.0,1.0,0.5,0.5,0.5,0.4847,0.4866,337.2467,0
1,Red,Team BDS,0.5907,Malphite,Morgana,Corki,Kai'Sa,Alistar,0.5537,0.5,0.4811,0.4885,0.4655,0.0,-3405.0,-1272.0,-38.0,1.0,3.0,3.0,0.5915,0.5907,0.5907,0.5909,0.5907,-881.5719,1
1,Blue,Karmine Corp,0.4438,Kennen,Viego,Tristana,Zeri,Alistar,0.4237,0.6243,0.5236,0.3824,0.5164,0.0,3636.0,1178.0,32.0,3.0,4.0,0.0,0.5,0.5,0.5,0.4385,0.4403,723.2492,1
1,Red,Team BDS,0.6296,Sion,Brand,Corki,Kai'Sa,Nautilus,0.5672,0.44,0.5305,0.5373,0.3644,1.0,-3636.0,-1178.0,-32.0,0.0,0.0,3.0,0.6304,0.6296,0.6296,0.6299,0.6296,-537.3348,0
1,Blue,Team BDS,0.5697,Olaf,Sejuani,Lucian,Jinx,Rakan,0.6037,0.5455,0.4958,0.6038,0.3482,0.0,-9.0,336.0,-32.0,7.0,18.0,5.0,0.5704,0.5697,0.5697,0.5698,0.5697,701.554,1
1,Red,Karmine Corp,0.498,Akali,Viego,Corki,Zeri,Rell,0.3358,0.6601,0.48,0.4412,0.6934,1.0,9.0,-336.0,32.0,5.0,12.0,7.0,0.5348,0.5348,0.5348,0.492,0.4936,397.4926,0
1,Blue,G2 Esports,0.6798,Rumble,Maokai,Corki,Varus,Leona,0.3138,0.5468,0.4343,0.4057,0.4015,0.0,1428.0,81.0,0.0,5.0,9.0,5.0,0.6798,0.6798,0.6798,0.6798,0.6798,-77.5837,0
1,Red,Team BDS,0.6107,Ornn,Zyra,Lucian,Ashe,Braum,0.4582,0.5,0.5438,0.5757,0.4857,1.0,-1428.0,-81.0,0.0,5.0,13.0,5.0,0.6113,0.6107,0.6107,0.6109,0.6107,-212.5882,1
1,Blue,G2 Esports,0.6151,Ornn,Zyra,Corki,Miss Fortune,Nautilus,0.5098,0.5,0.3929,0.5,0.3297,0.0,-5113.0,-2869.0,-57.0,4.0,5.0,10.0,0.6151,0.6151,0.6151,0.6151,0.6151,-960.7266,1
1,Red,Team BDS,0.6477,Renekton,Taliyah,Lucian,Ashe,Alistar,0.4421,0.4344,0.5873,0.6161,0.5624,1.0,5113.0,2869.0,57.0,10.0,15.0,4.0,0.6483,0.6477,0.6477,0.648,0.6477,66.6281,0
1,Blue,G2 Esports,0.6517,Aatrox,Zyra,Corki,Miss Fortune,Nautilus,0.2854,0.5,0.4507,0.5,0.3935,1.0,-3090.0,-938.0,-19.0,0.0,0.0,3.0,0.6517,0.6517,0.6517,0.6517,0.6517,174.6725,1
1,Red,Team BDS,0.5861,Twisted Fate,Karthus,Lucian,Ashe,Alistar,0.4966,0.5,0.5313,0.5574,0.5089,0.0,3090.0,938.0,19.0,3.0,5.0,0.0,0.5866,0.5861,0.5861,0.5862,0.5861,530.2885,0
1,Blue,Team BDS,0.5302,K'Sante,Sejuani,Taliyah,Jinx,Rakan,0.3747,0.5888,0.3931,0.6415,0.4102,0.0,370.0,-163.0,-4.0,3.0,6.0,4.0,0.5307,0.5302,0.5302,0.5303,0.5302,-195.2065,0
1,Red,G2 Esports,0.6849,Dr. Mundo,Maokai,Azir,Miss Fortune,Leona,0.3651,0.4947,0.631,0.5,0.3633,1.0,-370.0,163.0,4.0,4.0,9.0,3.0,0.6849,0.6849,0.6849,0.6849,0.6849,-824.9256,1
1,Blue,Fnatic,0.6424,Renekton,Zyra,Lucian,Jhin,Rell,0.4,0.5,0.4807,0.4191,0.6273,0.0,2941.0,1353.0,38.0,6.0,9.0,4.0,0.6424,0.6424,0.6424,0.6424,0.6424,-305.3628,0
1,Red,G2 Esports,0.7149,Kennen,Sejuani,Corki,Ezreal,Poppy,0.4789,0.5327,0.5031,0.471,0.3928,1.0,-2941.0,-1353.0,-38.0,4.0,4.0,6.0,0.7149,0.7149,0.7149,0.7149,0.7149,470.8761,1
1,Blue,Fnatic,0.5812,Renekton,Zyra,Lucian,Ezreal,Leona,0.3619,0.5,0.4349,0.5214,0.4239,0.0,2952.0,2773.0,68.0,5.0,9.0,5.0,0.5812,0.5812,0.5812,0.5812,0.5812,629.8482,0
1,Red,G2 Esports,0.7421,Ornn,Brand,Corki,Jhin,Nautilus,0.5565,0.3929,0.5504,0.3791,0.4513,1.0,-2952.0,-2773.0,-68.0,5.0,10.0,5.0,0.7421,0.7421,0.7421,0.7421,0.7421,-1483.8024,1
1,Blue,Fnatic,0.5258,Renekton,Brand,Lucian,Ezreal,Leona,0.3274,0.4571,0.3935,0.4717,0.3836,0.0,6864.0,3097.0,72.0,14.0,12.0,6.0,0.5259,0.5258,0.5258,0.5258,0.5258,1049.844,0
1,Red,G2 Esports,0.7666,Ornn,Zyra,Corki,Kai'Sa,Nautilus,0.5987,0.5,0.5932,0.4861,0.5036,1.0,-6864.0,-3097.0,-72.0,6.0,9.0,14.0,0.7666,0.7666,0.7666,0.7666,0.7666,-1293.5384,1
1,Blue,Team BDS,0.4797,K'Sante,Morgana,Corki,Miss Fortune,Alistar,0.339,0.5,0.6319,0.5,0.4604,0.0,-1144.0,-2548.0,-23.0,2.0,4.0,4.0,0.4802,0.4797,0.4797,0.4798,0.4797,-52.5409,0
1,Red,Fnatic,0.4757,Kennen,Vi,Yone,Ezreal,Braum,0.5287,0.4378,0.3089,0.4268,0.5347,1.0,1144.0,2548.0,23.0,4.0,9.0,2.0,0.4758,0.4757,0.4757,0.4757,0.4757,686.2926,1
1,Blue,Fnatic,0.5257,K'Sante,Brand,Azir,Miss Fortune,Braum,0.3067,0.4092,0.6661,0.5,0.579,0.0,-312.0,711.0,57.0,3.0,4.0,6.0,0.5257,0.5257,0.5257,0.5257,0.5257,263.4534,1
1,Red,Team BDS,0.4341,Camille,Sejuani,Lucian,Ziggs,Leona,0.6349,0.5772,0.356,0.5,0.347,1.0,312.0,-711.0,-57.0,6.0,11.0,3.0,0.4344,0.4341,0.4341,0.434,0.4341,-15.3361,0
1,Blue,Fnatic,0.5709,Renekton,Nidalee,Yone,Kai'Sa,Rakan,0.2963,0.5321,0.376,0.535,0.3712,0.0,3462.0,1273.0,66.0,4.0,4.0,3.0,0.5709,0.5709,0.5709,0.5709,0.5709,1011.3917,1
1,Red,Team BDS,0.3927,Ornn,Lillia,Corki,Jhin,Alistar,0.637,0.5156,0.5718,0.4383,0.4166,1.0,-3462.0,-1273.0,-66.0,3.0,2.0,4.0,0.3931,0.3927,0.3927,0.3927,0.3927,-1732.7153,0
1,Blue,G2 Esports,0.7888,Kennen,Vi,Azir,Kalista,Rell,0.5738,0.4913,0.6979,0.4091,0.5676,1.0,4396.0,2960.0,41.0,7.0,15.0,1.0,0.7888,0.7888,0.7888,0.7888,0.7888,632.5891,1
1,Red,KOI,0.3253,Lulu,Maokai,Ezreal,Smolder,Alistar,0.3771,0.5428,0.4814,0.5,0.3769,0.0,-4396.0,-2960.0,-41.0,1.0,1.0,7.0,0.3254,0.3253,0.3254,0.3254,0.3254,-49.0607,0
1,Blue,G2 Esports,0.809,Kennen,Vi,Ahri,Kai'Sa,Rakan,0.6145,0.5398,0.4932,0.5793,0.4311,0.0,-3844.0,-1939.0,-79.0,4.0,5.0,5.0,0.809,0.809,0.809,0.809,0.809,6.9541,0
1,Red,KOI,0.2943,Corki,Morgana,Vex,Ezreal,Leona,0.5173,0.5,0.5,0.4355,0.314,1.0,3844.0,1939.0,79.0,5.0,7.0,4.0,0.2943,0.2944,0.2943,0.2943,0.2943,192.7998,1
1,Blue,G2 Esports,0.7319,Kennen,Vi,Annie,Draven,Rell,0.5558,0.4884,0.4928,0.6746,0.6088,0.0,-1082.0,-925.0,-32.0,6.0,7.0,7.0,0.7319,0.7319,0.7319,0.7319,0.7319,216.345,1
1,Red,KOI,0.3615,Zeri,Morgana,Galio,Ezreal,Nautilus,0.3992,0.5,0.3918,0.4893,0.5508,1.0,1082.0,925.0,32.0,7.0,14.0,6.0,0.3616,0.3616,0.3616,0.3616,0.3616,-137.5816,0
1,Blue,G2 Esports,0.7574,K'Sante,Nocturne,Orianna,Kai'Sa,Rell,0.3727,0.294,0.4017,0.5241,0.646,0.0,-3749.0,-2600.0,-39.0,2.0,3.0,9.0,0.7574,0.7574,0.7574,0.7574,0.7574,-390.8638,0
1,Red,KOI,0.3271,Smolder,Vi,Zeri,Ezreal,Braum,0.5,0.5371,0.3612,0.4427,0.6191,1.0,3749.0,2600.0,39.0,9.0,19.0,2.0,0.3271,0.3271,0.3271,0.3271,0.3271,567.5348,1
1,Blue,KOI,0.3912,Nidalee,Vi,Ahri,Zeri,Braum,0.5802,0.5812,0.4463,0.422,0.6554,0.0,-517.0,-89.0,-3.0,5.0,8.0,4.0,0.3913,0.3912,0.3913,0.3913,0.3913,1349.4558,1
1,Red,G2 Esports,0.6853,Irelia,Zyra,Azir,Draven,Rell,0.7167,0.5423,0.7267,0.7058,0.5845,1.0,517.0,89.0,3.0,4.0,9.0,5.0,0.6853,0.6853,0.6853,0.6853,0.6853,1085.2302,0
1,Blue,SK Gaming,0.53,Rumble,Nocturne,Lucian,Kai'Sa,Rell,0.2839,0.2654,0.3221,0.4742,0.5288,1.0,3821.0,1363.0,12.0,6.0,18.0,1.0,0.53,0.5318,0.5303,0.5,0.5,-111.1497,0
1,Red,Team BDS,0.3553,K'Sante,Maokai,Cassiopeia,Ezreal,Rakan,0.3372,0.4911,0.433,0.4958,0.39,0.0,-3821.0,-1363.0,-12.0,1.0,4.0,6.0,0.3556,0.3553,0.3553,0.3552,0.3553,-524.0497,1
1,Blue,Team BDS,0.4167,Cassiopeia,Sejuani,Corki,Ashe,Alistar,0.4877,0.5223,0.5633,0.5043,0.341,1.0,4027.0,1517.0,64.0,6.0,9.0,5.0,0.417,0.4167,0.4167,0.4167,0.4167,-291.017,1
1,Red,SK Gaming,0.4795,Rumble,Poppy,Smolder,Ezreal,Leona,0.2569,0.4506,0.5,0.5438,0.3793,0.0,-4027.0,-1517.0,-64.0,5.0,8.0,6.0,0.4795,0.4808,0.4798,0.5,0.5,628.671,0
1,Blue,Team BDS,0.4723,Kennen,Maokai,Lucian,Jinx,Alistar,0.5982,0.5396,0.2915,0.5804,0.4038,1.0,4471.0,4004.0,79.0,6.0,12.0,1.0,0.4725,0.4723,0.4723,0.4723,0.4723,-538.6131,1
1,Red,SK Gaming,0.4339,K'Sante,Sejuani,Azir,Zeri,Lulu,0.4003,0.5678,0.6575,0.4771,0.3412,0.0,-4471.0,-4004.0,-79.0,1.0,1.0,6.0,0.4339,0.4348,0.4341,0.5,0.5,-26.4872,0
1,Blue,G2 Esports,0.62,K'Sante,Ivern,Smolder,Ashe,Braum,0.3622,0.4219,0.5,0.5515,0.6882,1.0,6337.0,3358.0,49.0,5.0,10.0,0.0,0.62,0.62,0.62,0.62,0.62,42.9477,1
1,Red,GiantX,0.403,Poppy,Maokai,Zeri,Ezreal,Rell,0.4077,0.5834,0.4316,0.492,0.4785,0.0,-6337.0,-3358.0,-49.0,0.0,0.0,5.0,0.5,0.5,0.403,0.4023,0.403,-189.5445,0
1,Blue,G2 Esports,0.6562,Yone,Maokai,Corki,Ashe,Poppy,0.4364,0.5279,0.6049,0.5942,0.3689,0.0,4035.0,3082.0,85.0,4.0,6.0,3.0,0.6562,0.6562,0.6562,0.6562,0.6562,189.7217,1
1,Red,GiantX,0.3642,Ornn,Brand,Ezreal,Miss Fortune,Rell,0.5763,0.4705,0.4451,0.5,0.4329,1.0,-4035.0,-3082.0,-85.0,3.0,4.0,4.0,0.5,0.5,0.3642,0.364,0.3642,-1091.8121,0
1,Blue,G2 Esports,0.689,Galio,Ivern,Tristana,Zeri,Rell,0.3511,0.4775,0.569,0.3905,0.3917,0.0,5738.0,3753.0,90.0,6.0,8.0,2.0,0.689,0.689,0.689,0.689,0.689,-442.7871,1
1,Red,GiantX,0.3292,Rumble,Maokai,Kai'Sa,Smolder,Rakan,0.2324,0.5728,0.4291,0.5,0.4481,1.0,-5738.0,-3753.0,-90.0,2.0,6.0,6.0,0.3282,0.3282,0.3292,0.3293,0.3292,-565.9759,0
1,Blue,G2 Esports,0.7186,Renekton,Ivern,Zeri,Ashe,Nautilus,0.3633,0.5277,0.4486,0.6329,0.4984,0.0,1407.0,842.0,40.0,2.0,3.0,4.0,0.7186,0.7186,0.7186,0.7186,0.7186,1378.6381,0
1,Red,Team BDS,0.5225,Dr. Mundo,Maokai,Corki,Ezreal,Rakan,0.4281,0.5183,0.6425,0.4027,0.4054,1.0,-1407.0,-842.0,-40.0,4.0,4.0,2.0,0.5228,0.5225,0.5225,0.5226,0.5225,-562.2826,1
1,Blue,G2 Esports,0.6502,Aatrox,Brand,Zeri,Miss Fortune,Rell,0.3535,0.4221,0.4059,0.5,0.4496,1.0,652.0,1911.0,43.0,5.0,5.0,7.0,0.6502,0.6502,0.6502,0.6502,0.6502,317.1551,0
1,Red,Team BDS,0.568,Rumble,Sejuani,Corki,Ashe,Rakan,0.2103,0.5137,0.6765,0.5726,0.462,0.0,-652.0,-1911.0,-43.0,7.0,10.0,5.0,0.5682,0.568,0.568,0.568,0.568,728.9304,1
1,Blue,G2 Esports,0.5882,K'Sante,Ivern,Tristana,Ashe,Seraphine,0.423,0.477,0.6101,0.6133,0.6657,1.0,4500.0,1863.0,-10.0,8.0,20.0,1.0,0.5882,0.5882,0.5882,0.5882,0.5882,656.7115,1
1,Red,Team BDS,0.6091,Olaf,Sejuani,Corki,Ezreal,Braum,0.6415,0.56,0.7074,0.4596,0.7179,0.0,-4500.0,-1863.0,10.0,1.0,1.0,8.0,0.6093,0.6091,0.6091,0.6092,0.6091,779.1785,0
1,Blue,G2 Esports,0.6274,K'Sante,Zyra,Smolder,Ashe,Nautilus,0.4779,0.4834,0.3176,0.6501,0.4509,0.0,981.0,827.0,11.0,0.0,0.0,1.0,0.6274,0.6274,0.6274,0.6274,0.6274,-647.5605,1
1,Red,Team BDS,0.5511,Rumble,Maokai,Corki,Ezreal,Alistar,0.2855,0.5642,0.64,0.4159,0.4605,1.0,-981.0,-827.0,-11.0,1.0,0.0,0.0,0.5513,0.5511,0.5511,0.5512,0.5511,-733.9797,0
1,Blue,G2 Esports,0.6629,K'Sante,Brand,Tristana,Ashe,Nautilus,0.5276,0.379,0.6472,0.6835,0.5032,1.0,3581.0,3034.0,38.0,4.0,5.0,0.0,0.6629,0.6629,0.6629,0.6629,0.6629,811.2201,1
1,Red,Team BDS,0.4986,Dr. Mundo,Maokai,Cassiopeia,Ezreal,Rakan,0.4847,0.5104,0.5371,0.3763,0.5133,0.0,-3581.0,-3034.0,-38.0,0.0,0.0,4.0,0.4988,0.4986,0.4986,0.4987,0.4986,-1386.8716,0
1,Blue,KOI,0.4491,K'Sante,Maokai,Ezreal,Miss Fortune,Poppy,0.5726,0.4618,0.3404,0.4429,0.429,1.0,-255.0,-1465.0,-38.0,1.0,2.0,1.0,0.4494,0.4492,0.4494,0.4494,0.4494,-1070.0371,1
1,Red,Fnatic,0.6117,Rumble,Vi,Corki,Jhin,Rell,0.2583,0.6211,0.579,0.3965,0.4068,0.0,255.0,1465.0,38.0,1.0,3.0,1.0,0.6117,0.6117,0.6117,0.6117,0.6118,-761.659,0
1,Blue,KOI,0.5016,K'Sante,Vi,Zeri,Kai'Sa,Nautilus,0.6133,0.5619,0.3672,0.3882,0.5505,0.0,-3832.0,-2233.0,-17.0,2.0,4.0,7.0,0.5019,0.5017,0.5019,0.5019,0.5019,-644.1028,0
1,Red,Fnatic,0.5535,Poppy,Maokai,Corki,Ezreal,Leona,0.4834,0.5131,0.5239,0.4032,0.3432,1.0,3832.0,2233.0,17.0,7.0,13.0,2.0,0.5535,0.5535,0.5535,0.5535,0.5535,-756.0806,1
1,Blue,Fnatic,0.596,Gnar,Ivern,Taliyah,Miss Fortune,Leona,0.5287,0.5272,0.3556,0.5034,0.4057,0.0,-914.0,-896.0,11.0,3.0,5.0,6.0,0.596,0.596,0.596,0.596,0.596,784.731,1
1,Red,KOI,0.4538,Nidalee,Maokai,Tristana,Ashe,Rell,0.6231,0.5594,0.6808,0.7136,0.368,1.0,914.0,896.0,-11.0,6.0,5.0,3.0,0.454,0.4539,0.454,0.454,0.454,889.711,0
1,Blue,KOI,0.4106,Nidalee,Ivern,LeBlanc,Ezreal,Braum,0.5599,0.5726,0.5403,0.4601,0.6495,0.0,853.0,-726.0,-49.0,4.0,8.0,2.0,0.4107,0.4106,0.4107,0.4107,0.4107,1459.2475,1
1,Red,Fnatic,0.6345,K'Sante,Zyra,Tristana,Zeri,Rell,0.5549,0.5387,0.616,0.3322,0.333,1.0,-853.0,726.0,49.0,2.0,2.0,4.0,0.6345,0.6345,0.6345,0.6345,0.6345,69.7248,0
1,Blue,KOI,0.4667,Nidalee,Amumu,Tristana,Ezreal,Braum,0.6042,0.5,0.5573,0.5115,0.6829,1.0,1538.0,723.0,-1.0,4.0,8.0,2.0,0.4669,0.4668,0.4669,0.4669,0.4669,1229.855,0
1,Red,Fnatic,0.574,Kennen,Sejuani,Corki,Zeri,Rakan,0.6366,0.5067,0.5692,0.3006,0.4644,0.0,-1538.0,-723.0,1.0,2.0,3.0,4.0,0.5741,0.574,0.574,0.574,0.5741,7.0287,1
1,Blue,G2 Esports,0.695,Renekton,Gwen,Yasuo,Ashe,Rell,0.3287,0.4606,0.6687,0.6456,0.3013,1.0,-2066.0,315.0,13.0,1.0,2.0,3.0,0.695,0.695,0.695,0.695,0.695,1039.6796,0
1,Red,KOI,0.4223,Kennen,Maokai,Corki,Miss Fortune,Alistar,0.6713,0.5062,0.6103,0.5566,0.4167,0.0,2066.0,-315.0,-13.0,3.0,5.0,1.0,0.4224,0.4223,0.4224,0.4224,0.4224,-91.5186,1
1,Blue,G2 Esports,0.6288,K'Sante,Brand,Corki,Ashe,Rakan,0.5021,0.442,0.6474,0.5842,0.5154,1.0,2556.0,1181.0,11.0,4.0,5.0,3.0,0.6288,0.6288,0.6288,0.6288,0.6288,730.3574,1
1,Red,KOI,0.4773,Smolder,Ivern,Ezreal,Miss Fortune,Leona,0.3917,0.6135,0.4628,0.6035,0.4623,0.0,-2556.0,-1181.0,-11.0,3.0,2.0,4.0,0.4775,0.4773,0.4775,0.4775,0.4775,114.2355,0
1,Blue,G2 Esports,0.6642,K'Sante,Brand,Corki,Ashe,Rakan,0.5495,0.4982,0.681,0.6238,0.5616,0.0,-1437.0,-1485.0,-44.0,1.0,2.0,2.0,0.6642,0.6642,0.6642,0.6642,0.6642,906.9351,1
1,Red,KOI,0.4319,Smolder,Lillia,Yone,Miss Fortune,Leona,0.3497,0.4665,0.4909,0.5403,0.4183,1.0,1437.0,1485.0,44.0,2.0,4.0,1.0,0.432,0.4319,0.432,0.432,0.432,247.0576,0
1,Blue,G2 Esports,0.6962,Aatrox,Brand,Corki,Jhin,Leona,0.3198,0.5485,0.7113,0.3587,0.3785,0.0,1346.0,414.0,14.0,3.0,2.0,3.0,0.6962,0.6962,0.6962,0.6962,0.6962,52.2632,1
1,Red,KOI,0.3907,Gwen,Sejuani,Yone,Ashe,Braum,0.4168,0.5537,0.4435,0.6596,0.6179,1.0,-1346.0,-414.0,-14.0,3.0,5.0,3.0,0.3908,0.3907,0.3908,0.3908,0.3908,-60.1416,0
1,Blue,Fnatic,0.6146,Kennen,Sejuani,Smolder,Ezreal,Leona,0.7026,0.5009,0.3127,0.4187,0.4377,0.0,-1173.0,-1245.0,-24.0,3.0,5.0,3.0,0.6146,0.6146,0.6146,0.6146,0.6146,-859.0818,0
1,Red,G2 Esports,0.7251,Dr. Mundo,Zyra,Corki,Kalista,Rakan,0.4369,0.4817,0.7388,0.4654,0.6033,1.0,1173.0,1245.0,24.0,3.0,4.0,3.0,0.7251,0.7251,0.7251,0.7251,0.7251,710.426,1
1,Blue,Fnatic,0.5561,K'Sante,Ivern,Smolder,Ezreal,Rell,0.5924,0.5548,0.28,0.3788,0.2726,0.0,333.0,126.0,-14.0,4.0,10.0,2.0,0.5561,0.5561,0.5561,0.5561,0.5561,-878.0719,1
1,Red,G2 Esports,0.7513,Poppy,Gwen,Corki,Zeri,Rakan,0.5326,0.3771,0.7637,0.3672,0.6411,1.0,-333.0,-126.0,14.0,2.0,2.0,4.0,0.7513,0.7513,0.7513,0.7513,0.7513,340.5484,0
1,Blue,G2 Esports,0.6797,K'Sante,Brand,Azir,Kalista,Rell,0.6312,0.5935,0.5949,0.5163,0.3419,1.0,-42.0,-596.0,-17.0,5.0,8.0,7.0,0.6797,0.6797,0.6797,0.6797,0.6797,671.6144,1
1,Red,Fnatic,0.5984,Camille,Maokai,Corki,Varus,Leona,0.5744,0.5532,0.691,0.367,0.396,0.0,42.0,596.0,17.0,7.0,10.0,5.0,0.5984,0.5984,0.5984,0.5984,0.5984,-127.5692,0
1,Blue,G2 Esports,0.7102,K'Sante,Brand,Azir,Jhin,Rell,0.6663,0.6339,0.6335,0.4198,0.4045,1.0,-2068.0,1623.0,-4.0,3.0,5.0,3.0,0.7102,0.7102,0.7102,0.7102,0.7102,-710.5508,1
1,Red,Fnatic,0.5414,Renekton,Maokai,Corki,Ziggs,Leona,0.2974,0.5005,0.6252,0.5,0.3583,0.0,2068.0,-1623.0,4.0,3.0,4.0,3.0,0.5414,0.5414,0.5414,0.5414,0.5414,615.9629,0
0,Blue,Team Heretics,0.3105,K'Sante,Sejuani,Viktor,Zeri,Rell,0.6981,0.4532,0.5742,0.3322,0.4613,0.0,1229.0,113.0,1.0,1.0,1.0,0.0,0.5,0.4511,0.5,0.311,0.5,-920.4994,0
0,Red,Rogue,0.2472,Garen,Maokai,Orianna,Varus,Alistar,0.5,0.4528,0.3635,0.3321,0.4722,1.0,-1229.0,-113.0,-1.0,0.0,0.0,1.0,0.4513,0.2905,0.2264,0.298,0.3559,-652.9539,1
0,Blue,Team Vitality,0.2805,Jax,Ivern,Taliyah,Corki,Alistar,0.4755,0.5974,0.417,0.5656,0.5225,0.0,885.0,1390.0,-5.0,2.0,5.0,2.0,0.5,0.5,0.5,0.2815,0.2815,-173.2441,1
0,Red,Team BDS,0.4511,Renekton,Sejuani,Azir,Miss Fortune,Rell,0.2691,0.4101,0.6684,0.4842,0.4173,1.0,-885.0,-1390.0,5.0,2.0,3.0,2.0,0.3925,0.3562,0.4511,0.4511,0.5,963.634,0
0,Blue,GiantX,0.2976,Jax,Maokai,Viktor,Ezreal,Rell,0.5255,0.505,0.5195,0.438,0.3776,0.0,-950.0,-249.0,-10.0,3.0,5.0,2.0,0.5,0.4768,0.2976,0.4898,0.4898,-1156.6167,1
0,Red,SK Gaming,0.3925,Jayce,Xin Zhao,Galio,Jinx,Braum,0.5984,0.6037,0.4179,0.6204,0.559,1.0,950.0,249.0,10.0,2.0,4.0,3.0,0.4106,0.3931,0.5,0.5,0.5,559.0769,0
0,Blue,KOI,0.3535,K'Sante,Skarner,Azir,Varus,Rell,0.6316,0.5,0.6047,0.3957,0.4369,1.0,2325.0,1015.0,5.0,5.0,14.0,1.0,0.3535,0.3535,0.5,0.3535,0.3535,-472.8708,1
0,Red,Fnatic,0.4898,Jax,Ivern,Viktor,Miss Fortune,Alistar,0.5707,0.6359,0.5653,0.4344,0.568,0.0,-2325.0,-1015.0,-5.0,1.0,2.0,5.0,0.4898,0.4898,0.4898,0.4451,0.7378,336.4778,0
0,Blue,Karmine Corp,0.4496,Jayce,Sejuani,Viktor,Ezreal,Alistar,0.5414,0.371,0.5115,0.4915,0.5139,1.0,186.0,-1992.0,6.0,3.0,6.0,2.0,0.4768,0.7378,0.4768,0.5,0.4466,-594.3163,1
0,Red,G2 Esports,0.7378,Gragas,Wukong,Akali,Miss Fortune,Rell,0.5507,0.5116,0.3038,0.3901,0.4905,0.0,-186.0,1992.0,-6.0,2.0,2.0,3.0,0.7378,0.5,0.7378,0.7378,0.4511,-205.2422,0
0,Blue,Team Heretics,0.2809,Jax,Maokai,Viktor,Ezreal,Leona,0.5163,0.5521,0.558,0.5399,0.3241,0.0,2681.0,1864.0,-7.0,8.0,16.0,1.0,0.5,0.4082,0.5,0.2813,0.5,-1070.0157,1
0,Red,SK Gaming,0.3552,Jayce,Xin Zhao,Galio,Varus,Rell,0.5851,0.5462,0.3752,0.4532,0.4438,1.0,-2681.0,-1864.0,7.0,1.0,3.0,9.0,0.3715,0.3555,0.5,0.3557,0.5,299.514,0
0,Blue,Rogue,0.3189,Renekton,Sejuani,Azir,Corki,Leona,0.2434,0.4309,0.6424,0.607,0.3885,0.0,2256.0,-873.0,-53.0,8.0,16.0,3.0,0.5036,0.3581,0.3001,0.3648,0.4174,917.1406,0
0,Red,GiantX,0.365,Rumble,Vi,Yone,Kai'Sa,Rell,0.2337,0.5084,0.4007,0.3512,0.4015,1.0,-2256.0,873.0,53.0,3.0,3.0,8.0,0.5,0.5328,0.365,0.5384,0.5384,-357.3003,1
0,Blue,KOI,0.4151,K'Sante,Xin Zhao,Ahri,Kalista,Renata Glasc,0.6667,0.4942,0.499,0.5623,0.5974,1.0,633.0,1691.0,24.0,7.0,15.0,7.0,0.4151,0.4151,0.5,0.4151,0.4151,1027.9233,0
0,Red,Karmine Corp,0.503,Rumble,Maokai,Corki,Varus,Rell,0.3067,0.5948,0.5492,0.4101,0.4585,0.0,-633.0,-1691.0,-24.0,7.0,15.0,7.0,0.5328,0.7628,0.5328,0.5,0.4993,184.3133,1
0,Blue,G2 Esports,0.6676,Ambessa,Vi,Sylas,Kalista,Renata Glasc,0.5,0.5552,0.3664,0.5088,0.5405,0.0,3625.0,1344.0,38.0,3.0,5.0,0.0,0.6676,0.5,0.6676,0.6676,0.4082,927.2375,0
0,Red,Team BDS,0.4082,K'Sante,Sejuani,Orianna,Varus,Seraphine,0.6032,0.3899,0.4241,0.4663,0.6996,1.0,-3625.0,-1344.0,-38.0,0.0,0.0,3.0,0.3552,0.3218,0.4082,0.4082,0.5,-305.3431,1
0,Blue,Fnatic,0.4432,Rumble,Skarner,Yone,Ezreal,Rell,0.3727,0.5,0.4584,0.5838,0.5101,0.0,3646.0,2194.0,76.0,10.0,15.0,2.0,0.4432,0.4432,0.4432,0.4027,0.6676,-325.9227,1
0,Red,Team Vitality,0.349,Ambessa,Ivern,Azir,Corki,Leona,0.5,0.5751,0.5812,0.5921,0.3515,1.0,-3646.0,-2194.0,-76.0,2.0,4.0,10.0,0.5,0.5,0.5,0.3499,0.3499,645.9714,0
0,Blue,Team BDS,0.4645,K'Sante,Maokai,Hwei,Corki,Rell,0.641,0.6334,0.6544,0.5357,0.5567,0.0,-71.0,-843.0,-18.0,2.0,2.0,2.0,0.4166,0.3872,0.4645,0.4645,0.5,-14.4502,1
0,Red,Rogue,0.2885,Olaf,Sejuani,Cassiopeia,Kalista,Leona,0.5804,0.448,0.4854,0.4603,0.318,1.0,71.0,843.0,18.0,2.0,2.0,2.0,0.4556,0.324,0.2715,0.3301,0.3775,681.3201,0
0,Blue,Team Heretics,0.3494,Renekton,Ivern,Viktor,Corki,Leona,0.2203,0.5201,0.6001,0.5799,0.2877,0.0,-5112.0,-2647.0,-62.0,4.0,7.0,9.0,0.5,0.4645,0.5,0.3498,0.5,1197.2584,0
0,Red,Fnatic,0.4962,Jayce,Maokai,Hwei,Varus,Rell,0.5294,0.6683,0.6906,0.5171,0.599,1.0,5112.0,2647.0,62.0,9.0,21.0,4.0,0.4962,0.4962,0.4962,0.4596,0.6992,-47.9223,1
0,Blue,KOI,0.3756,K'Sante,Zyra,Yone,Corki,Rell,0.6752,0.536,0.5105,0.5247,0.6372,0.0,1493.0,857.0,39.0,2.0,4.0,3.0,0.3756,0.3756,0.5,0.3756,0.3756,-188.7879,1
0,Red,Team Vitality,0.3158,Ambessa,Vi,Ahri,Ezreal,Rakan,0.5,0.5023,0.4515,0.6234,0.58,1.0,-1493.0,-857.0,-39.0,3.0,8.0,3.0,0.5,0.5,0.5,0.3166,0.3166,132.2609,0
0,Blue,G2 Esports,0.604,Poppy,Xin Zhao,Viktor,Draven,Rell,0.4818,0.4471,0.5429,0.6383,0.6717,1.0,-1382.0,247.0,7.0,2.0,4.0,5.0,0.604,0.5,0.604,0.604,0.3693,834.3313,1
0,Red,SK Gaming,0.3213,K'Sante,Nidalee,Yone,Corki,Leona,0.7061,0.5437,0.5576,0.57,0.2603,0.0,1382.0,-247.0,-7.0,5.0,9.0,2.0,0.3361,0.3215,0.3703,0.3171,0.5,625.7224,0
0,Blue,GiantX,0.4259,K'Sante,Sejuani,Yone,Corki,Poppy,0.6389,0.4053,0.504,0.5157,0.5312,0.0,2459.0,2146.0,36.0,3.0,4.0,0.0,0.5,0.5823,0.4259,0.5824,0.5824,-355.8647,1
0,Red,Karmine Corp,0.5511,Ambessa,Vi,Taliyah,Varus,Renata Glasc,0.5,0.4545,0.4725,0.5631,0.489,1.0,-2459.0,-2146.0,-36.0,0.0,0.0,3.0,0.5823,0.7854,0.5823,0.5,0.547,62.2367,0
0,Blue,Rogue,0.2611,K'Sante,Xin Zhao,Orianna,Varus,Rell,0.6733,0.4998,0.479,0.5095,0.703,0.0,-1766.0,-2119.0,-36.0,3.0,5.0,3.0,0.4122,0.2931,0.2456,0.2987,0.3415,-354.8327,0
0,Red,Fnatic,0.5442,Ambessa,Vi,Corki,Kai'Sa,Galio,0.5,0.4112,0.5618,0.413,0.3372,1.0,1766.0,2119.0,36.0,3.0,3.0,3.0,0.5442,0.5442,0.5442,0.5111,0.7279,-834.236,1
0,Blue,Team BDS,0.5155,Renekton,Sejuani,Corki,Ezreal,Alistar,0.1993,0.462,0.6036,0.564,0.5602,0.0,1735.0,569.0,5.0,2.0,2.0,1.0,0.4721,0.4462,0.5155,0.5156,0.5,429.3083,0
0,Red,Team Heretics,0.3161,K'Sante,Zyra,Smolder,Varus,Rell,0.6091,0.5841,0.3547,0.4609,0.636,1.0,-1735.0,-569.0,-5.0,1.0,2.0,2.0,0.5,0.4203,0.5,0.3165,0.5,-557.9414,1
0,Blue,GiantX,0.4809,K'Sante,Sejuani,Akali,Ezreal,Poppy,0.6464,0.418,0.2749,0.5103,0.5758,1.0,1060.0,436.0,6.0,4.0,6.0,2.0,0.5,0.626,0.4809,0.6221,0.6221,-500.6883,0
0,Red,KOI,0.435,Ambessa,Vi,Taliyah,Corki,Braum,0.5,0.4673,0.4275,0.5461,0.5058,0.0,-1060.0,-436.0,-6.0,2.0,4.0,4.0,0.4351,0.435,0.5,0.4351,0.4351,196.6864,1
0,Blue,Team Vitality,0.2857,Rumble,Maokai,Corki,Jhin,Rell,0.4325,0.6999,0.5893,0.4751,0.6707,0.0,-139.0,-576.0,-15.0,0.0,0.0,1.0,0.5,0.5,0.5,0.2865,0.2865,-278.1374,0
0,Red,G2 Esports,0.6417,K'Sante,Brand,Smolder,Varus,Alistar,0.5848,0.6701,0.421,0.5123,0.5068,1.0,139.0,576.0,15.0,1.0,0.0,0.0,0.6417,0.5,0.6417,0.6417,0.4294,-338.5237,1
0,Blue,Karmine Corp,0.4978,Gragas,Zyra,Corki,Draven,Rell,0.4982,0.6269,0.5332,0.6729,0.6068,0.0,1745.0,-491.0,-14.0,6.0,17.0,5.0,0.5213,0.7106,0.5213,0.5,0.4949,601.4533,1
0,Red,SK Gaming,0.2907,Rumble,Sejuani,Yone,Kalista,Renata Glasc,0.3913,0.3782,0.5516,0.4165,0.4425,1.0,-1745.0,491.0,14.0,5.0,11.0,6.0,0.3041,0.2907,0.3301,0.2832,0.5,889.8177,0
0,Blue,GiantX,0.4348,K'Sante,Vi,Azir,Varus,Rell,0.6244,0.518,0.5258,0.5587,0.6443,1.0,1810.0,1716.0,-1.0,3.0,4.0,1.0,0.5,0.5611,0.4348,0.5629,0.5629,-236.981,1
0,Red,Team Heretics,0.3813,Ambessa,Xin Zhao,Viktor,Corki,Renata Glasc,0.5,0.4522,0.5865,0.5776,0.4003,0.0,-1810.0,-1716.0,1.0,1.0,0.0,3.0,0.5,0.4755,0.5,0.3816,0.5,446.836,0
0,Blue,SK Gaming,0.263,Jayce,Sejuani,Viktor,Ezreal,Elise,0.5742,0.3421,0.5306,0.4617,0.5,0.0,3036.0,520.0,-6.0,9.0,12.0,6.0,0.2751,0.2629,0.2948,0.2532,0.5,-73.8811,0
0,Red,Team Vitality,0.2585,Gragas,Wukong,Azir,Varus,Braum,0.546,0.4629,0.571,0.6008,0.5528,1.0,-3036.0,-520.0,6.0,6.0,7.0,9.0,0.5,0.5,0.5,0.2592,0.2592,-118.3911,1
0,Blue,Fnatic,0.5876,Jayce,Maokai,Azir,Ezreal,Leona,0.5195,0.6332,0.6118,0.4177,0.2355,0.0,-1297.0,-267.0,0.0,3.0,5.0,6.0,0.5876,0.5876,0.5876,0.5576,0.7538,129.1035,1
0,Red,G2 Esports,0.6758,Renekton,Xin Zhao,Sylas,Varus,Rakan,0.1803,0.4091,0.3315,0.6388,0.5248,1.0,1297.0,267.0,0.0,6.0,9.0,3.0,0.6758,0.5,0.6758,0.6758,0.4837,472.5146,0
0,Blue,Karmine Corp,0.5463,Jayce,Xin Zhao,Viktor,Draven,Leona,0.5653,0.3701,0.4801,0.7041,0.3084,1.0,2853.0,1375.0,56.0,7.0,7.0,6.0,0.5709,0.7382,0.5709,0.5,0.543,1045.1445,1
0,Red,Rogue,0.2362,Jax,Sejuani,Sylas,Kalista,Rell,0.5624,0.3096,0.2999,0.3768,0.6781,0.0,-2853.0,-1375.0,-56.0,6.0,11.0,7.0,0.3729,0.2652,0.2222,0.2702,0.3089,208.0504,0
0,Blue,Team BDS,0.4664,K'Sante,Sejuani,Viktor,Jinx,Rell,0.6601,0.2801,0.5296,0.5613,0.6136,0.0,-2084.0,-1998.0,-33.0,0.0,0.0,3.0,0.4272,0.4033,0.4664,0.4664,0.5,17.8765,0
0,Red,KOI,0.4888,Ambessa,Zyra,Yone,Ezreal,Leona,0.5,0.665,0.4987,0.4732,0.3742,1.0,2084.0,1998.0,33.0,3.0,7.0,0.0,0.4889,0.4888,0.5,0.4889,0.4889,-19.1577,1
0,Blue,Team Vitality,0.3291,K'Sante,Wukong,Viktor,Nilah,Rell,0.5973,0.5141,0.4792,0.5,0.5551,0.0,753.0,292.0,-29.0,2.0,3.0,0.0,0.5,0.5,0.5,0.3297,0.3297,-125.8994,1
0,Red,Rogue,0.2137,Ambessa,Vi,Galio,Varus,Rakan,0.5,0.5639,0.404,0.5779,0.4748,1.0,-753.0,-292.0,29.0,0.0,0.0,2.0,0.3374,0.24,0.2011,0.2445,0.2795,-190.8164,0
0,Blue,Fnatic,0.6269,Rumble,Vi,Smolder,Kalista,Rell,0.354,0.5102,0.4801,0.3409,0.5975,0.0,-1425.0,323.0,-7.0,3.0,7.0,8.0,0.6269,0.6269,0.6269,0.5998,0.7772,214.5715,1
0,Red,Team BDS,0.422,Renekton,Nidalee,Jayce,Varus,Braum,0.1631,0.4895,0.6067,0.5229,0.5954,1.0,1425.0,-323.0,7.0,8.0,14.0,3.0,0.3865,0.3646,0.422,0.422,0.5,1582.2842,0
0,Blue,G2 Esports,0.6115,K'Sante,Zyra,Corki,Miss Fortune,Nautilus,0.6356,0.699,0.5226,0.3505,0.4981,1.0,4979.0,2711.0,57.0,9.0,17.0,3.0,0.6115,0.5,0.6115,0.6115,0.4377,433.8905,1
0,Red,GiantX,0.4889,Jayce,Nidalee,Smolder,Varus,Leona,0.5489,0.4409,0.5329,0.4731,0.4338,0.0,-4979.0,-2711.0,-57.0,3.0,6.0,9.0,0.5,0.6062,0.4889,0.6045,0.6045,697.1842,0
0,Blue,Karmine Corp,0.5901,Gnar,Xin Zhao,Viktor,Ezreal,Leona,0.5736,0.4301,0.5288,0.5234,0.3925,0.0,2197.0,1276.0,59.0,5.0,12.0,3.0,0.6151,0.7631,0.6151,0.5,0.5865,248.6657,1
0,Red,Team Heretics,0.345,Jax,Sejuani,Hwei,Varus,Braum,0.5088,0.2534,0.7227,0.428,0.5387,1.0,-2197.0,-1276.0,-59.0,3.0,6.0,5.0,0.5,0.4302,0.5,0.3452,0.5,-59.0716,0
0,Blue,SK Gaming,0.238,Jax,Sejuani,Viktor,Ezreal,Rakan,0.4603,0.2293,0.5736,0.5688,0.4296,0.0,-2810.0,-945.0,11.0,1.0,0.0,6.0,0.2489,0.2378,0.2636,0.2267,0.5,-411.4814,0
0,Red,KOI,0.5375,Ambessa,Vi,Hwei,Corki,Nautilus,0.5,0.5569,0.6484,0.5681,0.5459,1.0,2810.0,945.0,-11.0,6.0,9.0,1.0,0.5376,0.5375,0.5,0.5376,0.5376,208.5057,1
0,Blue,SK Gaming,0.2153,K'Sante,Xin Zhao,Viktor,Ashe,Braum,0.6703,0.4844,0.519,0.5968,0.4874,1.0,-3446.0,-3924.0,-58.0,3.0,7.0,7.0,0.2252,0.2151,0.236,0.2032,0.5,9.1054,0
0,Red,Team BDS,0.3818,Rumble,Nidalee,Jayce,Varus,Rell,0.4156,0.3973,0.4966,0.3873,0.6358,0.0,3446.0,3924.0,58.0,7.0,9.0,3.0,0.3497,0.3295,0.3818,0.3818,0.5,467.4339,1
0,Blue,GiantX,0.4422,Jayce,Vi,Aurora,Ezreal,Alistar,0.5446,0.5991,0.5,0.5146,0.5538,0.0,-1586.0,-1620.0,-27.0,3.0,7.0,7.0,0.5,0.5443,0.4422,0.5469,0.5469,-145.7102,0
0,Red,Fnatic,0.6624,Ambessa,Maokai,Corki,Kai'Sa,Leona,0.5,0.6681,0.6092,0.4689,0.4504,1.0,1586.0,1620.0,27.0,7.0,12.0,3.0,0.6624,0.6624,0.6624,0.6379,0.7985,-480.5063,1
0,Blue,Rogue,0.1934,Jayce,Maokai,Galio,Corki,Braum,0.4927,0.6997,0.3635,0.6464,0.441,0.0,567.0,133.0,-21.0,5.0,7.0,2.0,0.3053,0.2171,0.1819,0.2212,0.2528,60.2088,0
0,Red,G2 Esports,0.6485,Cho'Gath,Vi,Ahri,Ezreal,Leona,0.5,0.542,0.4085,0.4656,0.5027,1.0,-567.0,-133.0,21.0,2.0,4.0,5.0,0.6485,0.5,0.6485,0.6485,0.4912,-113.7833,1
0,Blue,Team Heretics,0.3121,K'Sante,Lillia,Corki,Draven,Rell,0.6065,0.422,0.5849,0.7324,0.6705,1.0,353.0,1762.0,15.0,5.0,7.0,5.0,0.5,0.3893,0.5,0.3124,0.5,1347.7585,1
0,Red,KOI,0.5816,Ambessa,Nidalee,Jayce,Ezreal,Braum,0.5,0.4567,0.4458,0.5165,0.399,0.0,-353.0,-1762.0,-15.0,5.0,10.0,5.0,0.5816,0.5816,0.5,0.5816,0.5816,666.1313,0
0,Blue,Team Vitality,0.393,Jayce,Wukong,Viktor,Varus,Braum,0.4033,0.5604,0.4696,0.4456,0.361,0.0,4031.0,1403.0,35.0,6.0,11.0,1.0,0.5,0.5,0.5,0.3936,0.3936,147.5576,0
0,Red,Karmine Corp,0.6295,Ambessa,Sejuani,Corki,Kalista,Rell,0.5,0.2074,0.6244,0.4037,0.7019,1.0,-4031.0,-1403.0,-35.0,1.0,2.0,6.0,0.6544,0.7857,0.6544,0.5,0.6259,385.1486,1
0,Blue,Rogue,0.1749,Jayce,Sejuani,Azir,Varus,Rell,0.3649,0.2829,0.6488,0.4032,0.7303,0.0,-1050.0,-2086.0,-28.0,2.0,4.0,2.0,0.2762,0.1964,0.1646,0.2001,0.2287,-56.5012,0
0,Red,SK Gaming,0.1948,Ornn,Wukong,Orianna,Ezreal,Rakan,0.5214,0.507,0.4333,0.4673,0.3887,1.0,1050.0,2086.0,28.0,2.0,4.0,2.0,0.2037,0.1946,0.2115,0.1823,0.5,-1409.1337,1
0,Blue,Team BDS,0.4407,Rumble,Maokai,Ambessa,Varus,Leona,0.4712,0.6331,0.5,0.3648,0.5501,1.0,-2937.0,-2168.0,-6.0,1.0,3.0,5.0,0.4116,0.3939,0.4407,0.4407,0.5,191.808,0
0,Red,GiantX,0.3999,Renekton,Nocturne,Orianna,Kalista,Gragas,0.1476,0.2396,0.4873,0.4605,0.5892,0.0,2937.0,2168.0,6.0,5.0,11.0,1.0,0.5,0.4891,0.3999,0.4949,0.4948,210.4199,1
0,Blue,Fnatic,0.6946,Ambessa,Vi,Aurora,Kai'Sa,Rakan,0.5,0.5856,0.5,0.5195,0.4469,1.0,4671.0,3142.0,47.0,8.0,20.0,2.0,0.6946,0.6946,0.6946,0.6724,0.8176,-651.5007,1
0,Red,Karmine Corp,0.6652,Poppy,Xin Zhao,Azir,Ezreal,Leona,0.521,0.4383,0.587,0.518,0.4977,0.0,-4671.0,-3142.0,-47.0,2.0,8.0,8.0,0.6894,0.8061,0.6894,0.5,0.6615,-112.0767,0
0,Blue,Team Heretics,0.3776,Jayce,Taliyah,Smolder,Varus,Rell,0.3302,0.482,0.4792,0.33,0.6607,0.0,-1429.0,-805.0,-23.0,1.0,1.0,3.0,0.5,0.4474,0.5,0.3778,0.5,-471.4674,0
0,Red,Team Vitality,0.3556,Ambessa,Zyra,Yone,Corki,Rakan,0.5,0.7293,0.5468,0.6602,0.4996,1.0,1429.0,805.0,23.0,3.0,3.0,1.0,0.5,0.5,0.5,0.3561,0.3561,441.4534,1
0,Blue,G2 Esports,0.6819,Ornn,Wukong,Aurora,Ezreal,Leona,0.567,0.5539,0.5,0.4687,0.4503,0.0,-196.0,465.0,-32.0,5.0,7.0,3.0,0.6819,0.5,0.6819,0.6819,0.5397,-1156.1134,1
0,Red,KOI,0.5262,Gwen,Vi,Taliyah,Varus,Rakan,0.3412,0.6251,0.4361,0.2986,0.5472,1.0,196.0,-465.0,32.0,3.0,5.0,5.0,0.5262,0.5262,0.5,0.5262,0.5262,-313.7619,0
0,Blue,Team Vitality,0.4169,Jayce,Maokai,Azir,Ezreal,Rell,0.2987,0.5728,0.5311,0.5193,0.5978,0.0,1925.0,1090.0,13.0,4.0,7.0,4.0,0.5,0.5,0.5,0.4174,0.4174,-468.5271,1
0,Red,GiantX,0.4572,Sion,Zyra,Corki,Miss Fortune,Leona,0.5132,0.7564,0.6925,0.416,0.5026,1.0,-1925.0,-1090.0,-13.0,4.0,5.0,4.0,0.5,0.5406,0.4572,0.543,0.543,303.3705,0
0,Blue,KOI,0.4761,Jayce,Sejuani,Corki,Ziggs,Rell,0.3655,0.256,0.6266,0.5,0.6361,0.0,2992.0,227.0,11.0,10.0,20.0,6.0,0.4761,0.4761,0.5,0.4761,0.4761,-219.6499,1
0,Red,Rogue,0.1583,Sion,Xin Zhao,Viktor,Varus,Alistar,0.4643,0.3965,0.4249,0.2702,0.5011,1.0,-2992.0,-227.0,-11.0,6.0,7.0,10.0,0.2499,0.1777,0.1489,0.1811,0.2069,-917.9718,0
0,Blue,Karmine Corp,0.6013,Jayce,Nidalee,Yone,Kai'Sa,Leona,0.4259,0.4118,0.5902,0.5653,0.4548,0.0,-4.0,-1499.0,-10.0,3.0,5.0,4.0,0.6199,0.7293,0.6199,0.5,0.5985,368.5187,0
0,Red,Team BDS,0.3987,Ornn,Zyra,Aurora,Ezreal,Rell,0.6082,0.681,0.5,0.5651,0.6708,1.0,4.0,1499.0,10.0,4.0,3.0,3.0,0.3724,0.3561,0.3987,0.3987,0.5,-800.1099,1
0,Blue,G2 Esports,0.7122,Cho'Gath,Vi,Ahri,Ezreal,Leona,0.5,0.5656,0.4648,0.6065,0.4115,0.0,3148.0,2912.0,65.0,7.0,14.0,6.0,0.7122,0.5,0.7122,0.7122,0.5835,-120.3776,1
0,Red,Team Heretics,0.3417,Maokai,Wukong,Sylas,Corki,Rakan,0.6135,0.5964,0.2714,0.6622,0.4951,1.0,-3148.0,-2912.0,-65.0,6.0,11.0,7.0,0.5,0.4048,0.5,0.3419,0.5,43.6532,0
0,Blue,SK Gaming,0.2715,Ornn,Diana,Corki,Varus,Poppy,0.6455,0.4283,0.5991,0.2444,0.4714,0.0,-2577.0,-1823.0,-12.0,1.0,1.0,5.0,0.2796,0.2715,0.2926,0.2658,0.5,-776.0967,0
0,Red,Fnatic,0.7236,Gnar,Zyra,Yone,Ezreal,Rell,0.6142,0.7127,0.5337,0.644,0.7021,1.0,2577.0,1823.0,12.0,5.0,9.0,1.0,0.7236,0.7236,0.7236,0.7036,0.835,360.7996,1
1,Blue,Fnatic,0.75,Ambessa,Vi,Azir,Kai'Sa,Elise,0.5,0.6069,0.5758,0.5114,0.5017,0.0,2776.0,248.0,27.0,3.0,7.0,2.0,0.75,0.75,0.75,0.7318,0.8507,-168.715,1
1,Red,Team Heretics,0.3091,K'Sante,Wukong,Ahri,Ezreal,Leona,0.644,0.5396,0.5158,0.6779,0.4675,1.0,-2776.0,-248.0,-27.0,2.0,6.0,3.0,0.5,0.3663,0.5,0.3093,0.5,304.0761,0
1,Blue,Team Heretics,0.2797,Yasuo,Zyra,Yone,Corki,Alistar,0.6017,0.7411,0.5783,0.542,0.4533,0.0,-1060.0,-911.0,0.0,3.0,3.0,5.0,0.5,0.3314,0.5,0.2798,0.5,469.9508,0
1,Red,Fnatic,0.7738,Gnar,Maokai,Smolder,Varus,Rell,0.6509,0.5551,0.4311,0.2212,0.7305,1.0,1060.0,911.0,0.0,5.0,11.0,3.0,0.7738,0.7738,0.7738,0.7574,0.8649,-455.4792,1
1,Blue,G2 Esports,0.7396,Warwick,Pantheon,Azir,Kalista,Renata Glasc,0.5,0.5,0.6162,0.5119,0.3622,1.0,824.0,949.0,33.0,4.0,3.0,4.0,0.7396,0.5,0.7396,0.7396,0.6232,439.846,1
1,Red,GiantX,0.4136,Ambessa,Vi,Ahri,Varus,Neeko,0.5,0.6444,0.4667,0.2953,0.5694,0.0,-824.0,-949.0,-33.0,4.0,10.0,4.0,0.5,0.4864,0.4136,0.4913,0.4912,344.9656,0
1,Blue,GiantX,0.374,Jax,Skarner,Jayce,Mel,Galio,0.4165,0.7817,0.3854,0.5,0.3272,0.0,-2243.0,-1115.0,-46.0,2.0,3.0,3.0,0.5,0.4379,0.374,0.4445,0.4445,-661.651,0
1,Red,G2 Esports,0.7644,Maokai,Xin Zhao,Aurora,Sivir,Lulu,0.5974,0.3588,0.5,0.4013,0.3087,1.0,2243.0,1115.0,46.0,3.0,4.0,2.0,0.7644,0.5,0.7644,0.7644,0.6591,-514.343,1
1,Blue,KOI,0.526,K'Sante,Zyra,Azir,Kalista,Rell,0.5826,0.6681,0.6527,0.5584,0.7562,1.0,5710.0,823.0,37.0,9.0,20.0,3.0,0.526,0.526,0.5,0.526,0.526,754.0301,1
1,Red,Team BDS,0.456,Ambessa,Viego,Aurora,Corki,Rakan,0.5,0.5972,0.5,0.4904,0.448,0.0,-5710.0,-823.0,-37.0,3.0,7.0,9.0,0.4322,0.4178,0.456,0.456,0.5,345.3279,0
1,Blue,Team BDS,0.4126,Rumble,Maokai,Tristana,Varus,Renata Glasc,0.4263,0.6358,0.5042,0.2672,0.4229,0.0,3203.0,1455.0,-14.0,5.0,14.0,0.0,0.391,0.3778,0.4126,0.4126,0.5,186.4438,0
1,Red,KOI,0.5711,Karma,Sejuani,Yone,Ezreal,Nautilus,0.5558,0.3268,0.523,0.6133,0.5891,1.0,-3203.0,-1455.0,14.0,0.0,0.0,5.0,0.5712,0.5711,0.5,0.5712,0.5712,-547.2867,1
1,Blue,Karmine Corp,0.5435,Ambessa,Vi,Azir,Kalista,Braum,0.5,0.583,0.6858,0.6004,0.3266,0.0,4693.0,1767.0,8.0,6.0,9.0,1.0,0.5578,0.6598,0.5578,0.5,0.5415,765.2757,1
1,Red,Team Vitality,0.4725,K'Sante,Wukong,Hwei,Corki,Rell,0.6224,0.4882,0.6843,0.4437,0.7794,1.0,-4693.0,-1767.0,-8.0,1.0,0.0,6.0,0.5,0.5,0.5,0.4729,0.4729,349.4954,0
1,Blue,Team Vitality,0.4275,Jax,Sejuani,Viktor,Sivir,Rakan,0.3768,0.3909,0.3844,0.4584,0.4053,1.0,-3909.0,-1761.0,-26.0,3.0,4.0,8.0,0.5,0.4218,0.5,0.4279,0.4279,-1442.4165,0
1,Red,Karmine Corp,0.5873,Gnar,Zyra,Galio,Varus,Nautilus,0.6842,0.7007,0.2948,0.2418,0.6283,0.0,3909.0,1761.0,26.0,8.0,13.0,3.0,0.6019,0.6922,0.6019,0.5,0.5852,400.576,1
1,Blue,Fnatic,0.7953,K'Sante,Vi,Mel,Corki,Poppy,0.5631,0.6227,0.5,0.4014,0.4265,0.0,829.0,-36.0,-29.0,5.0,6.0,5.0,0.7953,0.7953,0.7953,0.7805,0.8778,-235.9516,0
1,Red,G2 Esports,0.7869,Swain,Pantheon,Aurora,Ezreal,Leona,0.5,0.5,0.5,0.6501,0.423,1.0,-829.0,36.0,29.0,5.0,5.0,5.0,0.7869,0.5,0.7869,0.7869,0.6915,-325.388,1
1,Blue,Fnatic,0.7196,Ambessa,Skarner,Ahri,Jinx,Rell,0.5569,0.6969,0.4222,0.5078,0.7052,1.0,-210.0,197.0,-11.0,4.0,10.0,4.0,0.7196,0.7196,0.7196,0.7061,0.7942,140.2776,0
1,Red,G2 Esports,0.8072,Warwick,Maokai,Azir,Sivir,Lulu,0.5,0.5752,0.7157,0.4147,0.3746,0.0,210.0,-197.0,11.0,4.0,9.0,4.0,0.8072,0.5,0.8072,0.8072,0.7209,-172.6413,1
1,Blue,Karmine Corp,0.6269,Ambessa,Maokai,Taliyah,Ezreal,Poppy,0.4965,0.6157,0.3946,0.6835,0.3859,1.0,1926.0,1639.0,11.0,3.0,3.0,0.0,0.6414,0.7215,0.6414,0.5,0.6247,-760.6554,1
1,Red,KOI,0.612,K'Sante,Vi,Aurora,Kai'Sa,Braum,0.5095,0.5634,0.5,0.558,0.3907,0.0,-1926.0,-1639.0,-11.0,0.0,0.0,3.0,0.612,0.612,0.5,0.612,0.612,98.8673,0
1,Blue,KOI,0.5537,Karma,Lee Sin,Azir,Xayah,Rakan,0.5981,0.4061,0.7428,0.361,0.3667,0.0,1780.0,-402.0,6.0,2.0,5.0,1.0,0.5537,0.5537,0.5,0.5537,0.5537,414.8423,0
1,Red,Karmine Corp,0.6626,Jayce,Wukong,Viktor,Kalista,Renata Glasc,0.3487,0.4417,0.3478,0.6385,0.3826,1.0,-1780.0,402.0,-6.0,1.0,3.0,2.0,0.6769,0.7481,0.6769,0.5,0.6604,479.7886,1
1,Blue,Team Vitality,0.3868,K'Sante,Vi,Azir,Ezreal,Leona,0.461,0.5098,0.6721,0.7136,0.4779,0.0,-1498.0,-500.0,-14.0,2.0,3.0,5.0,0.5,0.376,0.5,0.3871,0.3871,-110.2524,0
1,Red,Team BDS,0.3733,Ambessa,Sejuani,Viktor,Corki,Rakan,0.5504,0.3537,0.4099,0.3632,0.3318,1.0,1498.0,500.0,14.0,5.0,11.0,2.0,0.3538,0.3416,0.3733,0.3733,0.5,-922.368,1
1,Blue,Team Vitality,0.3499,Gragas,Wukong,Ahri,Zeri,Lulu,0.6284,0.4949,0.382,0.3006,0.4341,0.0,-3168.0,-1747.0,6.0,2.0,6.0,8.0,0.5,0.3358,0.5,0.3502,0.3502,-308.9598,1
1,Red,Team BDS,0.433,Sion,Xin Zhao,Orianna,Varus,Rell,0.4201,0.4198,0.5361,0.314,0.638,1.0,3168.0,1747.0,-6.0,8.0,15.0,2.0,0.4153,0.4046,0.433,0.433,0.5,-621.3222,0
1,Blue,Team BDS,0.3917,Rumble,Maokai,Jayce,Sivir,Blitzcrank,0.3857,0.6523,0.4107,0.4705,0.5562,0.0,1154.0,139.0,-21.0,3.0,7.0,2.0,0.3758,0.3659,0.3917,0.3917,0.5,-450.1348,1
1,Red,Team Vitality,0.4118,Gnar,Ivern,Mel,Kai'Sa,Nautilus,0.7143,0.4704,0.5,0.5048,0.6637,1.0,-1154.0,-139.0,21.0,2.0,3.0,3.0,0.5,0.4061,0.5,0.4121,0.4121,149.2709,0
1,Blue,GiantX,0.3383,K'Sante,Vi,Taliyah,Kai'Sa,Poppy,0.4171,0.4612,0.4522,0.4567,0.4444,0.0,1135.0,1710.0,28.0,2.0,4.0,0.0,0.5,0.3945,0.3383,0.4021,0.4021,-410.0219,1
1,Red,Team Heretics,0.253,Ambessa,Pantheon,Azir,Ezreal,Elise,0.598,0.5,0.6081,0.6456,0.5557,1.0,-1135.0,-1710.0,-28.0,0.0,0.0,2.0,0.5,0.2998,0.5,0.2532,0.5,70.3339,0
1,Blue,Team Heretics,0.2289,Camille,Maokai,Tristana,Varus,Rell,0.5196,0.6854,0.4562,0.2841,0.5772,0.0,-1517.0,-2112.0,-52.0,4.0,4.0,3.0,0.5,0.2713,0.5,0.2291,0.5,470.5636,1
1,Red,GiantX,0.4015,Rumble,Xin Zhao,Syndra,Corki,Alistar,0.4442,0.3799,0.446,0.4239,0.4102,1.0,1517.0,2112.0,52.0,3.0,5.0,4.0,0.5,0.4543,0.4015,0.4591,0.4591,10.3439,0
1,Blue,GiantX,0.3632,Jayce,Sejuani,Orianna,Zeri,Yuumi,0.4668,0.4153,0.4851,0.3672,0.2865,1.0,-481.0,-1858.0,2.0,0.0,0.0,2.0,0.5,0.4096,0.3632,0.4154,0.4153,-776.2027,1
1,Red,Team Heretics,0.3024,Sion,Wukong,Sylas,Sivir,Lulu,0.3801,0.543,0.2455,0.5209,0.488,0.0,481.0,1858.0,-2.0,2.0,3.0,0.0,0.5,0.3407,0.5,0.3025,0.5,-1367.755,0
1,Blue,Fnatic,0.651,K'Sante,Zyra,Corki,Xayah,Rakan,0.4726,0.73,0.3835,0.3266,0.3954,0.0,2520.0,2899.0,56.0,4.0,9.0,3.0,0.651,0.651,0.651,0.6389,0.7186,647.2305,1
1,Red,Team BDS,0.4497,Garen,Skarner,Aurora,Ezreal,Nautilus,0.5,0.6222,0.5,0.5842,0.6005,1.0,-2520.0,-2899.0,-56.0,3.0,5.0,4.0,0.4352,0.4265,0.4497,0.4497,0.5,-562.946,0
1,Blue,Team BDS,0.4068,Ornn,Nidalee,Jayce,Zeri,Rell,0.5841,0.3715,0.5176,0.4275,0.6175,0.0,315.0,750.0,-22.0,4.0,5.0,2.0,0.3938,0.3858,0.4068,0.4068,0.5,-488.7789,1
1,Red,Fnatic,0.6843,Rumble,Sejuani,Yone,Kai'Sa,Galio,0.4019,0.4709,0.5686,0.5085,0.3645,1.0,-315.0,-750.0,22.0,2.0,3.0,4.0,0.6843,0.6843,0.6843,0.6733,0.7454,-1113.0374,0
1,Blue,Fnatic,0.6191,Poppy,Pantheon,Azir,Jhin,Leona,0.4973,0.5,0.5501,0.4299,0.4324,0.0,-2136.0,-891.0,9.0,4.0,5.0,8.0,0.6191,0.6191,0.6191,0.6092,0.6744,-452.4705,1
1,Red,Team BDS,0.4633,Ambessa,Xin Zhao,Syndra,Jinx,Braum,0.5353,0.3437,0.4035,0.4595,0.3535,1.0,2136.0,891.0,-9.0,8.0,17.0,4.0,0.4515,0.4445,0.4633,0.4633,0.5,601.1511,0
1,Blue,KOI,0.5009,Vex,Vi,Yone,Ezreal,Rakan,0.5,0.5125,0.5143,0.5285,0.453,0.0,2660.0,1016.0,43.0,2.0,6.0,0.0,0.501,0.5009,0.5,0.501,0.501,-374.5135,1
1,Red,GiantX,0.4239,Ambessa,Sejuani,Lee Sin,Kai'Sa,Rell,0.4798,0.4261,0.3674,0.4601,0.6539,1.0,-2660.0,-1016.0,-43.0,0.0,0.0,2.0,0.5,0.4675,0.4239,0.471,0.471,-439.853,0
1,Blue,GiantX,0.3835,K'Sante,Xin Zhao,Orianna,Varus,Nautilus,0.5228,0.3109,0.5341,0.3523,0.5433,0.0,-4272.0,-2225.0,-13.0,3.0,7.0,7.0,0.5,0.4218,0.3835,0.4262,0.4262,222.9611,0
1,Red,KOI,0.5485,Poppy,Nidalee,Azir,Corki,Braum,0.5452,0.4329,0.593,0.4422,0.3199,1.0,4272.0,2225.0,13.0,7.0,12.0,3.0,0.5485,0.5485,0.5,0.5485,0.5485,565.9067,1
1,Blue,Karmine Corp,0.6949,K'Sante,Sejuani,Azir,Varus,Lulu,0.473,0.3855,0.6317,0.3187,0.4415,0.0,-2866.0,-1815.0,-38.0,2.0,3.0,5.0,0.7087,0.7721,0.7087,0.5,0.6928,-359.9948,0
1,Red,G2 Esports,0.8255,Poppy,Maokai,Taliyah,Ezreal,Blitzcrank,0.5885,0.7154,0.5044,0.5734,0.5992,1.0,2866.0,1815.0,38.0,5.0,7.0,2.0,0.8255,0.5,0.8255,0.8255,0.7475,-525.3768,1
1,Blue,Karmine Corp,0.6284,Rumble,Vi,Viktor,Zeri,Alistar,0.3636,0.5589,0.4661,0.482,0.3711,0.0,49.0,-885.0,5.0,4.0,8.0,5.0,0.6391,0.6985,0.6391,0.5,0.6268,-16.8864,1
1,Red,G2 Esports,0.8422,Galio,Nocturne,Aurora,Kai'Sa,Rell,0.3286,0.3134,0.5,0.4162,0.5916,1.0,-49.0,885.0,-5.0,5.0,9.0,4.0,0.8422,0.5,0.8422,0.8422,0.7715,-277.0389,0
1,Blue,G2 Esports,0.7619,Renekton,Zyra,Yone,Corki,Leona,0.2288,0.7563,0.5607,0.4953,0.4865,0.0,3163.0,1352.0,52.0,5.0,8.0,2.0,0.7619,0.5,0.7619,0.7619,0.6981,1085.1376,1
1,Red,Karmine Corp,0.664,Ornn,Diana,Jayce,Yasuo,Senna,0.6237,0.3866,0.5635,0.5417,0.2838,1.0,-3163.0,-1352.0,-52.0,2.0,1.0,5.0,0.6745,0.7272,0.6745,0.5,0.6623,-2092.6021,0
1,Blue,Karmine Corp,0.6005,Sion,Viego,Ryze,Draven,Seraphine,0.3439,0.5403,0.3424,0.7579,0.7298,0.0,392.0,-1487.0,-20.0,1.0,2.0,0.0,0.6086,0.658,0.6086,0.5,0.5993,98.727,0
1,Red,G2 Esports,0.7846,Cho'Gath,Xin Zhao,Anivia,Caitlyn,Braum,0.5,0.2813,0.5,0.3679,0.3846,1.0,-392.0,1487.0,20.0,0.0,0.0,1.0,0.7846,0.5,0.7846,0.7846,0.7268,213.3043,1
1,Blue,Fnatic,0.6554,Rumble,Vi,Corki,Ezreal,Rell,0.4243,0.601,0.5434,0.6141,0.5353,1.0,502.0,-130.0,22.0,4.0,10.0,3.0,0.6554,0.6554,0.6554,0.6464,0.7054,510.1926,1
1,Red,KOI,0.5915,K'Sante,Maokai,Yone,Kai'Sa,Alistar,0.428,0.7425,0.6026,0.3766,0.431,0.0,-502.0,130.0,-22.0,3.0,4.0,4.0,0.5915,0.5915,0.5,0.5915,0.5915,-398.2516,0
1,Blue,KOI,0.5351,Ornn,Sejuani,Azir,Jinx,Leona,0.5643,0.3488,0.5716,0.4157,0.5354,0.0,579.0,-933.0,-28.0,7.0,17.0,4.0,0.5352,0.5351,0.5,0.5352,0.5352,-1160.4209,0
1,Red,Fnatic,0.6882,Gwen,Xin Zhao,Taliyah,Varus,Nautilus,0.3087,0.3498,0.5516,0.2884,0.4915,1.0,-579.0,933.0,28.0,4.0,7.0,7.0,0.6882,0.6882,0.6882,0.6801,0.7335,-422.8844,1
1,Blue,KOI,0.4842,Sion,Jarvan IV,Ahri,Kalista,Braum,0.3111,0.4336,0.4409,0.6729,0.4432,0.0,4311.0,2483.0,45.0,4.0,8.0,0.0,0.4842,0.4842,0.5,0.4842,0.4842,183.512,1
1,Red,Fnatic,0.7179,Cho'Gath,Lee Sin,Aurora,Draven,Renata Glasc,0.5,0.3324,0.5,0.6856,0.4414,1.0,-4311.0,-2483.0,-45.0,0.0,0.0,4.0,0.7179,0.7179,0.7179,0.7105,0.7588,938.9632,0
1,Blue,Fnatic,0.6495,Jayce,Skarner,Syndra,Zeri,Karma,0.5099,0.5564,0.3651,0.5313,0.5411,0.0,2727.0,2555.0,2.0,6.0,13.0,2.0,0.6495,0.6495,0.6495,0.6429,0.6866,-40.3383,1
1,Red,KOI,0.5333,Camille,Amumu,Ryze,Sivir,Lulu,0.5654,0.5,0.3098,0.4713,0.3995,1.0,-2727.0,-2555.0,-2.0,2.0,4.0,6.0,0.5333,0.5333,0.5,0.5333,0.5333,-525.3146,0
1,Blue,Karmine Corp,0.5431,K'Sante,Ivern,Azir,Varus,Leona,0.3872,0.4255,0.5171,0.3561,0.4844,1.0,75.0,-512.0,10.0,3.0,4.0,2.0,0.5493,0.5953,0.5493,0.5,0.5422,-104.034,1
1,Red,Fnatic,0.6829,Gragas,Maokai,Smolder,Ezreal,Rell,0.6638,0.6718,0.4879,0.6508,0.5796,0.0,-75.0,512.0,-10.0,2.0,4.0,3.0,0.6829,0.6829,0.6829,0.6769,0.7164,-478.5009,0
1,Blue,Fnatic,0.6179,Rumble,Xin Zhao,Taliyah,Kalista,Nautilus,0.4791,0.4117,0.5943,0.7041,0.54,0.0,526.0,993.0,35.0,6.0,8.0,5.0,0.6179,0.6179,0.6179,0.6124,0.6482,272.2027,0
1,Red,Karmine Corp,0.5867,Ambessa,Sejuani,Hwei,Ashe,Poppy,0.4305,0.3156,0.6149,0.5399,0.6277,1.0,-526.0,-993.0,-35.0,5.0,13.0,6.0,0.5931,0.6339,0.5931,0.5,0.5858,-646.4763,1
1,Blue,Karmine Corp,0.6262,Gnar,Pantheon,Viktor,Zeri,Zilean,0.6462,0.5951,0.5169,0.576,0.5,0.0,-311.0,551.0,20.0,1.0,1.0,5.0,0.6326,0.6687,0.6326,0.5,0.6252,485.4883,0
1,Red,Fnatic,0.559,Ornn,Wukong,Aurelion Sol,Xayah,Rakan,0.5105,0.4913,0.5,0.3908,0.5051,1.0,311.0,-551.0,-20.0,5.0,10.0,1.0,0.559,0.559,0.559,0.5541,0.5865,-790.4261,1
1,Blue,Karmine Corp,0.5664,Jax,Zyra,Corki,Caitlyn,Braum,0.3409,0.7801,0.5869,0.4287,0.4963,1.0,-1096.0,-1574.0,-6.0,2.0,4.0,3.0,0.5713,0.605,0.5713,0.5843,0.5657,496.5682,0
1,Red,Fnatic,0.601,Sion,Vi,Yone,Kai'Sa,Pyke,0.3767,0.639,0.5451,0.3407,0.3706,0.0,1096.0,1574.0,6.0,3.0,5.0,2.0,0.601,0.601,0.601,0.5965,0.6258,-374.7752,1
1,Blue,Fnatic,0.639,Camille,Volibear,Sylas,Miss Fortune,Lulu,0.5115,0.5429,0.2221,0.3743,0.3614,1.0,-4377.0,-2266.0,-35.0,1.0,2.0,7.0,0.639,0.639,0.639,0.635,0.6615,338.7862,0
1,Red,Karmine Corp,0.5123,Renekton,Jarvan IV,Aurora,Jhin,Karma,0.3022,0.4875,0.5,0.4842,0.5848,0.0,4377.0,2266.0,35.0,7.0,13.0,1.0,0.5161,0.5474,0.5161,0.5209,0.5118,303.5752,1
1,Blue,G2 Esports,0.8051,Ornn,Vi,Orianna,Ezreal,Leona,0.5571,0.6733,0.4832,0.5888,0.5335,0.0,-154.0,133.0,-25.0,3.0,5.0,3.0,0.8051,0.5,0.8051,0.8051,0.7528,-601.5009,0
1,Red,Karmine Corp,0.5589,Aatrox,Maokai,Taliyah,Varus,Rell,0.3846,0.6078,0.5377,0.4175,0.5244,1.0,154.0,-133.0,25.0,3.0,5.0,3.0,0.5628,0.5905,0.5628,0.5722,0.5583,-525.0523,1
1,Blue,G2 Esports,0.7285,K'Sante,Zyra,Tristana,Corki,Blitzcrank,0.4456,0.7042,0.508,0.531,0.6379,0.0,1133.0,1421.0,8.0,6.0,16.0,5.0,0.7285,0.5,0.7285,0.7285,0.6811,1227.1663,0
1,Red,Karmine Corp,0.601,Rumble,Skarner,Yone,Ashe,Alistar,0.4335,0.6028,0.5885,0.5838,0.3899,1.0,-1133.0,-1421.0,-8.0,5.0,9.0,7.0,0.605,0.6295,0.605,0.6175,0.6004,-581.5131,1
1,Blue,Karmine Corp,0.6391,Gnar,Xin Zhao,Viktor,Jhin,Rakan,0.5847,0.3725,0.4677,0.5333,0.5522,1.0,-11.0,-407.0,-10.0,7.0,13.0,6.0,0.643,0.6648,0.643,0.6575,0.6384,73.826,1
1,Red,G2 Esports,0.6591,Urgot,Pantheon,Ryze,Caitlyn,Thresh,0.5,0.5305,0.2803,0.3875,0.7043,0.0,11.0,407.0,10.0,6.0,12.0,7.0,0.6591,0.5,0.6591,0.6591,0.6163,-284.748,0
0,Blue,Fnatic,0.5782,Rumble,Skarner,Yone,Xayah,Rakan,0.4874,0.644,0.6278,0.4488,0.5949,0.0,4164.0,2737.0,37.0,4.0,4.0,0.0,0.5782,0.5782,0.5782,0.5745,0.5985,6.8495,1
0,Red,GiantX,0.3469,Gwen,Sejuani,Tristana,Ezreal,Nautilus,0.3745,0.3808,0.4596,0.5327,0.4885,1.0,-4164.0,-2737.0,-37.0,0.0,0.0,4.0,0.5,0.2455,0.3469,0.3856,0.3856,118.0346,0
0,Blue,GiantX,0.3138,K'Sante,Nocturne,Azir,Corki,Rell,0.4031,0.283,0.5631,0.4804,0.5697,0.0,946.0,627.0,14.0,3.0,4.0,3.0,0.5,0.2221,0.3138,0.3489,0.3489,509.9413,0
0,Red,Fnatic,0.6183,Ambessa,Pantheon,Taliyah,Varus,Renata Glasc,0.4886,0.4737,0.5817,0.4729,0.3994,1.0,-946.0,-627.0,-14.0,3.0,6.0,3.0,0.6183,0.6183,0.6183,0.615,0.6367,-73.4723,1
0,Blue,Rogue,0.1432,Aurora,Vi,Yone,Ashe,Alistar,0.5,0.6092,0.6633,0.6234,0.448,0.0,2895.0,919.0,7.0,4.0,8.0,1.0,0.2261,0.1608,0.1347,0.1638,0.1872,-147.037,0
0,Red,Team Heretics,0.2736,Ambessa,Skarner,Cho'Gath,Varus,Braum,0.5404,0.6807,0.5,0.5231,0.449,1.0,-2895.0,-919.0,-7.0,1.0,0.0,4.0,0.5,0.3082,0.5,0.2737,0.5,-231.0034,1
0,Blue,Rogue,0.1296,Gwen,Xin Zhao,Taliyah,Corki,Nautilus,0.3388,0.4323,0.6216,0.4347,0.442,0.0,-1208.0,-1246.0,-35.0,0.0,0.0,2.0,0.2046,0.1455,0.1219,0.1482,0.1693,-227.8036,0
0,Red,Team Heretics,0.3428,Jax,Sejuani,Hwei,Ezreal,Rakan,0.3085,0.3445,0.6537,0.482,0.6335,1.0,1208.0,1246.0,35.0,2.0,2.0,0.0,0.5,0.3741,0.5,0.3429,0.5,-734.1682,1
0,Blue,G2 Esports,0.5963,Gwen,Maokai,Yone,Kai'Sa,Rell,0.3066,0.6451,0.6,0.4035,0.5154,1.0,-186.0,448.0,2.0,1.0,1.0,1.0,0.5963,0.5742,0.5963,0.5963,0.5576,-369.1706,1
0,Red,KOI,0.4825,Aurora,Skarner,Azir,Ezreal,Alistar,0.5,0.7133,0.5095,0.5313,0.4054,0.0,186.0,-448.0,-2.0,1.0,2.0,1.0,0.4825,0.4825,0.5,0.4825,0.4825,-69.8344,0
0,Blue,KOI,0.4366,Ambessa,Sejuani,Taliyah,Varus,Rakan,0.5868,0.4069,0.5624,0.5685,0.6684,0.0,-634.0,-827.0,-34.0,7.0,16.0,4.0,0.4366,0.4366,0.4495,0.4366,0.4366,-868.7139,1
0,Red,G2 Esports,0.6348,Sett,Xin Zhao,Ahri,Ashe,Nautilus,0.5407,0.3911,0.4941,0.564,0.3999,1.0,634.0,827.0,34.0,4.0,7.0,7.0,0.6348,0.6204,0.6348,0.6348,0.5997,-88.6225,0
0,Blue,KOI,0.4902,Sion,Zyra,Corki,Tristana,Braum,0.4361,0.6359,0.3933,0.4158,0.5015,0.0,-2246.0,-2350.0,-44.0,1.0,2.0,1.0,0.4902,0.4902,0.5093,0.4902,0.4902,739.0666,0
0,Red,G2 Esports,0.5743,Gnar,Dr. Mundo,Viktor,Caitlyn,Neeko,0.6242,0.4922,0.5184,0.3503,0.5148,1.0,2246.0,2350.0,44.0,1.0,1.0,1.0,0.5743,0.554,0.5743,0.5743,0.5426,416.0938,1
0,Blue,GiantX,0.2839,Jax,Skarner,Taliyah,Ezreal,Rakan,0.3743,0.6409,0.6041,0.4807,0.6999,0.0,800.0,940.0,12.0,4.0,6.0,2.0,0.5,0.2009,0.2839,0.3156,0.3156,-868.3083,0
0,Red,Team Vitality,0.3726,Gnar,Pantheon,Azir,Varus,Alistar,0.66,0.5294,0.461,0.6096,0.3668,1.0,-800.0,-940.0,-12.0,2.0,4.0,4.0,0.5,0.3635,0.5,0.3729,0.3927,561.0817,1
0,Blue,GiantX,0.2568,K'Sante,Vi,Aurora,Kai'Sa,Neeko,0.3647,0.5512,0.5,0.4603,0.5613,1.0,-1045.0,185.0,-19.0,2.0,5.0,2.0,0.5,0.1818,0.2568,0.2856,0.2856,356.2529,0
0,Red,Team Vitality,0.4324,Yasuo,Maokai,Ryze,Corki,Rell,0.4879,0.6789,0.2536,0.3558,0.5616,0.0,1045.0,-185.0,19.0,2.0,6.0,2.0,0.5,0.4296,0.5,0.4326,0.4506,-551.2123,1
0,Blue,Karmine Corp,0.6735,Gnar,Lillia,Sylas,Varus,Alistar,0.6924,0.4771,0.201,0.6468,0.4271,0.0,-406.0,82.0,-2.0,2.0,2.0,3.0,0.6774,0.6967,0.6774,0.6931,0.6729,-100.2704,1
0,Red,KOI,0.4435,Annie,Skarner,Yone,Ezreal,Rell,0.5434,0.5764,0.6382,0.435,0.6033,1.0,406.0,-82.0,2.0,3.0,5.0,2.0,0.4435,0.4435,0.4547,0.4435,0.4435,-590.1506,0
0,Blue,KOI,0.4013,Aurora,Xin Zhao,Taliyah,Kai'Sa,Nautilus,0.5,0.3538,0.5465,0.4165,0.3618,0.0,-9.0,-739.0,4.0,3.0,8.0,3.0,0.4013,0.4013,0.4066,0.4013,0.4013,-702.2027,1
0,Red,Karmine Corp,0.7046,Ambessa,Sejuani,Akali,Ashe,Renata Glasc,0.6282,0.4634,0.2487,0.5103,0.4566,1.0,9.0,739.0,-4.0,3.0,5.0,3.0,0.7084,0.7256,0.7084,0.7246,0.704,-710.5608,0
0,Blue,Karmine Corp,0.6374,Jayce,Ivern,Hwei,Miss Fortune,Elise,0.5566,0.4803,0.6884,0.337,0.4962,1.0,-976.0,-761.0,2.0,2.0,4.0,6.0,0.6403,0.6565,0.6403,0.6507,0.637,378.616,1
0,Red,KOI,0.4583,Gragas,Pantheon,Viktor,Sivir,Rakan,0.6005,0.5787,0.5643,0.4264,0.6333,0.0,976.0,761.0,-2.0,6.0,7.0,2.0,0.4583,0.4583,0.4687,0.4583,0.4583,-376.3011,0
0,Blue,Team BDS,0.4192,K'Sante,Maokai,Taliyah,Varus,Rell,0.33,0.7095,0.5897,0.6805,0.5459,0.0,-777.0,78.0,-7.0,2.0,2.0,2.0,0.4085,0.402,0.4192,0.4192,0.5,-380.6918,0
0,Red,Rogue,0.1172,Gnar,Skarner,Orianna,Ezreal,Alistar,0.7217,0.5186,0.4372,0.3935,0.4816,1.0,777.0,-78.0,7.0,2.0,3.0,2.0,0.1851,0.1316,0.1103,0.1341,0.1532,-100.8529,1
0,Blue,Rogue,0.2013,Gwen,Vi,Ahri,Corki,Bard,0.3726,0.4987,0.4471,0.4172,0.5,0.0,-2416.0,-2020.0,-54.0,4.0,7.0,6.0,0.2627,0.2143,0.195,0.2166,0.2339,378.0825,0
0,Red,Team BDS,0.3793,Jax,Nidalee,Jayce,Xayah,Rakan,0.3387,0.4881,0.5988,0.5013,0.573,1.0,2416.0,2020.0,54.0,6.0,8.0,4.0,0.3696,0.3636,0.3793,0.3793,0.5,319.2263,1
0,Blue,Team BDS,0.4384,Ambessa,Xin Zhao,Viktor,Jhin,Karma,0.5655,0.4154,0.5105,0.5778,0.6244,0.0,644.0,430.0,-16.0,4.0,10.0,3.0,0.4296,0.4244,0.4384,0.4384,0.5,-246.6891,1
0,Red,Rogue,0.1821,Volibear,Pantheon,LeBlanc,Ashe,Braum,0.4912,0.5187,0.5841,0.4617,0.4537,1.0,-644.0,-430.0,16.0,3.0,5.0,4.0,0.2377,0.1939,0.1765,0.1959,0.2116,788.7167,0
0,Blue,SK Gaming,0.2456,Rumble,Sejuani,Jayce,Corki,Nautilus,0.5362,0.4193,0.637,0.3774,0.4226,1.0,1624.0,1412.0,-6.0,5.0,11.0,1.0,0.253,0.5,0.2627,0.5,0.5,-416.3935,1
0,Red,Fnatic,0.6547,Galio,Naafiri,Yone,Varus,Alistar,0.2963,0.5,0.5773,0.6156,0.531,0.0,-1624.0,-1412.0,6.0,1.0,3.0,5.0,0.6547,0.6547,0.6547,0.6517,0.6713,-295.103,0
0,Blue,Fnatic,0.5923,Gnar,Maokai,Sylas,Kai'Sa,Rakan,0.7482,0.6419,0.2771,0.4721,0.6136,1.0,-379.0,1023.0,-10.0,6.0,8.0,4.0,0.5923,0.5923,0.5923,0.5896,0.6074,-157.3028,0
0,Red,SK Gaming,0.3175,Yasuo,Vi,Ahri,Ezreal,Rell,0.5385,0.4512,0.4045,0.4513,0.4939,0.0,379.0,-1023.0,10.0,4.0,6.0,6.0,0.3241,0.5,0.3375,0.5,0.5,203.9968,1
0,Blue,Rogue,0.1648,Rumble,Sejuani,Yone,Ezreal,Leona,0.5804,0.4746,0.5223,0.5035,0.4827,1.0,-1472.0,-806.0,-56.0,5.0,6.0,3.0,0.215,0.1755,0.1596,0.1773,0.1914,-102.4738,1
0,Red,Team Vitality,0.4864,Akali,Pantheon,Ahri,Varus,Rell,0.225,0.4653,0.4612,0.557,0.5421,0.0,1472.0,806.0,56.0,3.0,3.0,5.0,0.5,0.4882,0.5,0.4866,0.5029,404.899,0
0,Blue,Rogue,0.2443,Jayce,Maokai,Viktor,Corki,Rakan,0.6716,0.5808,0.5572,0.4367,0.5552,0.0,4775.0,1417.0,2.0,7.0,6.0,0.0,0.2898,0.254,0.2397,0.2556,0.2685,-51.032,1
0,Red,Team Vitality,0.4401,Yasuo,Dr. Mundo,Hwei,Kalista,Alistar,0.584,0.5419,0.7195,0.637,0.4804,1.0,-4775.0,-1417.0,-2.0,0.0,0.0,7.0,0.5,0.4384,0.5,0.4403,0.455,-48.602,0
0,Blue,Team BDS,0.4919,Gnar,Zyra,Lucian,Ashe,Leona,0.6769,0.5743,0.3589,0.4177,0.532,0.0,1300.0,1106.0,10.0,3.0,5.0,2.0,0.484,0.4793,0.4919,0.4919,0.4982,928.8759,0
0,Red,Karmine Corp,0.672,Ambessa,Maokai,Taliyah,Kalista,Braum,0.6087,0.6207,0.5336,0.5763,0.4105,1.0,-1300.0,-1106.0,-10.0,2.0,4.0,3.0,0.6748,0.6892,0.6748,0.6861,0.6715,227.8024,1
0,Blue,Karmine Corp,0.7033,Rumble,Vi,Yone,Kai'Sa,Alistar,0.6204,0.5035,0.5678,0.4271,0.4347,0.0,-1692.0,-1082.0,33.0,0.0,0.0,5.0,0.706,0.7188,0.706,0.7177,0.7028,-330.0361,1
0,Red,Team BDS,0.445,K'Sante,Xin Zhao,Viktor,Sivir,Rell,0.2986,0.4711,0.5993,0.3858,0.4904,1.0,1692.0,1082.0,-33.0,5.0,7.0,0.0,0.4379,0.4336,0.445,0.445,0.4442,-316.1969,0
0,Blue,G2 Esports,0.6148,Gnar,Dr. Mundo,Akali,Varus,Rell,0.6125,0.489,0.2036,0.504,0.4437,0.0,5241.0,4121.0,53.0,7.0,12.0,2.0,0.6148,0.6012,0.6148,0.6148,0.5862,151.4114,1
0,Red,Team Heretics,0.4054,Camille,Zyra,Corki,Ezreal,Alistar,0.4628,0.5188,0.4904,0.5508,0.4885,1.0,-5241.0,-4121.0,-53.0,2.0,2.0,7.0,0.5,0.4337,0.5,0.4054,0.5,179.2373,0
0,Blue,Team Heretics,0.3668,Ambessa,Skarner,Viktor,Miss Fortune,Pyke,0.6474,0.5666,0.5422,0.4028,0.4359,0.0,-512.0,-1979.0,5.0,3.0,6.0,8.0,0.5,0.3924,0.5,0.3668,0.5,123.7129,0
0,Red,G2 Esports,0.6515,Renekton,Ivern,Hwei,Ashe,Leona,0.3687,0.53,0.648,0.3779,0.4813,1.0,512.0,1979.0,-5.0,8.0,12.0,3.0,0.6515,0.6429,0.6515,0.6515,0.6256,181.6131,1
0,Blue,Team BDS,0.4026,Gnar,Skarner,Azir,Jhin,Rell,0.6494,0.5103,0.5123,0.618,0.4967,1.0,598.0,-974.0,-33.0,5.0,7.0,3.0,0.3962,0.3922,0.4026,0.4026,0.3966,351.9215,1
0,Red,SK Gaming,0.3825,Jayce,Lillia,Yone,Varus,Leona,0.7028,0.527,0.609,0.5512,0.5307,0.0,-598.0,974.0,33.0,3.0,2.0,5.0,0.3885,0.5,0.4042,0.5,0.5,334.3742,0
0,Blue,Team BDS,0.4595,Gwen,Maokai,Taliyah,Miss Fortune,Alistar,0.3371,0.6568,0.578,0.363,0.442,0.0,3754.0,1664.0,18.0,7.0,17.0,3.0,0.4537,0.4502,0.4595,0.4595,0.4605,-575.6244,1
0,Red,SK Gaming,0.3461,Akali,Sejuani,Hwei,Corki,Nautilus,0.2794,0.5246,0.6828,0.4437,0.4776,1.0,-3754.0,-1664.0,-18.0,3.0,9.0,7.0,0.3515,0.5,0.3637,0.5,0.5,-124.0131,0
0,Blue,Karmine Corp,0.7316,Jayce,Naafiri,Taliyah,Ezreal,Alistar,0.6359,0.5,0.6182,0.4984,0.4951,1.0,3251.0,378.0,51.0,4.0,6.0,3.0,0.7342,0.7456,0.7342,0.746,0.7311,-264.8779,1
0,Red,Fnatic,0.5359,Ambessa,Wukong,Azir,Varus,Rakan,0.5836,0.5397,0.5588,0.4987,0.5976,0.0,-3251.0,-378.0,-51.0,3.0,4.0,4.0,0.5359,0.5359,0.5359,0.5335,0.5495,-337.3604,0
0,Blue,Fnatic,0.4849,Gnar,Zyra,Viktor,Miss Fortune,Rell,0.6828,0.4687,0.4906,0.4257,0.5446,1.0,1695.0,2192.0,50.0,3.0,5.0,3.0,0.4849,0.4849,0.4849,0.4827,0.4972,1496.745,1
0,Red,Karmine Corp,0.7572,Aatrox,Brand,Corki,Ashe,Braum,0.4432,0.7026,0.4014,0.4372,0.4667,0.0,-1695.0,-2192.0,-50.0,3.0,5.0,3.0,0.7596,0.7698,0.7596,0.7713,0.7567,-325.5096,0
0,Blue,Karmine Corp,0.685,K'Sante,Maokai,Ahri,Xayah,Nautilus,0.2701,0.6895,0.4173,0.5488,0.4321,0.0,-3588.0,-1957.0,-25.0,3.0,5.0,6.0,0.6869,0.6965,0.6869,0.6948,0.6847,637.9895,0
0,Red,Fnatic,0.5339,Rumble,Pantheon,Tristana,Kai'Sa,Leona,0.6565,0.4178,0.3762,0.4817,0.4802,1.0,3588.0,1957.0,25.0,6.0,9.0,3.0,0.5339,0.5339,0.5339,0.5319,0.5451,139.0405,1
0,Blue,GiantX,0.2323,Gwen,Skarner,Orianna,Corki,Neeko,0.4003,0.5588,0.4908,0.3632,0.5076,0.0,694.0,586.0,37.0,1.0,3.0,2.0,0.2222,0.1644,0.2323,0.2584,0.2584,-382.6594,1
0,Red,Rogue,0.3163,Jayce,Maokai,Taliyah,Varus,Karma,0.6706,0.6239,0.6545,0.4512,0.6602,1.0,-694.0,-586.0,-37.0,2.0,5.0,1.0,0.3574,0.325,0.3121,0.3265,0.3382,281.7754,0
0,Blue,Rogue,0.2862,Olaf,Jarvan IV,Viktor,Ezreal,Rell,0.5251,0.5363,0.5391,0.5461,0.588,0.0,173.0,311.0,-29.0,2.0,4.0,2.0,0.3234,0.2941,0.2824,0.2954,0.306,828.494,0
0,Red,GiantX,0.3055,Aatrox,Sejuani,Hwei,Kai'Sa,Poppy,0.401,0.4747,0.6156,0.531,0.6631,1.0,-173.0,-311.0,29.0,2.0,4.0,2.0,0.3066,0.2441,0.3055,0.329,0.329,-568.0464,1
0,Blue,KOI,0.4147,Rumble,Sejuani,Yone,Varus,Rakan,0.6892,0.5247,0.551,0.4082,0.5407,1.0,-822.0,-38.0,57.0,1.0,1.0,4.0,0.4147,0.4147,0.4201,0.4147,0.4147,-363.4941,1
0,Red,Team Heretics,0.3318,Ambessa,Zyra,Tristana,Corki,Leona,0.5263,0.52,0.4356,0.4238,0.5297,0.0,822.0,38.0,-57.0,4.0,7.0,2.0,0.5,0.355,0.5,0.3319,0.5,-40.433,0
0,Blue,Team Heretics,0.3002,K'Sante,Skarner,Viktor,Draven,Rell,0.2444,0.6022,0.4878,0.6201,0.532,1.0,-139.0,-279.0,-25.0,1.0,3.0,2.0,0.5,0.3212,0.5,0.3003,0.5,517.8815,0
0,Red,KOI,0.4704,Aurora,Vi,Taliyah,Kai'Sa,Alistar,0.5,0.5508,0.5922,0.5757,0.5432,0.0,139.0,279.0,25.0,2.0,1.0,1.0,0.4704,0.4704,0.4798,0.4704,0.4704,-501.9769,1
0,Blue,Team Heretics,0.2716,Ambessa,Sejuani,Azir,Varus,Renata Glasc,0.4747,0.57,0.5055,0.4646,0.4131,1.0,-4033.0,-1583.0,-30.0,0.0,0.0,5.0,0.2656,0.2906,0.2656,0.2717,0.2656,-890.4908,1
0,Red,Team BDS,0.511,Gwen,Skarner,Taliyah,Corki,Rell,0.4574,0.5431,0.631,0.3835,0.4813,0.0,4033.0,1583.0,30.0,5.0,7.0,0.0,0.5057,0.5026,0.511,0.511,0.517,-271.9638,0
0,Blue,Team BDS,0.4623,Rumble,Xin Zhao,Viktor,Sivir,Alistar,0.7188,0.4262,0.4413,0.349,0.5867,0.0,-1236.0,-834.0,-10.0,3.0,6.0,6.0,0.4575,0.4547,0.4623,0.4623,0.4633,-366.7459,1
0,Red,Team Heretics,0.341,Aurora,Pantheon,Yone,Seraphine,Nautilus,0.5,0.4768,0.5938,0.6567,0.391,1.0,1236.0,834.0,10.0,6.0,14.0,3.0,0.3452,0.3582,0.3452,0.3411,0.3452,132.2639,0
0,Blue,Team Heretics,0.3085,Gnar,Naafiri,Ahri,Ashe,Rakan,0.713,0.5,0.3775,0.3956,0.5844,0.0,-793.0,-2495.0,-21.0,1.0,3.0,3.0,0.3083,0.3241,0.3083,0.3086,0.3083,377.1845,1
0,Red,Team BDS,0.5135,Sion,Lillia,Ryze,Miss Fortune,Leona,0.3946,0.4767,0.3247,0.4821,0.4792,1.0,793.0,2495.0,21.0,3.0,4.0,1.0,0.5092,0.5067,0.5135,0.5136,0.5185,-243.9275,0
0,Blue,Rogue,0.2589,Aurora,Sejuani,Azir,Ezreal,Nautilus,0.5,0.6109,0.5526,0.4941,0.3537,1.0,-1306.0,-1742.0,-36.0,1.0,2.0,1.0,0.2926,0.2661,0.2555,0.2673,0.2768,-414.2379,0
0,Red,G2 Esports,0.6847,Galio,Pantheon,Taliyah,Kai'Sa,Rakan,0.2673,0.4288,0.5709,0.6161,0.624,0.0,1306.0,1742.0,36.0,1.0,1.0,1.0,0.6847,0.68,0.6847,0.6847,0.6612,-201.4488,1
0,Blue,G2 Esports,0.7147,Jax,Maokai,Akali,Varus,Alistar,0.4017,0.5644,0.2528,0.5156,0.6261,0.0,2483.0,121.0,63.0,1.0,1.0,1.0,0.7147,0.7129,0.7147,0.7147,0.6935,-793.5938,1
0,Red,Rogue,0.2343,Garen,Xin Zhao,Sylas,Corki,Rell,0.5,0.4808,0.2507,0.3469,0.4355,1.0,-2483.0,-121.0,-63.0,1.0,1.0,1.0,0.2647,0.2407,0.2311,0.2418,0.2504,-322.5391,0
0,Blue,Karmine Corp,0.6197,Ambessa,Sejuani,Yone,Kalista,Leona,0.526,0.5527,0.5372,0.6167,0.4336,1.0,1100.0,664.0,31.0,1.0,1.0,0.0,0.6212,0.6302,0.6212,0.6261,0.6195,-444.4858,1
0,Red,SK Gaming,0.3131,Sion,Lillia,Taliyah,Corki,Alistar,0.357,0.4313,0.6118,0.3139,0.6617,0.0,-1100.0,-664.0,-31.0,0.0,0.0,1.0,0.318,0.5,0.3275,0.5,0.5,-474.9534,0
0,Blue,SK Gaming,0.2833,Vladimir,Xin Zhao,Azir,Jhin,Pantheon,0.5,0.435,0.5,0.6544,0.486,1.0,213.0,-1354.0,4.0,3.0,5.0,3.0,0.2877,0.5,0.295,0.5,0.5,143.2788,0
0,Red,Karmine Corp,0.6559,Gnar,Vi,Akali,Miss Fortune,Fiddlesticks,0.7403,0.5935,0.324,0.4349,0.5,0.0,-213.0,1354.0,-4.0,3.0,4.0,3.0,0.6574,0.6654,0.6574,0.6629,0.6557,1031.3206,1
0,Blue,Team Vitality,0.3982,Gnar,Maokai,Viktor,Sivir,Alistar,0.7651,0.6059,0.4945,0.411,0.5987,0.0,2989.0,-194.0,0.0,6.0,12.0,2.0,0.5,0.3939,0.5,0.3984,0.4117,-74.6743,0
0,Red,Fnatic,0.5783,Gwen,Skarner,Aurelion Sol,Varus,Renata Glasc,0.4138,0.4899,0.5,0.5617,0.469,1.0,-2989.0,194.0,0.0,2.0,5.0,6.0,0.5783,0.5783,0.5783,0.5765,0.5884,-175.6864,1
0,Blue,Fnatic,0.6185,Gragas,Poppy,Yone,Corki,Rell,0.5434,0.6952,0.5813,0.284,0.394,0.0,188.0,389.0,21.0,3.0,8.0,4.0,0.6185,0.6185,0.6185,0.6168,0.6276,-209.4336,1
0,Red,Team Vitality,0.3603,Renekton,Naafiri,Ahri,Ezreal,Leona,0.4288,0.5,0.4368,0.4471,0.4875,1.0,-188.0,-389.0,-21.0,4.0,8.0,3.0,0.5,0.3542,0.5,0.3604,0.3725,927.9561,0
0,Blue,Team BDS,0.4646,Rumble,Skarner,Taliyah,Ashe,Nautilus,0.7456,0.5397,0.5535,0.4531,0.32,0.0,-1688.0,-613.0,-28.0,1.0,0.0,2.0,0.4607,0.4584,0.4646,0.4646,0.4656,-747.7782,0
0,Red,KOI,0.5208,Varus,Ivern,Azir,Ezreal,Alistar,0.6035,0.5748,0.4524,0.4045,0.5417,1.0,1688.0,613.0,28.0,2.0,4.0,1.0,0.5209,0.5208,0.5329,0.5209,0.5209,-461.4722,1
0,Blue,KOI,0.5665,Gwen,Xin Zhao,Aurora,Miss Fortune,Rell,0.4696,0.3936,0.5,0.4901,0.4517,1.0,1253.0,-270.0,0.0,5.0,8.0,4.0,0.5665,0.5665,0.5802,0.5665,0.5665,530.7296,1
0,Red,Team BDS,0.4204,Gnar,Zyra,Viktor,Jhin,Braum,0.6922,0.4699,0.4474,0.5921,0.4222,0.0,-1253.0,270.0,0.0,4.0,7.0,5.0,0.4168,0.4147,0.4204,0.4204,0.4184,849.7606,0
0,Blue,GiantX,0.3717,Rumble,Vi,Azir,Miss Fortune,Alistar,0.6746,0.6323,0.5045,0.5398,0.5853,1.0,371.0,2581.0,21.0,3.0,5.0,3.0,0.3809,0.3162,0.3717,0.3929,0.3929,168.6818,0
0,Red,SK Gaming,0.2563,Varus,Sejuani,Sylas,Corki,Rell,0.6412,0.5953,0.2268,0.3522,0.504,0.0,-371.0,-2581.0,-21.0,3.0,4.0,3.0,0.2603,0.5,0.2658,0.5,0.5,-969.9131,1
0,Blue,GiantX,0.3363,Gnar,Pantheon,Ahri,Ezreal,Leona,0.6263,0.4376,0.3952,0.4612,0.4411,1.0,-655.0,-189.0,-30.0,2.0,3.0,1.0,0.3406,0.286,0.3363,0.3555,0.3555,1004.3935,0
0,Red,SK Gaming,0.3271,Vladimir,Nocturne,Yone,Kai'Sa,Rakan,0.5,0.2556,0.6212,0.6527,0.6598,0.0,655.0,189.0,30.0,1.0,4.0,2.0,0.3308,0.5,0.3381,0.5,0.5,57.2478,1
0,Blue,Team Heretics,0.3744,Gnar,Naafiri,Taliyah,Ezreal,Rakan,0.5666,0.5,0.5008,0.4173,0.6922,0.0,1063.0,88.0,-15.0,2.0,3.0,0.0,0.3815,0.3884,0.3815,0.3744,0.3815,368.5971,1
0,Red,Karmine Corp,0.6887,Ambessa,Vi,Azir,Miss Fortune,Rell,0.5722,0.572,0.4565,0.4873,0.5512,1.0,-1063.0,-88.0,15.0,0.0,0.0,2.0,0.6902,0.6973,0.6902,0.696,0.6885,96.8684,0
0,Blue,Karmine Corp,0.6231,Rumble,Xin Zhao,Viktor,Kai'Sa,Alistar,0.6104,0.4514,0.4048,0.6857,0.5296,0.0,-2395.0,-535.0,-10.0,0.0,0.0,4.0,0.6242,0.6309,0.6242,0.6279,0.6229,-248.7622,1
0,Red,Team Heretics,0.434,Aurora,Jarvan IV,Cho'Gath,Corki,Gragas,0.4299,0.4853,0.5,0.4139,0.5868,1.0,2395.0,535.0,10.0,4.0,11.0,0.0,0.4462,0.4467,0.4462,0.434,0.4462,107.7687,0
0,Blue,Team Heretics,0.3926,Aatrox,Sejuani,Sylas,Swain,Senna,0.4581,0.6339,0.3005,0.5,0.2568,0.0,2681.0,3709.0,-12.0,5.0,10.0,0.0,0.4,0.4041,0.4,0.3927,0.4,-2300.1434,0
0,Red,Karmine Corp,0.659,Renekton,Lillia,Tristana,Ashe,Lulu,0.388,0.3902,0.3942,0.41,0.327,1.0,-2681.0,-3709.0,12.0,0.0,0.0,5.0,0.6601,0.666,0.6601,0.6642,0.6588,317.4651,1
0,Blue,Fnatic,0.6548,Sion,Pantheon,Orianna,Kalista,Rell,0.323,0.3941,0.5393,0.6532,0.4987,0.0,3705.0,2570.0,53.0,3.0,4.0,2.0,0.6548,0.6548,0.6548,0.6533,0.6631,358.6117,1
0,Red,Rogue,0.2119,Jayce,Maokai,Viktor,Varus,Alistar,0.6067,0.5482,0.4615,0.6754,0.5744,1.0,-3705.0,-2570.0,-53.0,2.0,3.0,3.0,0.2395,0.2178,0.2091,0.2188,0.2266,159.4798,0
0,Blue,Rogue,0.1918,Renekton,Ivern,Azir,Jhin,Leona,0.4463,0.6154,0.413,0.5357,0.3991,1.0,-3932.0,-3142.0,-58.0,1.0,1.0,4.0,0.2167,0.1971,0.1892,0.198,0.205,465.7334,0
0,Red,Fnatic,0.6877,Jax,Zyra,Taliyah,Miss Fortune,Rakan,0.4587,0.4247,0.5484,0.44,0.7215,0.0,3932.0,3142.0,58.0,4.0,8.0,1.0,0.6877,0.6877,0.6877,0.6863,0.6952,412.6248,1
0,Blue,Karmine Corp,0.6915,Rumble,Xin Zhao,Taliyah,Ezreal,Rakan,0.6475,0.5036,0.5914,0.4728,0.748,1.0,-662.0,482.0,14.0,0.0,0.0,2.0,0.6926,0.6978,0.6926,0.6969,0.6913,-100.8398,1
0,Red,GiantX,0.3042,Aurora,Skarner,Hwei,Varus,Neeko,0.3832,0.4872,0.6533,0.6111,0.5547,0.0,662.0,-482.0,-14.0,2.0,5.0,0.0,0.3049,0.2588,0.3042,0.3216,0.3216,218.6861,0
0,Blue,GiantX,0.2752,Jax,Poppy,Azir,Xayah,Alistar,0.5102,0.7242,0.3737,0.4965,0.5197,0.0,-700.0,-490.0,-30.0,6.0,18.0,6.0,0.2733,0.2341,0.2752,0.291,0.291,-369.6774,1
0,Red,Karmine Corp,0.7209,Gnar,Vi,Ahri,Kai'Sa,Leona,0.6079,0.5176,0.3576,0.7157,0.3611,1.0,700.0,490.0,30.0,6.0,10.0,6.0,0.7219,0.7266,0.7219,0.7264,0.7207,403.5022,0
0,Blue,Karmine Corp,0.6522,Renekton,Maokai,Viktor,Kog'Maw,Braum,0.4038,0.496,0.4175,0.799,0.382,0.0,651.0,-227.0,-7.0,5.0,11.0,6.0,0.653,0.6574,0.653,0.6559,0.6521,499.0368,1
0,Red,GiantX,0.3443,Aatrox,Sejuani,Akali,Corki,Bard,0.4144,0.5735,0.3884,0.3745,0.5,1.0,-651.0,227.0,7.0,6.0,9.0,5.0,0.348,0.3071,0.3443,0.3585,0.3585,-204.2681,0
0,Blue,Team Heretics,0.3552,Ambessa,Sejuani,Taliyah,Varus,Rakan,0.5166,0.5189,0.6303,0.5529,0.772,0.0,360.0,128.0,53.0,6.0,13.0,7.0,0.3588,0.3657,0.3588,0.3553,0.3588,-750.3907,1
0,Red,Team Vitality,0.326,Jax,Vi,Ahri,Ezreal,Alistar,0.5569,0.4683,0.3235,0.523,0.5654,1.0,-360.0,-128.0,-53.0,7.0,16.0,6.0,0.3331,0.3187,0.3331,0.3261,0.337,-390.1589,0
0,Blue,Team Vitality,0.2949,Anivia,Skarner,Yone,Corki,Braum,0.5,0.4398,0.6573,0.3388,0.4409,0.0,-1993.0,-2502.0,-34.0,1.0,2.0,4.0,0.2969,0.287,0.2969,0.295,0.3049,26.571,0
0,Red,Team Heretics,0.4166,Rumble,Wukong,Aurora,Miss Fortune,Renata Glasc,0.681,0.4883,0.3422,0.4943,0.5196,1.0,1993.0,2502.0,34.0,4.0,5.0,1.0,0.4243,0.4261,0.4243,0.4167,0.4243,341.2262,1
0,Blue,Team BDS,0.3804,Gnar,Maokai,Tristana,Ziggs,Leona,0.55,0.544,0.4519,0.5,0.3267,1.0,1064.0,-1318.0,2.0,6.0,11.0,4.0,0.3771,0.3752,0.3804,0.3804,0.3762,111.8234,1
0,Red,G2 Esports,0.7419,Yasuo,Dr. Mundo,Taliyah,Kai'Sa,Nautilus,0.5266,0.5388,0.6655,0.6475,0.2896,0.0,-1064.0,1318.0,-2.0,4.0,6.0,6.0,0.7419,0.7422,0.7419,0.7419,0.7227,-883.83,0
0,Blue,G2 Esports,0.6712,Renekton,Vi,Hwei,Ezreal,Alistar,0.4605,0.4237,0.5894,0.4732,0.5116,0.0,3527.0,1508.0,44.0,4.0,10.0,2.0,0.6712,0.6669,0.6712,0.6712,0.6539,313.4029,0
0,Red,Team BDS,0.4394,Ornn,Xin Zhao,Viktor,Zeri,Rakan,0.5041,0.5509,0.473,0.5211,0.7937,1.0,-3527.0,-1508.0,-44.0,2.0,3.0,4.0,0.4365,0.4347,0.4394,0.4394,0.4387,-756.3892,1
0,Blue,SK Gaming,0.3912,Rumble,Vi,Corki,Ezreal,Rell,0.7114,0.3833,0.3065,0.4281,0.5464,0.0,-1314.0,-1516.0,0.0,1.0,2.0,4.0,0.3945,0.5,0.4031,0.5,0.5,-125.958,1
0,Red,Rogue,0.1735,Galio,Xin Zhao,Orianna,Kalista,Rakan,0.3388,0.5937,0.5832,0.6862,0.8134,1.0,1314.0,1516.0,0.0,4.0,9.0,1.0,0.1961,0.1783,0.1712,0.1791,0.1855,257.5576,0
0,Blue,Rogue,0.157,Ambessa,Pantheon,Taliyah,Varus,Alistar,0.5635,0.454,0.6021,0.5955,0.4628,1.0,290.0,-1887.0,-8.0,4.0,8.0,5.0,0.1774,0.1613,0.1549,0.1621,0.1678,-489.9545,1
0,Red,SK Gaming,0.4492,Urgot,Maokai,Yone,Miss Fortune,Leona,0.5,0.5874,0.5946,0.5431,0.3908,0.0,-290.0,1887.0,8.0,5.0,13.0,4.0,0.4522,0.5,0.4616,0.5,0.5,344.5803,0
0,Blue,SK Gaming,0.4064,Jax,Jarvan IV,Viktor,Sivir,Nautilus,0.5038,0.439,0.5232,0.3719,0.262,0.0,-4853.0,-2159.0,-24.0,0.0,0.0,6.0,0.4091,0.5,0.4165,0.5,0.5,-500.0214,0
0,Red,Rogue,0.2373,Aatrox,Sejuani,Tristana,Kai'Sa,Braum,0.375,0.5647,0.5041,0.5858,0.3989,1.0,4853.0,2159.0,24.0,6.0,14.0,0.0,0.2557,0.2412,0.2354,0.2419,0.2471,-476.2864,1
0,Blue,Team Vitality,0.2668,Rumble,Pantheon,Viktor,Kai'Sa,Poppy,0.7389,0.5078,0.4734,0.6253,0.7505,0.0,1930.0,1845.0,-8.0,7.0,11.0,4.0,0.2651,0.2585,0.2651,0.2669,0.2759,-78.6287,1
0,Red,KOI,0.6078,Gwen,Xin Zhao,Taliyah,Jhin,Rell,0.5202,0.5371,0.64,0.4846,0.5896,1.0,-1930.0,-1845.0,8.0,4.0,6.0,7.0,0.6078,0.6078,0.6225,0.6078,0.6078,-501.0603,0
0,Blue,KOI,0.5499,Gnar,Skarner,Ahri,Varus,Alistar,0.5929,0.3971,0.2927,0.634,0.514,0.0,-2260.0,-1855.0,-6.0,4.0,7.0,7.0,0.5499,0.5499,0.5601,0.5499,0.5499,174.6087,0
0,Red,Team Vitality,0.3367,Sylas,Naafiri,Ryze,Miss Fortune,Rakan,0.2718,0.5,0.2938,0.4907,0.7359,1.0,2260.0,1855.0,6.0,7.0,10.0,4.0,0.3429,0.3318,0.3429,0.3368,0.3448,-79.2591,1
0,Blue,GiantX,0.3115,Jax,Sejuani,Yone,Miss Fortune,Neeko,0.4558,0.6062,0.538,0.5398,0.5016,0.0,-1120.0,-2742.0,-35.0,3.0,9.0,2.0,0.3125,0.2778,0.3115,0.3244,0.3244,35.4812,1
0,Red,G2 Esports,0.6073,Malphite,Xin Zhao,Aurora,Ezreal,Alistar,0.5996,0.486,0.4118,0.4826,0.465,1.0,1120.0,2742.0,35.0,2.0,1.0,3.0,0.6073,0.5997,0.6073,0.6073,0.5916,-930.7704,0
0,Blue,GiantX,0.3771,Sion,Pantheon,Taliyah,Jhin,Rell,0.3875,0.5562,0.5791,0.4385,0.5335,0.0,-345.0,464.0,-15.0,1.0,4.0,1.0,0.3822,0.3467,0.3771,0.3887,0.3887,-45.6892,0
0,Red,G2 Esports,0.5495,Aatrox,Maokai,Hwei,Caitlyn,Braum,0.4345,0.5315,0.5318,0.4127,0.4561,1.0,345.0,-464.0,15.0,1.0,3.0,1.0,0.5495,0.5396,0.5495,0.5495,0.5352,-64.4829,1
0,Blue,GiantX,0.3412,Gnar,Wukong,Viktor,Kai'Sa,Poppy,0.5364,0.5371,0.5235,0.661,0.7743,0.0,-1195.0,-991.0,-25.0,1.0,1.0,3.0,0.3437,0.3136,0.3412,0.3517,0.3517,-66.8452,1
0,Red,G2 Esports,0.5924,Yasuo,Jarvan IV,Orianna,Xayah,Rakan,0.4751,0.3972,0.5276,0.5445,0.7611,1.0,1195.0,991.0,25.0,3.0,2.0,1.0,0.5924,0.5855,0.5924,0.5924,0.5795,-5.6601,0
0,Blue,KOI,0.4975,Rumble,Naafiri,Ahri,Corki,Rell,0.7638,0.5,0.2648,0.3726,0.4827,1.0,960.0,1539.0,36.0,3.0,4.0,3.0,0.4975,0.4975,0.5043,0.4975,0.4975,15.0697,0
0,Red,Fnatic,0.7174,Warwick,Pantheon,Taliyah,Kai'Sa,Alistar,0.5,0.5017,0.5239,0.6933,0.4208,0.0,-960.0,-1539.0,-36.0,3.0,5.0,3.0,0.7174,0.7174,0.7174,0.7162,0.7242,314.3188,1
0,Blue,KOI,0.4501,Ambessa,Sejuani,Yone,Ezreal,Rakan,0.6058,0.6437,0.582,0.4366,0.6886,0.0,1789.0,1586.0,16.0,6.0,8.0,4.0,0.4501,0.4501,0.4542,0.4501,0.4501,-778.9067,1
0,Red,Fnatic,0.7443,Wukong,Xin Zhao,Azir,Miss Fortune,Nautilus,0.5812,0.4397,0.4333,0.5841,0.237,1.0,-1789.0,-1586.0,-16.0,4.0,4.0,6.0,0.7443,0.7443,0.7443,0.7432,0.7505,22.515,0
0,Blue,KOI,0.5025,Gwen,Skarner,Sylas,Tristana,Neeko,0.4706,0.3587,0.3412,0.5513,0.5493,1.0,-2285.0,-1588.0,-31.0,1.0,1.0,4.0,0.5025,0.5025,0.5082,0.5025,0.5025,109.8691,1
0,Red,Fnatic,0.6735,Jayce,Vi,Viktor,Xayah,Renata Glasc,0.5489,0.4421,0.5689,0.4926,0.5653,0.0,2285.0,1588.0,31.0,4.0,2.0,1.0,0.6735,0.6735,0.6735,0.6725,0.679,101.8239,0
0,Blue,G2 Esports,0.536,Jax,Maokai,Jayce,Varus,Alistar,0.5077,0.5761,0.4967,0.5736,0.4759,0.0,4654.0,3877.0,46.0,9.0,15.0,2.0,0.536,0.5274,0.536,0.536,0.5243,-274.0103,1
0,Red,Fnatic,0.6093,K'Sante,Vi,Taliyah,Ezreal,Braum,0.2211,0.4,0.5693,0.4903,0.5079,1.0,-4654.0,-3877.0,-46.0,2.0,6.0,9.0,0.6093,0.6093,0.6093,0.6084,0.6143,-316.7556,0
0,Blue,Fnatic,0.5513,Gwen,Naafiri,Azir,Jhin,Neeko,0.521,0.5,0.3921,0.3967,0.5924,0.0,3820.0,3646.0,55.0,6.0,9.0,2.0,0.5513,0.5513,0.5513,0.5505,0.5558,-203.2879,1
0,Red,G2 Esports,0.5802,Galio,Xin Zhao,Hwei,Kai'Sa,Rell,0.3058,0.3978,0.5774,0.7225,0.4367,1.0,-3820.0,-3646.0,-55.0,2.0,2.0,6.0,0.5802,0.5741,0.5802,0.5802,0.5696,-94.3395,0
0,Blue,G2 Esports,0.5249,Aatrox,Zyra,Gragas,Miss Fortune,Leona,0.4884,0.48,0.531,0.5279,0.3536,0.0,-2669.0,-319.0,18.0,4.0,7.0,10.0,0.5249,0.5176,0.5249,0.5249,0.5154,563.5108,0
0,Red,Fnatic,0.594,Sion,Pantheon,Aurelion Sol,Corki,Nautilus,0.3506,0.5504,0.5,0.3371,0.2145,1.0,2669.0,319.0,-18.0,10.0,18.0,4.0,0.594,0.594,0.594,0.5933,0.5981,-131.8678,1
0,Blue,KOI,0.5499,Rumble,Vi,Ahri,Kai'Sa,Rell,0.691,0.3619,0.2396,0.6537,0.3951,1.0,545.0,-324.0,-15.0,5.0,7.0,4.0,0.5499,0.5499,0.5566,0.5499,0.5499,142.6333,1
0,Red,GiantX,0.4039,Gwen,Pantheon,Taliyah,Xayah,Alistar,0.5666,0.5942,0.515,0.4457,0.5258,0.0,-545.0,324.0,15.0,3.0,4.0,5.0,0.4095,0.379,0.4039,0.4134,0.4134,171.3773,0
0,Blue,GiantX,0.3655,Sion,Nidalee,Tristana,Varus,Leona,0.4124,0.5379,0.594,0.6142,0.3199,1.0,-674.0,538.0,5.0,1.0,2.0,2.0,0.3686,0.3429,0.3655,0.3741,0.3741,658.1366,1
0,Red,KOI,0.5928,Aurora,Maokai,Corki,Miss Fortune,Rakan,0.3687,0.6165,0.4002,0.4772,0.7182,0.0,674.0,-538.0,-5.0,2.0,3.0,1.0,0.5928,0.5928,0.6002,0.5928,0.5928,610.3475,0
0,Blue,KOI,0.5363,Ambessa,Xin Zhao,Aurelion Sol,Caitlyn,Neeko,0.6439,0.3599,0.5,0.469,0.6313,1.0,949.0,796.0,20.0,0.0,0.0,0.0,0.5363,0.5363,0.5414,0.5363,0.5363,-200.4324,1
0,Red,GiantX,0.4259,Renekton,Sejuani,Viktor,Zeri,Blitzcrank,0.4167,0.6776,0.5147,0.5667,0.5763,0.0,-949.0,-796.0,-20.0,0.0,0.0,0.0,0.4313,0.4055,0.4259,0.4337,0.4337,191.0676,0
0,Blue,SK Gaming,0.3677,Gwen,Naafiri,Ahri,Corki,Leona,0.5127,0.5,0.312,0.3621,0.3847,1.0,579.0,-178.0,-6.0,4.0,8.0,2.0,0.3701,0.5,0.3759,0.5,0.3638,399.1226,0
0,Red,Team Heretics,0.4722,Rumble,Vi,Taliyah,Jhin,Rell,0.7205,0.4226,0.466,0.4542,0.4527,0.0,-579.0,178.0,6.0,2.0,5.0,4.0,0.4826,0.4807,0.4826,0.4722,0.4826,-672.8012,1
0,Blue,Team Heretics,0.5225,Aatrox,Xin Zhao,Azir,Ashe,Braum,0.4418,0.4209,0.45,0.4662,0.4595,1.0,-58.0,354.0,-25.0,2.0,3.0,1.0,0.5348,0.5302,0.5348,0.5225,0.5348,-743.4924,1
0,Red,SK Gaming,0.3327,Gnar,Pantheon,Viktor,Miss Fortune,Rakan,0.5805,0.5364,0.4657,0.4314,0.6498,0.0,58.0,-354.0,25.0,1.0,3.0,2.0,0.3349,0.5,0.3394,0.5,0.3244,571.998,0
0,Blue,Team Vitality,0.3998,Rumble,Naafiri,Taliyah,Jhin,Alistar,0.7471,0.5,0.5168,0.5062,0.4758,0.0,-1413.0,-311.0,9.0,0.0,0.0,4.0,0.4117,0.3976,0.4117,0.3999,0.4072,-803.8446,1
0,Red,Team BDS,0.4928,Ornn,Pantheon,Azir,Ashe,Seraphine,0.5513,0.4844,0.5023,0.517,0.5912,1.0,1413.0,311.0,-9.0,4.0,6.0,0.0,0.4901,0.4886,0.4928,0.4928,0.4947,-765.2997,0
0,Blue,Team Vitality,0.457,Yone,Wukong,Ahri,Miss Fortune,Rakan,0.6218,0.5258,0.2823,0.39,0.588,0.0,415.0,294.0,18.0,0.0,0.0,1.0,0.4727,0.4568,0.4727,0.4571,0.4637,436.7958,0
0,Red,Team BDS,0.4458,Gnar,Sejuani,Orianna,Corki,Rell,0.5253,0.6131,0.4774,0.3276,0.5048,1.0,-415.0,-294.0,-18.0,1.0,1.0,0.0,0.4434,0.442,0.4458,0.4458,0.4456,347.1621,1
0,Blue,Team Vitality,0.4135,Aatrox,Xin Zhao,Ryze,Kai'Sa,Neeko,0.495,0.476,0.361,0.6867,0.6665,0.0,-2029.0,-850.0,-15.0,1.0,1.0,4.0,0.4241,0.4121,0.4241,0.4135,0.4195,-355.075,1
0,Red,Team BDS,0.4986,Renekton,Nidalee,Tristana,Varus,Blitzcrank,0.377,0.5827,0.6327,0.651,0.5208,1.0,2029.0,850.0,15.0,4.0,6.0,1.0,0.4965,0.4952,0.4986,0.4986,0.5004,1442.2385,0
0,Blue,Fnatic,0.6327,Gwen,Pantheon,Taliyah,Kai'Sa,Rell,0.4639,0.4375,0.5629,0.7165,0.552,0.0,-39.0,467.0,4.0,3.0,3.0,4.0,0.6327,0.6327,0.6327,0.632,0.6364,96.8687,1
0,Red,Team BDS,0.4511,Rumble,Xin Zhao,Tristana,Jhin,Rakan,0.7712,0.5259,0.5724,0.5532,0.532,1.0,39.0,-467.0,-4.0,4.0,5.0,3.0,0.4492,0.448,0.4511,0.4511,0.4511,-452.4177,0
0,Blue,Fnatic,0.6677,Gragas,Vi,Aurelion Sol,Kalista,Neeko,0.4804,0.4776,0.5,0.6209,0.6984,0.0,2031.0,1666.0,12.0,4.0,7.0,2.0,0.6677,0.6677,0.6677,0.6671,0.671,599.6826,1
0,Red,Team BDS,0.4082,Shen,Nocturne,Orianna,Varus,Alistar,0.5,0.3275,0.5272,0.589,0.5257,1.0,-2031.0,-1666.0,-12.0,2.0,4.0,4.0,0.4064,0.4053,0.4082,0.4082,0.4068,174.7482,0
0,Blue,Karmine Corp,0.6853,Gnar,Lillia,Yone,Miss Fortune,Poppy,0.5705,0.4483,0.5626,0.3526,0.7958,0.0,827.0,-300.0,9.0,4.0,11.0,6.0,0.6861,0.69,0.6861,0.6892,0.6852,254.8144,1
0,Red,Rogue,0.3099,Aatrox,Sejuani,Azir,Jhin,Rell,0.5431,0.6499,0.4545,0.5005,0.5947,1.0,-827.0,300.0,-9.0,6.0,12.0,4.0,0.3266,0.3135,0.3082,0.3141,0.3188,-594.8368,0
0,Blue,Karmine Corp,0.7153,Jayce,Vi,Akali,Zeri,Alistar,0.5446,0.5274,0.3514,0.5127,0.4756,0.0,3412.0,1300.0,36.0,5.0,8.0,3.0,0.7161,0.7195,0.7161,0.7193,0.7152,613.7321,1
0,Red,Rogue,0.2804,Yorick,Xin Zhao,Viktor,Kai'Sa,Rakan,0.5,0.4759,0.4214,0.7435,0.4813,1.0,-3412.0,-1300.0,-36.0,3.0,3.0,5.0,0.2955,0.2836,0.2788,0.2842,0.2884,-334.0573,0
0,Blue,GiantX,0.3853,Rumble,Skarner,Akali,Varus,Alistar,0.6977,0.4207,0.4131,0.5329,0.5256,1.0,587.0,782.0,49.0,1.0,1.0,2.0,0.3887,0.3669,0.3853,0.3924,0.3924,-280.5423,1
0,Red,Team BDS,0.3693,Gnar,Nocturne,Orianna,Jhin,Rakan,0.6114,0.2959,0.477,0.4528,0.4355,0.0,-587.0,-782.0,-49.0,2.0,2.0,1.0,0.3677,0.3667,0.3693,0.3693,0.367,101.6777,0
0,Blue,GiantX,0.4439,Jax,Vi,Taliyah,Lucian,Nautilus,0.5546,0.5724,0.6045,0.3247,0.2893,1.0,1328.0,775.0,38.0,2.0,5.0,3.0,0.4489,0.4272,0.4439,0.4502,0.4502,-132.0255,1
0,Red,Team BDS,0.3341,Shen,Sejuani,Azir,Zeri,Rell,0.5,0.588,0.4112,0.5592,0.538,0.0,-1328.0,-775.0,-38.0,3.0,10.0,2.0,0.3327,0.3318,0.3341,0.3341,0.3312,-135.5579,0
0,Blue,G2 Esports,0.4749,Sion,Vi,Taliyah,Ezreal,Leona,0.4684,0.6131,0.6422,0.4436,0.348,1.0,1740.0,207.0,-2.0,3.0,6.0,1.0,0.4749,0.4668,0.4749,0.4749,0.4663,-527.2279,1
0,Red,Team Vitality,0.4693,Vladimir,Pantheon,Jayce,Xayah,Alistar,0.5,0.4919,0.588,0.4032,0.5707,0.0,-1740.0,-207.0,2.0,1.0,2.0,3.0,0.4829,0.4695,0.4829,0.4694,0.4748,670.1171,0
0,Blue,G2 Esports,0.5249,Jax,Xin Zhao,Orianna,Varus,Renata Glasc,0.597,0.4305,0.4315,0.5774,0.5115,0.0,2156.0,1863.0,61.0,4.0,6.0,3.0,0.5249,0.519,0.5249,0.5249,0.5171,-473.9787,1
0,Red,Team Vitality,0.4246,Aatrox,Naafiri,Ahri,Jhin,Nautilus,0.4914,0.5,0.2554,0.4097,0.357,1.0,-2156.0,-1863.0,-61.0,3.0,2.0,4.0,0.4339,0.4237,0.4339,0.4247,0.4296,-387.8397,0
0,Blue,Fnatic,0.6993,Gragas,Vi,Yone,Kai'Sa,Nautilus,0.5299,0.65,0.6043,0.6727,0.323,1.0,298.0,214.0,13.0,3.0,5.0,3.0,0.6993,0.6993,0.6993,0.6988,0.7024,-46.3631,1
0,Red,Team Heretics,0.5679,Ambessa,Sejuani,Azir,Miss Fortune,Poppy,0.6783,0.532,0.3721,0.4146,0.8152,0.0,-298.0,-214.0,-13.0,3.0,4.0,3.0,0.5814,0.5749,0.5814,0.568,0.5814,-426.1669,0
0,Blue,Team Heretics,0.5139,Gnar,Maokai,Mel,Zeri,Rell,0.5532,0.5578,0.5,0.5059,0.4868,0.0,122.0,-2126.0,-51.0,4.0,3.0,2.0,0.5234,0.5202,0.5234,0.5139,0.5234,-67.6808,0
0,Red,Fnatic,0.728,Gwen,Dr. Mundo,Viktor,Ezreal,Alistar,0.5149,0.4864,0.3812,0.4966,0.5164,1.0,-122.0,2126.0,51.0,1.0,1.0,4.0,0.728,0.728,0.728,0.7275,0.7307,-703.08,1
0,Blue,KOI,0.5805,Rumble,Xin Zhao,Taliyah,Xayah,Rakan,0.7265,0.4848,0.6762,0.3648,0.394,0.0,4251.0,1077.0,25.0,8.0,22.0,1.0,0.5805,0.5805,0.5862,0.5805,0.5805,-353.4198,1
0,Red,SK Gaming,0.301,Aatrox,Pantheon,Ryze,Ezreal,Annie,0.4446,0.4444,0.4219,0.5445,0.4894,1.0,-4251.0,-1077.0,-25.0,1.0,1.0,8.0,0.303,0.5,0.3065,0.5,0.2896,-1204.698,0
0,Blue,SK Gaming,0.2723,Gwen,Naafiri,Sylas,Corki,Gragas,0.5611,0.5,0.4039,0.3917,0.5746,0.0,-3602.0,-3764.0,-74.0,2.0,4.0,7.0,0.2741,0.5,0.2768,0.5,0.259,-44.2898,0
0,Red,KOI,0.6204,Kennen,Poppy,Viktor,Zeri,Rell,0.6356,0.7376,0.4402,0.4577,0.4404,1.0,3602.0,3764.0,74.0,7.0,11.0,2.0,0.6204,0.6204,0.6265,0.6204,0.6204,-222.716,1
0,Blue,SK Gaming,0.2464,Jayce,Vi,Ahri,Corki,Rakan,0.532,0.6833,0.2311,0.3544,0.4517,0.0,-760.0,-398.0,-6.0,1.0,1.0,1.0,0.248,0.5,0.25,0.5,0.2319,995.8158,0
0,Red,G2 Esports,0.5702,K'Sante,Pantheon,Taliyah,Kai'Sa,Alistar,0.2001,0.4015,0.7071,0.7039,0.5624,1.0,760.0,398.0,6.0,1.0,1.0,1.0,0.5702,0.5659,0.5702,0.5702,0.5631,-352.4884,1
0,Blue,G2 Esports,0.6111,Jax,Wukong,Azir,Caitlyn,Braum,0.6354,0.4757,0.3366,0.5199,0.511,0.0,696.0,205.0,32.0,1.0,2.0,2.0,0.6111,0.6082,0.6111,0.6111,0.6047,182.6375,1
0,Red,SK Gaming,0.2229,Gragas,Xin Zhao,Ryze,Miss Fortune,Rell,0.5199,0.5338,0.3817,0.3749,0.4937,1.0,-696.0,-205.0,-32.0,2.0,6.0,1.0,0.2244,0.5,0.2259,0.5,0.2078,-706.6441,0
0,Blue,Team Vitality,0.3842,Gwen,Poppy,Yone,Kai'Sa,Neeko,0.5077,0.7626,0.642,0.7321,0.7272,0.0,-1140.0,-959.0,-2.0,1.0,2.0,4.0,0.3902,0.3825,0.3902,0.3842,0.3887,36.2157,0
0,Red,Karmine Corp,0.7424,Rumble,Vi,Sylas,Varus,Leona,0.7526,0.6182,0.3655,0.6176,0.4101,1.0,1140.0,959.0,2.0,4.0,6.0,1.0,0.7432,0.7463,0.7432,0.7464,0.7423,-29.8692,1
0,Blue,Team Vitality,0.3476,Gnar,Xin Zhao,Taliyah,Jhin,Karma,0.5005,0.483,0.735,0.3707,0.5973,1.0,-747.0,-25.0,-45.0,6.0,12.0,5.0,0.3511,0.3454,0.3511,0.3476,0.3517,-162.2721,1
0,Red,Karmine Corp,0.767,Kennen,Naafiri,Ryze,Miss Fortune,Rell,0.6704,0.5,0.3454,0.339,0.4467,0.0,747.0,25.0,45.0,5.0,6.0,6.0,0.7677,0.7704,0.7677,0.7708,0.7669,-213.8097,0
0,Blue,Karmine Corp,0.6939,Jax,Pantheon,Viktor,Kog'Maw,Braum,0.6701,0.4592,0.4935,0.8208,0.5576,1.0,96.0,445.0,33.0,6.0,7.0,8.0,0.6945,0.6971,0.6945,0.6966,0.6938,44.1564,1
0,Red,Team Vitality,0.4097,Aatrox,Sejuani,Aurelion Sol,Corki,Nami,0.4022,0.4814,0.7729,0.3206,0.5599,0.0,-96.0,-445.0,-33.0,8.0,10.0,6.0,0.4158,0.4088,0.4158,0.4098,0.4134,-512.856,0
0,Blue,SK Gaming,0.2017,Gragas,Vi,Taliyah,Ezreal,Leona,0.4704,0.6546,0.7602,0.4927,0.4663,1.0,-2251.0,-1916.0,-29.0,4.0,8.0,9.0,0.203,0.5,0.2041,0.5,0.1864,-305.2364,0
0,Red,Team Vitality,0.3707,Aatrox,Pantheon,Viktor,Jhin,Neeko,0.3639,0.5112,0.5417,0.4306,0.6578,0.0,2251.0,1916.0,29.0,9.0,11.0,4.0,0.3745,0.3693,0.3745,0.3708,0.374,-313.9741,1
0,Blue,Team Vitality,0.4306,Rumble,Naafiri,Annie,Kai'Sa,Poppy,0.7761,0.5,0.441,0.6623,0.6899,1.0,3228.0,986.0,13.0,10.0,15.0,6.0,0.4364,0.4302,0.4364,0.4307,0.4336,-502.8388,1
0,Red,SK Gaming,0.1825,Gwen,Sejuani,Corki,Tristana,Alistar,0.4593,0.4355,0.2901,0.5179,0.6041,0.0,-3228.0,-986.0,-13.0,6.0,7.0,10.0,0.1837,0.5,0.1844,0.5,0.1674,-159.198,0
0,Blue,G2 Esports,0.6481,Jax,Xin Zhao,Galio,Varus,Nautilus,0.7015,0.5322,0.2761,0.654,0.3874,0.0,1639.0,1706.0,21.0,5.0,11.0,2.0,0.6481,0.6463,0.6481,0.6481,0.6424,-431.0101,1
0,Red,Karmine Corp,0.7231,Gnar,Vi,Sylas,Kai'Sa,Neeko,0.548,0.5922,0.4259,0.6945,0.6904,1.0,-1639.0,-1706.0,-21.0,2.0,3.0,5.0,0.7236,0.7259,0.7236,0.7258,0.723,379.7741,0
0,Blue,Karmine Corp,0.6542,Gwen,Naafiri,Taliyah,Ezreal,Alistar,0.4156,0.5,0.6878,0.4457,0.5466,0.0,1548.0,254.0,26.0,2.0,3.0,3.0,0.6546,0.6568,0.6546,0.656,0.6541,-686.4509,1
0,Red,G2 Esports,0.6817,Shen,Lillia,Viktor,Caitlyn,Braum,0.5,0.5009,0.5854,0.5658,0.5997,1.0,-1548.0,-254.0,-26.0,3.0,6.0,2.0,0.6817,0.6806,0.6817,0.6817,0.6764,139.862,0
0,Blue,G2 Esports,0.6167,Warwick,Dr. Mundo,Yone,Kalista,Rell,0.5,0.5362,0.5808,0.657,0.4042,1.0,-1437.0,-1113.0,-26.0,1.0,4.0,3.0,0.6167,0.6147,0.6167,0.6167,0.612,261.8489,0
0,Red,Karmine Corp,0.6871,Ambessa,Sejuani,Azir,Miss Fortune,Rakan,0.6129,0.394,0.3998,0.3066,0.4087,0.0,1437.0,1113.0,26.0,3.0,7.0,1.0,0.6875,0.6895,0.6875,0.6891,0.6871,-173.3836,1
0,Blue,Team Heretics,0.4649,Gwen,Maokai,Tristana,Jhin,Rell,0.4712,0.5046,0.4686,0.4849,0.3657,0.0,-4163.0,-2634.0,-86.0,2.0,2.0,4.0,0.4715,0.4706,0.4715,0.4649,0.4715,-392.5832,0
0,Red,GiantX,0.4969,Jax,Nidalee,Sion,Kai'Sa,Gragas,0.7299,0.5263,0.519,0.6284,0.4256,1.0,4163.0,2634.0,86.0,4.0,6.0,2.0,0.503,0.4818,0.4969,0.5026,0.5026,284.8601,1
0,Blue,Team Heretics,0.4206,Jayce,Sejuani,Viktor,Ezreal,Rakan,0.4813,0.4517,0.5296,0.4985,0.465,0.0,-556.0,-653.0,8.0,2.0,1.0,2.0,0.4248,0.4258,0.4248,0.4207,0.4248,50.0594,0
0,Red,GiantX,0.5448,Ornn,Xin Zhao,Sylas,Miss Fortune,Nautilus,0.4988,0.5768,0.3853,0.3729,0.4458,1.0,556.0,653.0,-8.0,2.0,2.0,2.0,0.5517,0.5311,0.5448,0.55,0.55,-765.3589,1
0,Blue,Rogue,0.2537,Yorick,Pantheon,Taliyah,Kai'Sa,Rell,0.5,0.5582,0.7175,0.6638,0.3308,1.0,-1207.0,-2285.0,-56.0,4.0,7.0,3.0,0.2674,0.5,0.2523,0.2571,0.2566,221.6092,0
0,Red,KOI,0.6566,Ambessa,Vi,Ahri,Xayah,Rakan,0.6501,0.5358,0.2091,0.4253,0.4207,0.0,1207.0,2285.0,56.0,3.0,4.0,4.0,0.6566,0.6566,0.6628,0.6566,0.6566,307.3817,1
0,Blue,Rogue,0.2295,Aurora,Xin Zhao,Orianna,Varus,Karma,0.3304,0.6171,0.4857,0.687,0.6357,0.0,-63.0,-206.0,33.0,1.0,1.0,4.0,0.2419,0.5,0.2283,0.2326,0.2322,628.4882,0
0,Red,KOI,0.6893,Rumble,Naafiri,Azir,Kalista,Renata Glasc,0.7974,0.5,0.457,0.5944,0.558,1.0,63.0,206.0,-33.0,4.0,8.0,1.0,0.6893,0.6893,0.6955,0.6893,0.6893,524.754,1
0,Blue,Team Heretics,0.3806,Aatrox,Naafiri,Ahri,Varus,Nautilus,0.4245,0.5,0.2844,0.6216,0.4986,1.0,301.0,873.0,33.0,3.0,7.0,2.0,0.383,0.3853,0.383,0.3806,0.383,3.2727,1
0,Red,Team Vitality,0.4849,Gnar,Xin Zhao,Azir,Jhin,Renata Glasc,0.4959,0.5583,0.5087,0.4387,0.6001,0.0,-301.0,-873.0,-33.0,2.0,3.0,3.0,0.4919,0.4851,0.4919,0.4849,0.4876,-184.2049,0
1,Blue,Fnatic,0.7539,Rumble,Vi,Azir,Corki,Rell,0.8167,0.58,0.4602,0.2625,0.2993,1.0,1209.0,1009.0,-10.0,2.0,3.0,1.0,0.7539,0.7539,0.7539,0.7534,0.7563,326.0239,1
1,Red,G2 Esports,0.558,Ornn,Xin Zhao,Akali,Varus,Alistar,0.5465,0.5051,0.469,0.6576,0.5898,0.0,-1209.0,-1009.0,10.0,1.0,1.0,2.0,0.558,0.5553,0.558,0.558,0.5537,-617.7161,0
1,Blue,G2 Esports,0.5049,Gnar,Wukong,Ahri,Senna,Nautilus,0.4486,0.5257,0.3526,0.2323,0.5463,0.0,-117.0,1046.0,7.0,7.0,9.0,5.0,0.5049,0.5017,0.5049,0.5049,0.501,-906.0856,1
1,Red,Fnatic,0.7773,Yorick,Pantheon,Taliyah,Zeri,Renata Glasc,0.5,0.5046,0.6492,0.5094,0.543,1.0,117.0,-1046.0,-7.0,5.0,10.0,7.0,0.7773,0.7773,0.7773,0.7769,0.7796,-71.7986,0
1,Blue,Fnatic,0.7033,Gwen,Skarner,Hwei,Kalista,Taric,0.4264,0.4766,0.5213,0.633,0.5,0.0,2708.0,491.0,14.0,6.0,10.0,5.0,0.7033,0.7033,0.7033,0.7029,0.7053,-234.0179,0
1,Red,G2 Esports,0.552,Jax,Poppy,Annie,Xayah,Rakan,0.7557,0.7195,0.4961,0.4801,0.4759,1.0,-2708.0,-491.0,-14.0,5.0,9.0,6.0,0.552,0.5497,0.552,0.552,0.5485,116.807,1
1,Blue,Fnatic,0.6363,Camille,Sejuani,Orianna,Tristana,Neeko,0.4187,0.4087,0.4394,0.424,0.6246,1.0,433.0,1018.0,-20.0,6.0,16.0,3.0,0.6363,0.6363,0.6363,0.636,0.6381,-16.647,0
1,Red,G2 Esports,0.5947,Ambessa,Trundle,Galio,Kai'Sa,Leona,0.6838,0.4154,0.3463,0.6005,0.4219,0.0,-433.0,-1018.0,20.0,3.0,5.0,6.0,0.5947,0.5931,0.5947,0.5947,0.5915,-161.8915,1
1,Blue,Karmine Corp,0.7169,Rumble,Xin Zhao,Sylas,Ezreal,Rakan,0.8342,0.457,0.4439,0.451,0.5258,0.0,561.0,742.0,9.0,0.0,0.0,0.0,0.7173,0.719,0.7173,0.7189,0.7169,-525.549,0
1,Red,KOI,0.7189,Galio,Vi,Ahri,Xayah,Rell,0.4096,0.62,0.4142,0.5296,0.3661,1.0,-561.0,-742.0,-9.0,0.0,0.0,0.0,0.7189,0.7189,0.725,0.7189,0.7189,-80.7717,1
1,Blue,Karmine Corp,0.6486,Ambessa,Sejuani,Yone,Kalista,Leona,0.7142,0.3698,0.5255,0.5727,0.477,0.0,1895.0,1685.0,12.0,4.0,5.0,1.0,0.6489,0.6506,0.6489,0.65,0.6486,84.9304,1
1,Red,KOI,0.7456,Jax,Pantheon,Akali,Kai'Sa,Neeko,0.7789,0.4562,0.4244,0.6386,0.565,1.0,-1895.0,-1685.0,-12.0,1.0,2.0,4.0,0.7456,0.7456,0.7516,0.7456,0.7456,985.7795,0
1,Blue,KOI,0.6746,Nidalee,Trundle,Taliyah,Senna,Nautilus,0.5721,0.471,0.5874,0.3054,0.5895,1.0,1571.0,468.0,4.0,7.0,15.0,4.0,0.6746,0.6746,0.679,0.6746,0.6746,-386.9263,1
1,Red,Karmine Corp,0.6821,Gnar,Skarner,Viktor,Varus,Alistar,0.5011,0.4307,0.4792,0.595,0.5336,0.0,-1571.0,-468.0,-4.0,4.0,9.0,7.0,0.6824,0.6838,0.6824,0.6835,0.6821,-151.9714,0
1,Blue,Karmine Corp,0.6171,Camille,Maokai,Hwei,Miss Fortune,Gragas,0.3788,0.4566,0.4707,0.4329,0.4803,1.0,-2980.0,-1924.0,-35.0,3.0,5.0,5.0,0.6174,0.6187,0.6174,0.618,0.6171,-268.3397,1
1,Red,KOI,0.7056,Sion,Naafiri,Aurora,Lucian,Karma,0.5648,0.5,0.2965,0.3891,0.5751,0.0,2980.0,1924.0,35.0,5.0,12.0,3.0,0.7056,0.7056,0.71,0.7056,0.7056,654.1079,0
1,Blue,KOI,0.6384,Ornn,Poppy,Ryze,Tristana,Braum,0.4945,0.7462,0.3125,0.3836,0.5426,0.0,-952.0,-27.0,-24.0,1.0,1.0,2.0,0.6384,0.6384,0.6416,0.6384,0.6384,-1137.4381,1
1,Red,Karmine Corp,0.6536,Aatrox,Wukong,Zoe,Jhin,Pyke,0.4793,0.5708,0.3402,0.3969,0.3911,1.0,952.0,27.0,24.0,2.0,3.0,1.0,0.6538,0.655,0.6538,0.6546,0.6536,-490.0424,0
1,Blue,KOI,0.6729,Ambessa,Pantheon,Ryze,Smolder,Rell,0.7416,0.4124,0.3779,0.4394,0.4264,0.0,-161.0,-540.0,11.0,3.0,5.0,3.0,0.6729,0.6729,0.6761,0.6729,0.6729,-215.3463,0
1,Red,G2 Esports,0.6333,Camille,Wukong,Ahri,Senna,Nautilus,0.438,0.5165,0.47,0.3716,0.6286,1.0,161.0,540.0,-11.0,3.0,4.0,3.0,0.6333,0.6322,0.6333,0.6333,0.6304,-1217.7635,1
1,Blue,KOI,0.6088,Jayce,Ivern,Azir,Ezreal,Leona,0.4355,0.5567,0.5116,0.4081,0.5268,0.0,-2386.0,-2283.0,-32.0,1.0,2.0,2.0,0.6088,0.6088,0.6111,0.6088,0.6088,251.0939,0
1,Red,G2 Esports,0.6682,Sion,Naafiri,Taliyah,Varus,Alistar,0.511,0.5,0.6267,0.5383,0.4828,1.0,2386.0,2283.0,32.0,2.0,2.0,1.0,0.6682,0.6676,0.6682,0.6682,0.6656,-113.1751,1
1,Blue,KOI,0.5508,Rumble,Lillia,Yone,Kai'Sa,Renata Glasc,0.7547,0.4531,0.5707,0.5778,0.4912,0.0,-503.0,620.0,-8.0,1.0,1.0,2.0,0.5508,0.5508,0.5524,0.5508,0.5508,230.9729,1
1,Red,G2 Esports,0.6998,Gwen,Trundle,Annie,Xayah,Braum,0.3858,0.5214,0.5456,0.5744,0.5862,1.0,503.0,-620.0,8.0,2.0,0.0,1.0,0.6998,0.6995,0.6998,0.6998,0.6975,-872.3179,0
1,Blue,G2 Esports,0.6332,Swain,Maokai,Tristana,Draven,Blitzcrank,0.5,0.5083,0.4423,0.561,0.4706,0.0,1982.0,2601.0,33.0,2.0,3.0,0.0,0.6332,0.6324,0.6332,0.6332,0.631,519.2606,1
1,Red,KOI,0.5936,K'Sante,Sejuani,Viktor,Miss Fortune,Neeko,0.2763,0.4298,0.4335,0.487,0.5111,1.0,-1982.0,-2601.0,-33.0,0.0,0.0,2.0,0.5936,0.5936,0.5954,0.5936,0.5936,-144.3842,0
1,Blue,Fnatic,0.5757,Gwen,Skarner,Taliyah,Kalista,Renata Glasc,0.349,0.3892,0.6622,0.6134,0.5397,1.0,1032.0,-1126.0,-21.0,7.0,8.0,5.0,0.5757,0.5757,0.5757,0.5754,0.5774,-317.3116,1
1,Red,GiantX,0.5882,Vladimir,Pantheon,Ahri,Senna,Alistar,0.5,0.3729,0.5205,0.4314,0.532,0.0,-1032.0,1126.0,21.0,5.0,5.0,7.0,0.5954,0.5758,0.5882,0.5928,0.5928,-447.6191,0
1,Blue,GiantX,0.5321,Jax,Nocturne,Orianna,Varus,Gragas,0.7047,0.2674,0.3976,0.5823,0.5298,0.0,2117.0,-433.0,-20.0,5.0,4.0,3.0,0.5374,0.521,0.5321,0.5364,0.5364,393.0323,0
1,Red,Fnatic,0.6161,Cho'Gath,Xin Zhao,Aurelion Sol,Jhin,Rell,0.5,0.4135,0.689,0.3591,0.3858,1.0,-2117.0,433.0,20.0,3.0,4.0,5.0,0.6161,0.6161,0.6161,0.6158,0.6176,-489.6802,1
1,Blue,GiantX,0.4814,Yorick,Sejuani,Viktor,Corki,Rumble,0.5,0.3889,0.3922,0.3327,0.7781,1.0,1206.0,728.0,34.0,3.0,2.0,4.0,0.4852,0.4713,0.4814,0.4853,0.4853,-246.8102,1
1,Red,Fnatic,0.6527,Ornn,Maokai,Sylas,Lucian,Milio,0.5426,0.5552,0.4016,0.352,0.5608,0.0,-1206.0,-728.0,-34.0,4.0,7.0,3.0,0.6527,0.6527,0.6527,0.6524,0.654,-761.7033,0
1,Blue,Fnatic,0.5905,Sion,Wukong,Ryze,Xayah,Rakan,0.5576,0.5625,0.3419,0.5197,0.4757,1.0,-481.0,-663.0,-10.0,5.0,8.0,7.0,0.5905,0.5905,0.5905,0.5903,0.5917,-412.962,1
1,Red,GiantX,0.5308,Gnar,Nidalee,Syndra,Miss Fortune,Nautilus,0.4534,0.6134,0.4256,0.4405,0.664,0.0,481.0,663.0,10.0,7.0,12.0,5.0,0.5351,0.5217,0.5308,0.5343,0.5343,956.5788,0
1,Blue,Karmine Corp,0.5914,Jayce,Wukong,Ryze,Varus,Alistar,0.394,0.6042,0.4046,0.5268,0.4814,0.0,1283.0,157.0,14.0,4.0,4.0,2.0,0.5915,0.5926,0.5915,0.592,0.5913,-199.7906,1
1,Red,Team Heretics,0.4396,Rumble,Naafiri,Orianna,Jhin,Rakan,0.7992,0.5,0.3597,0.4201,0.5257,1.0,-1283.0,-157.0,-14.0,2.0,4.0,4.0,0.4436,0.4438,0.4436,0.4396,0.4436,88.1996,0
1,Blue,Team Heretics,0.3977,Jax,Vi,Ahri,Miss Fortune,Neeko,0.6376,0.6562,0.4709,0.3985,0.4623,1.0,-1605.0,-988.0,-27.0,2.0,5.0,6.0,0.4001,0.4015,0.4001,0.3977,0.4001,708.1363,1
1,Red,Karmine Corp,0.6303,Gwen,Poppy,Azir,Ezreal,Rell,0.411,0.7704,0.4629,0.3692,0.4443,0.0,1605.0,988.0,27.0,6.0,11.0,2.0,0.6304,0.6314,0.6304,0.631,0.6302,-625.7779,0
1,Blue,Karmine Corp,0.5702,Ambessa,Xin Zhao,Hwei,Senna,Braum,0.6705,0.4694,0.522,0.3904,0.5303,1.0,-302.0,-224.0,3.0,0.0,0.0,0.0,0.5704,0.5713,0.5704,0.5707,0.5702,-827.1694,1
1,Red,Team Heretics,0.4551,Renekton,Lillia,Tristana,Ziggs,Nautilus,0.3411,0.5052,0.4954,0.4856,0.6008,0.0,302.0,224.0,-3.0,0.0,0.0,0.0,0.4587,0.4585,0.4587,0.4551,0.4587,1089.5348,0
1,Blue,Team Heretics,0.4117,Gnar,Sejuani,Sylas,Ashe,Seraphine,0.4102,0.4471,0.3634,0.4678,0.5325,1.0,-2408.0,-1352.0,-32.0,1.0,2.0,3.0,0.414,0.4149,0.414,0.4117,0.414,-614.9991,0
1,Red,Karmine Corp,0.6112,Sion,Ivern,Corki,Xayah,Leona,0.5997,0.5036,0.3962,0.5654,0.4766,0.0,2408.0,1352.0,32.0,3.0,6.0,1.0,0.6113,0.6121,0.6113,0.6117,0.6112,-54.4394,1
1,Blue,Karmine Corp,0.6482,Jayce,Wukong,Hwei,Draven,Nautilus,0.4517,0.6419,0.5682,0.6028,0.5435,1.0,302.0,-817.0,-8.0,3.0,5.0,2.0,0.6483,0.6491,0.6483,0.6488,0.6482,913.3505,1
1,Red,Fnatic,0.6295,Sion,Pantheon,Viktor,Kalista,Rell,0.6379,0.3372,0.4501,0.6503,0.402,0.0,-302.0,817.0,8.0,2.0,3.0,3.0,0.6295,0.6295,0.6295,0.6293,0.6306,827.6662,0
1,Blue,Fnatic,0.5696,Rumble,Skarner,Ryze,Xayah,Rakan,0.7231,0.4479,0.4613,0.6068,0.4756,0.0,-1881.0,-1318.0,2.0,3.0,6.0,6.0,0.5696,0.5696,0.5696,0.5694,0.5706,-575.2101,0
1,Red,Karmine Corp,0.6817,Galio,Xin Zhao,Zoe,Lucian,Nami,0.4667,0.5199,0.3063,0.3185,0.5066,1.0,1881.0,1318.0,-2.0,6.0,19.0,3.0,0.6818,0.6825,0.6818,0.6823,0.6817,-357.0062,1
1,Blue,Fnatic,0.5153,Ornn,Naafiri,Yone,Ezreal,Neeko,0.491,0.5457,0.6116,0.3341,0.5136,0.0,-403.0,1365.0,10.0,7.0,12.0,7.0,0.5153,0.5153,0.5153,0.5151,0.5162,-774.8777,0
1,Red,Karmine Corp,0.712,Renekton,Maokai,Azir,Miss Fortune,Karma,0.3086,0.5023,0.4188,0.4559,0.5203,1.0,403.0,-1365.0,-10.0,7.0,22.0,7.0,0.7122,0.7127,0.7122,0.7127,0.712,782.2137,1
1,Blue,KOI,0.537,Gwen,Wukong,Ahri,Senna,Rell,0.3719,0.676,0.5213,0.4484,0.3637,0.0,319.0,-1581.0,-19.0,3.0,8.0,2.0,0.537,0.537,0.5383,0.537,0.537,-970.2424,0
1,Red,Karmine Corp,0.7395,Akali,Pantheon,Ryze,Kalista,Rakan,0.384,0.3049,0.4174,0.5883,0.4303,1.0,-319.0,1581.0,19.0,2.0,2.0,3.0,0.7396,0.7401,0.7396,0.7401,0.7394,655.5968,1
1,Blue,KOI,0.4859,Neeko,Naafiri,Yone,Kai'Sa,Nautilus,0.4646,0.4865,0.5533,0.618,0.587,0.0,1617.0,736.0,5.0,4.0,6.0,1.0,0.4859,0.4859,0.4867,0.4859,0.4859,282.551,1
1,Red,Karmine Corp,0.7643,Nidalee,Skarner,Azir,Lucian,Nami,0.5542,0.4049,0.4742,0.3834,0.5536,1.0,-1617.0,-736.0,-5.0,1.0,0.0,4.0,0.7644,0.7648,0.7644,0.7649,0.7643,672.4088,0
1,Blue,Karmine Corp,0.6915,Rumble,Nocturne,Viktor,Jhin,Gragas,0.6542,0.2417,0.4073,0.3801,0.4793,1.0,-1929.0,-963.0,17.0,2.0,3.0,5.0,0.6916,0.692,0.6916,0.6919,0.6915,-320.6865,0
1,Red,KOI,0.5349,Varus,Xin Zhao,Kassadin,Tristana,Alistar,0.5719,0.5656,0.5,0.4482,0.5308,0.0,1929.0,963.0,-17.0,5.0,9.0,2.0,0.5349,0.5349,0.5359,0.5349,0.5349,124.5475,1
1,Blue,Karmine Corp,0.6256,Sion,Lillia,Corki,Sivir,Leona,0.5771,0.4571,0.4537,0.3365,0.5265,1.0,1029.0,1144.0,20.0,3.0,7.0,1.0,0.6257,0.6261,0.6257,0.6259,0.6256,177.8737,1
1,Red,KOI,0.5792,Ambessa,Ivern,Smolder,Ezreal,Poppy,0.7021,0.5509,0.396,0.3022,0.697,0.0,-1029.0,-1144.0,-20.0,1.0,1.0,3.0,0.5792,0.5792,0.5803,0.5792,0.5792,-620.1622,0
1,Blue,KOI,0.524,K'Sante,Maokai,Cassiopeia,Jinx,Blitzcrank,0.2499,0.5497,0.4387,0.3761,0.5215,0.0,-828.0,-1270.0,-16.0,6.0,13.0,6.0,0.524,0.524,0.5248,0.524,0.524,-550.0296,1
1,Red,Karmine Corp,0.6613,Renekton,Sejuani,Sylas,Miss Fortune,Galio,0.3745,0.4045,0.3287,0.5078,0.5182,1.0,828.0,1270.0,16.0,6.0,12.0,6.0,0.6613,0.6617,0.6613,0.6616,0.6613,-185.5284,0
1,Blue,G2 Esports,0.6681,Gnar,Wukong,Taliyah,Kalista,Neeko,0.3712,0.6116,0.6944,0.6275,0.5157,1.0,-235.0,302.0,-5.0,1.0,1.0,3.0,0.6681,0.6676,0.6681,0.6681,0.6662,391.8508,0
1,Red,KOI,0.5693,Gwen,Xin Zhao,Ahri,Xayah,Rakan,0.3365,0.607,0.4717,0.549,0.4846,0.0,235.0,-302.0,5.0,3.0,5.0,1.0,0.5693,0.5693,0.5702,0.5693,0.5693,-158.9077,1
1,Blue,G2 Esports,0.6045,Camille,Trundle,Ryze,Senna,Nautilus,0.4915,0.4718,0.4729,0.4057,0.6263,1.0,-1873.0,-1525.0,-23.0,3.0,5.0,5.0,0.6045,0.6037,0.6045,0.6045,0.6027,-1251.8875,0
1,Red,KOI,0.6103,Ambessa,Pantheon,Galio,Varus,Rell,0.6348,0.3714,0.4682,0.6127,0.3291,0.0,1873.0,1525.0,23.0,5.0,6.0,3.0,0.6103,0.6103,0.6113,0.6103,0.6103,75.6796,1
1,Blue,G2 Esports,0.5469,Sion,Vi,Annie,Kai'Sa,Alistar,0.6174,0.689,0.4922,0.6544,0.5755,1.0,102.0,2185.0,27.0,3.0,6.0,0.0,0.5469,0.5458,0.5469,0.5469,0.5453,-196.1652,1
1,Red,KOI,0.6475,Nidalee,Poppy,Sylas,Zeri,Braum,0.5009,0.6306,0.2974,0.4609,0.5751,0.0,-102.0,-2185.0,-27.0,0.0,0.0,3.0,0.6475,0.6475,0.6484,0.6475,0.6475,383.6226,0
1,Blue,KOI,0.5858,K'Sante,Naafiri,Kassadin,Ezreal,Leona,0.3214,0.5415,0.5,0.2735,0.5716,0.0,-1631.0,-1561.0,-25.0,1.0,2.0,4.0,0.5858,0.5858,0.5865,0.5858,0.5858,-185.8473,1
1,Red,G2 Esports,0.5901,Dr. Mundo,Skarner,Orianna,Jinx,Thresh,0.4843,0.366,0.3254,0.4355,0.6373,1.0,1631.0,1561.0,25.0,4.0,6.0,1.0,0.5901,0.5893,0.5901,0.5901,0.5886,-242.7553,0
0,Blue,Natus Vincere,0.5,Aatrox,Pantheon,Orianna,Yunara,Alistar,0.4337,0.4315,0.2945,0.5,0.6159,0.0,-1262.0,-2338.0,-38.0,4.0,8.0,5.0,0.2189,0.5,0.2065,0.5,0.21,301.4131,0
0,Red,Karmine Corp,0.5983,Sion,Wukong,Taliyah,Xayah,Rakan,0.6538,0.5534,0.6283,0.592,0.5336,1.0,1262.0,2338.0,38.0,5.0,7.0,4.0,0.5984,0.5987,0.5984,0.5985,0.5983,-183.7633,1
0,Blue,Karmine Corp,0.6366,K'Sante,Xin Zhao,Ryze,Ezreal,Nautilus,0.386,0.6444,0.4278,0.3427,0.5667,1.0,3592.0,2398.0,61.0,4.0,6.0,0.0,0.6366,0.6369,0.6366,0.6368,0.6365,-872.754,1
0,Red,Natus Vincere,0.5,Cho'Gath,Jarvan IV,Yone,Kai'Sa,Neeko,0.5,0.3594,0.5959,0.6873,0.4665,0.0,-3592.0,-2398.0,-61.0,0.0,0.0,4.0,0.198,0.5,0.1869,0.5,0.19,167.7657,0
0,Blue,Team Heretics,0.3725,K'Sante,Nocturne,Taliyah,Yunara,Rell,0.4445,0.2185,0.6637,0.5,0.393,1.0,-653.0,288.0,6.0,2.0,3.0,4.0,0.3738,0.3754,0.3738,0.3725,0.3738,17.111,0
0,Red,Fnatic,0.4662,Rumble,Wukong,Orianna,Kai'Sa,Alistar,0.5919,0.5959,0.2664,0.6218,0.5572,0.0,653.0,-288.0,-6.0,4.0,6.0,2.0,0.4662,0.4662,0.5,0.4661,0.4671,-80.1449,1
0,Blue,Team Heretics,0.337,Camille,Sejuani,Ryze,Aphelios,Thresh,0.4447,0.366,0.4823,0.5284,0.5766,1.0,2468.0,948.0,33.0,7.0,16.0,3.0,0.3375,0.3396,0.3375,0.337,0.3375,-615.729,1
0,Red,Fnatic,0.5171,Ambessa,Pantheon,Annie,Lucian,Braum,0.6698,0.3903,0.5417,0.3469,0.5203,0.0,-2468.0,-948.0,-33.0,3.0,3.0,7.0,0.5171,0.5171,0.5,0.5169,0.5178,-23.6493,0
0,Blue,Fnatic,0.4678,Gragas,Trundle,Syndra,Ezreal,Neeko,0.4337,0.4268,0.385,0.4053,0.4221,0.0,3964.0,1415.0,-29.0,7.0,22.0,2.0,0.4678,0.4678,0.5,0.4677,0.4685,-202.9939,1
0,Red,Team Heretics,0.4002,Aatrox,Jax,Aurora,Xayah,Rakan,0.3924,0.6721,0.2662,0.6308,0.5781,1.0,-3964.0,-1415.0,29.0,2.0,5.0,7.0,0.4017,0.4025,0.4017,0.4002,0.4017,397.3166,0
0,Blue,Team BDS,0.3023,Aurora,Wukong,Sylas,Jinx,Rell,0.2392,0.6344,0.2691,0.394,0.3555,0.0,666.0,-386.0,-16.0,3.0,2.0,1.0,0.5,0.5,0.3023,0.3023,0.2989,64.4969,1
0,Red,SK Gaming,0.1651,Rumble,Trundle,Azir,Corki,Nautilus,0.6308,0.4814,0.429,0.5058,0.608,1.0,-666.0,386.0,16.0,1.0,1.0,3.0,0.5,0.5,0.3487,0.5,0.1504,229.8539,0
0,Blue,SK Gaming,0.1494,Ambessa,Pantheon,Ryze,Kai'Sa,Leona,0.6057,0.353,0.5316,0.6578,0.6124,1.0,-596.0,1041.0,-32.0,8.0,16.0,5.0,0.5,0.5,0.3154,0.1343,0.1353,47.8368,0
0,Red,Team BDS,0.3687,Jayce,Sejuani,Viktor,Aphelios,Braum,0.5039,0.4264,0.3685,0.5733,0.4707,0.0,596.0,-1041.0,32.0,5.0,10.0,8.0,0.5,0.2445,0.3687,0.3687,0.367,206.2113,1
0,Blue,GiantX,0.4803,Gwen,Trundle,Orianna,Lucian,Alistar,0.3996,0.4356,0.3363,0.3138,0.5994,1.0,1777.0,1136.0,-3.0,4.0,6.0,3.0,0.4833,0.472,0.4803,0.4834,0.4834,281.426,0
0,Red,Karmine Corp,0.6712,Jax,Jarvan IV,Ryze,Ezreal,Neeko,0.6081,0.3252,0.481,0.4619,0.4771,0.0,-1777.0,-1136.0,3.0,3.0,4.0,4.0,0.6712,0.6715,0.6712,0.6714,0.6712,-170.3744,1
0,Blue,GiantX,0.4345,Sion,Xin Zhao,Annie,Jinx,Rell,0.6868,0.6783,0.489,0.4518,0.4169,1.0,1939.0,1989.0,14.0,5.0,8.0,0.0,0.4366,0.427,0.4345,0.4374,0.4374,81.5252,1
0,Red,Karmine Corp,0.7025,K'Sante,Pantheon,Aurora,Aphelios,Thresh,0.4022,0.3193,0.3159,0.6139,0.6169,0.0,-1939.0,-1989.0,-14.0,0.0,0.0,5.0,0.7025,0.7028,0.7025,0.7027,0.7025,645.6733,0
0,Blue,Karmine Corp,0.6356,Galio,Skarner,Azir,Xayah,Rakan,0.5194,0.3309,0.3882,0.5708,0.523,0.0,33.0,613.0,-15.0,3.0,7.0,1.0,0.6356,0.6358,0.6356,0.6357,0.6356,-752.9442,1
0,Red,GiantX,0.4884,Rumble,Vi,Sylas,Corki,Nautilus,0.5707,0.7186,0.3387,0.4576,0.5501,1.0,-33.0,-613.0,15.0,1.0,1.0,3.0,0.491,0.4816,0.4884,0.491,0.491,-286.5122,0
0,Blue,SK Gaming,0.1352,Gwen,Pantheon,Ryze,Kai'Sa,Nautilus,0.3616,0.2888,0.5304,0.5952,0.4977,0.0,-2181.0,-2049.0,-20.0,1.0,0.0,4.0,0.5,0.276,0.2853,0.1198,0.1217,-323.6745,0
0,Red,Fnatic,0.5185,Rumble,Wukong,Orianna,Yunara,Braum,0.5164,0.6692,0.3043,0.5,0.5212,1.0,2181.0,2049.0,20.0,4.0,9.0,1.0,0.5185,0.5185,0.5,0.5184,0.5191,20.8557,1
0,Blue,SK Gaming,0.1223,K'Sante,Xin Zhao,Taliyah,Lucian,Rakan,0.3639,0.7089,0.6005,0.2839,0.5684,1.0,-1519.0,-1226.0,-45.0,3.0,4.0,3.0,0.5,0.246,0.2581,0.1069,0.1096,-127.8265,0
0,Red,Fnatic,0.5644,Jayce,Maokai,Yone,Ezreal,Bard,0.5512,0.5926,0.5391,0.5131,0.5,0.0,1519.0,1226.0,45.0,3.0,7.0,3.0,0.5644,0.5644,0.5,0.5643,0.5649,19.666,1
0,Blue,GiantX,0.4419,Ambessa,Sejuani,Azir,Corki,Rell,0.5477,0.481,0.4464,0.414,0.4725,1.0,181.0,838.0,3.0,3.0,5.0,2.0,0.4436,0.4357,0.4419,0.4442,0.4442,-129.5168,1
0,Red,Team Vitality,0.4387,K'Sante,Maokai,Ziggs,Lucian,Braum,0.3292,0.6314,0.4329,0.2569,0.5668,0.0,-181.0,-838.0,-3.0,2.0,3.0,3.0,0.4436,0.4384,0.4436,0.4387,0.5,-114.7902,0
0,Blue,Team Vitality,0.3969,Ornn,Trundle,Viktor,Jhin,Bard,0.4442,0.3941,0.4286,0.3439,0.5,0.0,-1029.0,-170.0,-30.0,1.0,2.0,1.0,0.4002,0.3962,0.4002,0.3969,0.5,-715.3439,0
0,Red,GiantX,0.495,Rumble,Wukong,Orianna,Sivir,Rakan,0.5624,0.7007,0.3705,0.3997,0.5143,1.0,1029.0,170.0,30.0,1.0,3.0,1.0,0.4972,0.4895,0.495,0.4971,0.4971,33.5367,1
0,Blue,G2 Esports,0.5339,Sion,Poppy,Annie,Jinx,Alistar,0.7166,0.5706,0.5386,0.504,0.5423,0.0,2686.0,1358.0,26.0,4.0,4.0,2.0,0.5339,0.5329,0.5339,0.5339,0.5326,-101.4439,1
0,Red,Team Heretics,0.3621,K'Sante,Wukong,Azir,Yunara,Braum,0.2978,0.7292,0.4991,0.5,0.5128,1.0,-2686.0,-1358.0,-26.0,2.0,0.0,4.0,0.3628,0.3642,0.3628,0.3621,0.3628,134.5255,0
0,Blue,G2 Esports,0.5783,Jax,Pantheon,Orianna,Caitlyn,Bard,0.6454,0.2612,0.4305,0.5117,0.5,1.0,3023.0,3556.0,26.0,5.0,6.0,0.0,0.5783,0.5776,0.5783,0.5783,0.5771,412.2673,1
0,Red,Team Heretics,0.3276,Gragas,Xin Zhao,Viktor,Miss Fortune,Rakan,0.4876,0.6414,0.3878,0.4594,0.5606,0.0,-3023.0,-3556.0,-26.0,0.0,0.0,5.0,0.3278,0.3295,0.3278,0.3276,0.3278,-37.6077,0
0,Blue,KOI,0.6252,Aurora,Wukong,Azir,Sivir,Neeko,0.2842,0.6598,0.4516,0.4568,0.527,0.0,255.0,319.0,24.0,1.0,3.0,3.0,0.6252,0.6252,0.626,0.6252,0.6252,89.748,0
0,Red,GiantX,0.5431,K'Sante,Trundle,Taliyah,Kai'Sa,Nautilus,0.2695,0.3566,0.5433,0.5385,0.4503,1.0,-255.0,-319.0,-24.0,3.0,1.0,1.0,0.5456,0.5381,0.5431,0.545,0.545,-226.9126,1
0,Blue,KOI,0.5657,Sion,Pantheon,Galio,Ezreal,Rakan,0.7436,0.3317,0.5657,0.5595,0.5072,1.0,-1389.0,694.0,29.0,0.0,0.0,2.0,0.5657,0.5657,0.5662,0.5657,0.5657,-235.8562,1
0,Red,GiantX,0.5866,Cho'Gath,Xin Zhao,Orianna,Xayah,Rell,0.5,0.5803,0.4847,0.6116,0.5227,0.0,1389.0,-694.0,-29.0,2.0,4.0,0.0,0.5893,0.5821,0.5866,0.5884,0.5884,303.6611,0
0,Blue,GiantX,0.5308,Rumble,Maokai,Yone,Jhin,Bard,0.6041,0.5712,0.583,0.3112,0.5228,0.0,149.0,57.0,-17.0,1.0,1.0,0.0,0.5327,0.5267,0.5308,0.5323,0.5323,-376.6217,0
0,Red,KOI,0.6071,Ornn,Poppy,Ryze,Aphelios,Alistar,0.4019,0.6115,0.4799,0.5555,0.5859,1.0,-149.0,-57.0,17.0,0.0,0.0,1.0,0.6071,0.6071,0.6076,0.6071,0.6071,-797.7859,1
0,Blue,Fnatic,0.6059,Rumble,Jarvan IV,Ryze,Varus,Alistar,0.5466,0.3894,0.5294,0.6495,0.6253,0.0,1819.0,-636.0,38.0,3.0,8.0,4.0,0.6059,0.6059,0.5,0.6058,0.6064,-100.008,1
0,Red,Team BDS,0.4289,Sion,Xin Zhao,Viktor,Aphelios,Rakan,0.768,0.5251,0.3509,0.5978,0.5541,1.0,-1819.0,636.0,-38.0,4.0,6.0,3.0,0.5,0.3264,0.4289,0.4289,0.4284,-38.8,0
0,Blue,Fnatic,0.6434,Yorick,Poppy,Azir,Yunara,Neeko,0.5,0.6485,0.4086,0.5,0.4768,1.0,623.0,2027.0,49.0,3.0,5.0,4.0,0.6434,0.6434,0.5,0.6433,0.6438,106.6475,1
0,Red,Team BDS,0.388,Jayce,Sejuani,Taliyah,Smolder,Karma,0.5939,0.5304,0.5868,0.357,0.566,0.0,-623.0,-2027.0,-49.0,4.0,3.0,3.0,0.5,0.2915,0.388,0.388,0.387,-24.8651,0
0,Blue,Karmine Corp,0.6703,Rumble,Skarner,Azir,Yunara,Milio,0.5898,0.3951,0.4649,0.5,0.5059,0.0,1572.0,312.0,8.0,4.0,2.0,1.0,0.6703,0.6705,0.6703,0.6705,0.6703,-332.0963,1
0,Red,KOI,0.6445,Aurora,Lillia,Yone,Aphelios,Alistar,0.2559,0.5088,0.5275,0.5409,0.661,1.0,-1572.0,-312.0,-8.0,1.0,1.0,4.0,0.6445,0.6445,0.6451,0.6445,0.6445,369.4164,0
0,Blue,KOI,0.5831,Ambessa,Poppy,Taliyah,Sivir,Rakan,0.591,0.6819,0.5309,0.4133,0.5013,1.0,-432.0,1347.0,79.0,0.0,0.0,4.0,0.5831,0.5831,0.5835,0.5831,0.5831,-608.2047,1
0,Red,Karmine Corp,0.7017,Sion,Xin Zhao,Annie,Jinx,Lulu,0.6949,0.475,0.5834,0.5512,0.3911,0.0,432.0,-1347.0,-79.0,4.0,9.0,0.0,0.7017,0.7019,0.7017,0.7019,0.7017,-50.1176,0
0,Blue,Karmine Corp,0.6349,K'Sante,Vi,Viktor,Corki,Neeko,0.3391,0.6502,0.3174,0.4698,0.5266,1.0,-2207.0,-2370.0,-57.0,0.0,0.0,2.0,0.6349,0.6351,0.6349,0.635,0.6349,219.9815,1
0,Red,KOI,0.6228,Ornn,Pantheon,Orianna,Xayah,Rell,0.4589,0.3955,0.4385,0.5534,0.4729,0.0,2207.0,2370.0,57.0,2.0,8.0,0.0,0.6228,0.6228,0.6233,0.6228,0.6228,-42.8926,0
0,Blue,KOI,0.5635,Ambessa,Trundle,Azir,Kai'Sa,Rakan,0.6301,0.4178,0.5159,0.5825,0.5488,0.0,-344.0,-530.0,-12.0,2.0,2.0,3.0,0.5635,0.5635,0.5638,0.5635,0.5635,-202.4671,1
0,Red,Natus Vincere,0.5,Sion,Zyra,Akali,Jinx,Leona,0.6287,0.4339,0.4426,0.4987,0.554,1.0,344.0,530.0,12.0,3.0,4.0,2.0,0.1792,0.5,0.1691,0.5,0.1719,838.4885,0
0,Blue,Natus Vincere,0.5,Jayce,Wukong,Ryze,Xayah,Alistar,0.5374,0.5969,0.5743,0.5007,0.5981,0.0,-2360.0,-2017.0,-27.0,1.0,1.0,4.0,0.1621,0.5,0.153,0.5,0.1556,238.1355,0
0,Red,KOI,0.6051,Rumble,Pantheon,Taliyah,Corki,Neeko,0.6288,0.3578,0.5756,0.5203,0.5717,1.0,2360.0,2017.0,27.0,4.0,8.0,1.0,0.6051,0.6051,0.6054,0.6051,0.6051,220.2928,1
0,Blue,Team Heretics,0.2964,K'Sante,Brand,Corki,Varus,Nautilus,0.402,0.6336,0.566,0.6829,0.5026,0.0,1015.0,1172.0,48.0,3.0,5.0,2.0,0.2962,0.2981,0.2962,0.2964,0.2962,742.163,0
0,Red,SK Gaming,0.1106,Aurora,Nocturne,Orianna,Sivir,Rell,0.2305,0.1975,0.3968,0.4692,0.4279,1.0,-1015.0,-1172.0,-48.0,2.0,3.0,3.0,0.5,0.2197,0.2335,0.0956,0.0987,676.9979,1
0,Blue,Team Heretics,0.2682,Rumble,Lillia,Yone,Jhin,Rakan,0.6642,0.4604,0.4772,0.2815,0.5918,0.0,1052.0,84.0,25.0,2.0,5.0,1.0,0.2677,0.2697,0.2677,0.2682,0.2677,-101.7357,1
0,Red,SK Gaming,0.1953,Ambessa,Trundle,Taliyah,Lucian,Bard,0.6654,0.4733,0.616,0.2324,0.466,1.0,-1052.0,-84.0,-25.0,1.0,3.0,2.0,0.5,0.3022,0.3066,0.1903,0.1878,-41.5248,0
0,Blue,SK Gaming,0.1767,Gwen,Vi,Galio,Jinx,Lulu,0.3271,0.6835,0.6074,0.4512,0.3539,0.0,1015.0,-23.0,-13.0,1.0,2.0,0.0,0.5,0.2706,0.2774,0.1706,0.1693,-337.9801,1
0,Red,Team Heretics,0.3379,Jax,Poppy,Ryze,Aphelios,Neeko,0.6792,0.7122,0.5196,0.4894,0.6125,1.0,-1015.0,23.0,13.0,0.0,0.0,1.0,0.3381,0.3393,0.3381,0.3379,0.3381,-205.0225,0
0,Blue,Team Vitality,0.3591,Rumble,Jarvan IV,Orianna,Xayah,Rakan,0.6962,0.4476,0.4542,0.453,0.6307,1.0,2644.0,3078.0,42.0,5.0,7.0,1.0,0.3611,0.3581,0.3611,0.3591,0.5,314.785,1
0,Red,Natus Vincere,0.5,Jayce,Pantheon,Viktor,Corki,Bard,0.4862,0.419,0.3825,0.5121,0.4161,0.0,-2644.0,-3078.0,-42.0,1.0,1.0,5.0,0.1467,0.5,0.1384,0.5,0.1407,920.1724,0
0,Blue,Natus Vincere,0.5,Sion,Wukong,Ryze,Lucian,Braum,0.5688,0.5401,0.4701,0.2103,0.4639,1.0,-2212.0,-1495.0,-22.0,0.0,0.0,4.0,0.1327,0.5,0.1252,0.5,0.1273,-365.2237,0
0,Red,Team Vitality,0.4201,Ambessa,Xin Zhao,Annie,Ziggs,Alistar,0.6019,0.4298,0.5269,0.3866,0.5411,0.0,2212.0,1495.0,22.0,4.0,8.0,0.0,0.4233,0.4198,0.4233,0.4202,0.5,-459.6816,1
0,Blue,Fnatic,0.6774,Sion,Jarvan IV,Azir,Lucian,Braum,0.5147,0.5002,0.562,0.1903,0.4198,1.0,-669.0,15.0,10.0,1.0,2.0,2.0,0.6774,0.6774,0.5,0.6773,0.6778,8.5516,0
0,Red,G2 Esports,0.6184,Kled,Pantheon,Taliyah,Kai'Sa,Alistar,0.5,0.3791,0.5573,0.6222,0.5848,0.0,669.0,-15.0,-10.0,2.0,4.0,1.0,0.6184,0.618,0.6184,0.6184,0.6174,-82.9971,1
0,Blue,Fnatic,0.6128,K'Sante,Wukong,Annie,Jhin,Neeko,0.3637,0.4886,0.5726,0.35,0.5542,1.0,-19.0,-973.0,-18.0,4.0,7.0,1.0,0.6128,0.6128,0.5,0.6128,0.6132,-435.7546,0
0,Red,G2 Esports,0.6548,Rek'Sai,Xin Zhao,Galio,Ezreal,Karma,0.5194,0.4841,0.6451,0.6015,0.5121,0.0,19.0,973.0,18.0,1.0,1.0,4.0,0.6548,0.6545,0.6548,0.6548,0.6538,-426.5727,1
0,Blue,Karmine Corp,0.6696,Rumble,Poppy,Azir,Yunara,Rakan,0.7251,0.6444,0.5085,0.5,0.6658,0.0,5715.0,4835.0,79.0,6.0,9.0,0.0,0.6697,0.6698,0.6697,0.6698,0.6696,69.8018,1
0,Red,Team Vitality,0.4754,Ambessa,Xin Zhao,Taliyah,Kai'Sa,Rell,0.6399,0.5332,0.5995,0.6582,0.4824,1.0,-5715.0,-4835.0,-79.0,0.0,0.0,6.0,0.4794,0.4755,0.4794,0.4754,0.5,-272.8546,0
0,Blue,Karmine Corp,0.7011,Jayce,Vi,Annie,Corki,Leona,0.4399,0.7136,0.5174,0.4633,0.5013,0.0,260.0,-1578.0,-11.0,2.0,2.0,2.0,0.7011,0.7013,0.7011,0.7012,0.7011,358.5078,0
0,Red,Team Vitality,0.4301,Yorick,Jarvan IV,Ryze,Ziggs,Alistar,0.5,0.4526,0.4253,0.4515,0.6244,1.0,-260.0,1578.0,11.0,2.0,4.0,2.0,0.4329,0.4299,0.4329,0.4301,0.5,-157.0107,1
0,Blue,Karmine Corp,0.6343,Gnar,Wukong,Galio,Sivir,Karma,0.3358,0.4421,0.6792,0.5198,0.5586,1.0,950.0,1118.0,33.0,3.0,8.0,1.0,0.6344,0.6345,0.6344,0.6344,0.6343,-539.9012,0
0,Red,Team Vitality,0.4844,K'Sante,Trundle,Orianna,Xayah,Pyke,0.3291,0.4282,0.5062,0.5051,0.3511,0.0,-950.0,-1118.0,-33.0,1.0,2.0,3.0,0.4878,0.4845,0.4878,0.4844,0.5,717.473,1
0,Blue,G2 Esports,0.6876,K'Sante,Trundle,Annie,Yunara,Braum,0.393,0.4827,0.4675,0.5,0.3798,0.0,163.0,491.0,2.0,2.0,3.0,3.0,0.6876,0.6875,0.6876,0.6876,0.6868,-144.5116,1
0,Red,Team BDS,0.3511,Ambessa,Wukong,Azir,Corki,Nautilus,0.5788,0.4,0.5553,0.4192,0.4548,1.0,-163.0,-491.0,-2.0,3.0,2.0,2.0,0.5,0.2606,0.3511,0.3511,0.3495,-412.3603,0
0,Blue,G2 Esports,0.7174,Dr. Mundo,Poppy,Orianna,Xayah,Rakan,0.4375,0.6783,0.5532,0.5522,0.6977,0.0,1311.0,553.0,21.0,1.0,2.0,0.0,0.7174,0.7173,0.7174,0.7174,0.7166,434.2261,1
0,Red,Team BDS,0.3176,Jax,Sejuani,Viktor,Aphelios,Blitzcrank,0.6145,0.4799,0.346,0.4427,0.5675,1.0,-1311.0,-553.0,-21.0,0.0,0.0,1.0,0.5,0.2333,0.3176,0.3176,0.3158,-678.1941,0
0,Blue,SK Gaming,0.2551,Gwen,Trundle,Ryze,Corki,Nautilus,0.3912,0.5319,0.48,0.3793,0.4114,0.0,-3463.0,-2461.0,-44.0,2.0,4.0,4.0,0.5,0.3463,0.3462,0.2559,0.2509,-366.4762,0
0,Red,G2 Esports,0.7443,Jax,Jarvan IV,Annie,Xayah,Rakan,0.556,0.5047,0.5188,0.5949,0.7265,1.0,3463.0,2461.0,44.0,4.0,11.0,2.0,0.7443,0.7443,0.7443,0.7443,0.7436,-244.3778,1
0,Blue,G2 Esports,0.7687,Sion,Dr. Mundo,Orianna,Kai'Sa,Neeko,0.4656,0.4918,0.5958,0.5955,0.5014,0.0,261.0,-2.0,51.0,0.0,0.0,2.0,0.7687,0.7687,0.7687,0.7687,0.768,113.3962,1
0,Red,SK Gaming,0.2308,Yone,Poppy,Akali,Ezreal,Bard,0.527,0.7089,0.4005,0.6394,0.3721,1.0,-261.0,2.0,-51.0,2.0,3.0,0.0,0.5,0.3106,0.3132,0.2298,0.2263,282.0038,0
0,Blue,Team BDS,0.2874,Sion,Wukong,Orianna,Kai'Sa,Rell,0.5165,0.3619,0.6343,0.634,0.4364,0.0,-3401.0,-2492.0,-29.0,0.0,0.0,4.0,0.5,0.2091,0.2874,0.2874,0.2854,-58.243,0
0,Red,Team Heretics,0.3057,Gwen,Sejuani,Jayce,Corki,Nautilus,0.354,0.4342,0.398,0.3432,0.3723,1.0,3401.0,2492.0,29.0,4.0,5.0,0.0,0.3056,0.307,0.3056,0.3057,0.3056,-197.5392,1
0,Blue,Team Heretics,0.3718,Rumble,Xin Zhao,Sylas,Xayah,Rakan,0.7513,0.4825,0.3065,0.6335,0.7525,0.0,-952.0,-172.0,-15.0,2.0,2.0,4.0,0.3723,0.373,0.3723,0.3718,0.3723,39.1013,0
0,Red,Team BDS,0.26,Aurora,Vi,Taliyah,Aphelios,Alistar,0.3066,0.6457,0.5424,0.4006,0.6601,1.0,952.0,172.0,15.0,4.0,6.0,2.0,0.5,0.1876,0.26,0.26,0.2579,-225.8189,1
0,Blue,Team Heretics,0.3364,K'Sante,Brand,Yone,Ezreal,Leona,0.4508,0.5716,0.4768,0.5785,0.4535,1.0,1878.0,1674.0,49.0,4.0,6.0,1.0,0.3366,0.3374,0.3366,0.3364,0.3366,81.2221,1
0,Red,Team BDS,0.3305,Ambessa,Skarner,Ryze,Zeri,Neeko,0.5235,0.453,0.4343,0.417,0.5489,0.0,-1878.0,-1674.0,-49.0,1.0,3.0,4.0,0.5,0.2706,0.3305,0.3305,0.3293,-701.8155,0
0,Blue,Team Vitality,0.5335,Aurora,Pantheon,Ryze,Corki,Rakan,0.3749,0.4383,0.393,0.4057,0.6808,0.0,-583.0,-1582.0,-51.0,1.0,3.0,0.0,0.5373,0.5339,0.5373,0.5335,0.5,105.8354,0
0,Red,KOI,0.6427,Rumble,Poppy,Orianna,Yunara,Rell,0.6797,0.6414,0.5739,0.5,0.3949,1.0,583.0,1582.0,51.0,0.0,0.0,1.0,0.6427,0.6427,0.643,0.6427,0.6427,589.9778,1
0,Blue,KOI,0.6767,Gwen,Wukong,Yone,Sivir,Braum,0.4155,0.3274,0.5267,0.4703,0.4389,0.0,596.0,742.0,15.0,3.0,5.0,2.0,0.6767,0.6767,0.6771,0.6767,0.6767,-223.9963,1
0,Red,Team Vitality,0.4827,Yasuo,Xin Zhao,Twisted Fate,Xayah,Nautilus,0.4287,0.4365,0.4493,0.5731,0.432,1.0,-596.0,-742.0,-15.0,2.0,5.0,3.0,0.4854,0.4828,0.4854,0.4827,0.5,-96.8126,0
0,Blue,Natus Vincere,0.5,Olaf,Wukong,Akali,Jhin,Rell,0.475,0.3915,0.3623,0.3166,0.4525,1.0,338.0,1146.0,-8.0,3.0,5.0,3.0,0.1201,0.5,0.1133,0.5,0.1152,175.3466,0
0,Red,GiantX,0.4802,Sion,Xin Zhao,Annie,Varus,Gragas,0.4673,0.3949,0.5651,0.6179,0.4412,0.0,-338.0,-1146.0,8.0,3.0,5.0,3.0,0.4816,0.4765,0.4802,0.4816,0.4816,-168.1122,1
0,Blue,Natus Vincere,0.5,Jayce,Sejuani,Azir,Xayah,Rakan,0.4553,0.4881,0.5024,0.5185,0.616,1.0,-1971.0,-1662.0,-43.0,2.0,3.0,3.0,0.1086,0.5,0.1025,0.5,0.1042,566.1561,0
0,Red,GiantX,0.5297,Aurora,Maokai,Yone,Ezreal,Nautilus,0.3381,0.5168,0.5717,0.6187,0.3909,0.0,1971.0,1662.0,43.0,3.0,5.0,2.0,0.5313,0.5264,0.5297,0.531,0.531,-221.6653,1
1,Blue,Team Heretics,0.3996,Sion,Nocturne,Orianna,Aphelios,Thresh,0.5181,0.2745,0.6145,0.4577,0.5581,0.0,683.0,366.0,8.0,2.0,3.0,2.0,0.4002,0.4005,0.4002,0.3996,0.4002,386.288,1
1,Red,Team Vitality,0.4367,Rumble,Xin Zhao,Galio,Xayah,Rakan,0.7102,0.4526,0.614,0.4692,0.5573,1.0,-683.0,-366.0,-8.0,2.0,1.0,2.0,0.4386,0.4366,0.4386,0.4367,0.5,-236.5613,0
1,Blue,Team Vitality,0.3951,Ambessa,Vi,Ryze,Kai'Sa,Alistar,0.4736,0.6794,0.3555,0.5737,0.6925,1.0,1562.0,1005.0,1.0,4.0,7.0,2.0,0.3964,0.3948,0.3964,0.3951,0.5,-888.6545,1
1,Red,Team Heretics,0.4568,K'Sante,Brand,Jayce,Corki,Rell,0.5031,0.6134,0.412,0.3671,0.4094,0.0,-1562.0,-1005.0,-1.0,1.0,2.0,4.0,0.4577,0.4576,0.4577,0.4568,0.4577,588.3562,0
1,Blue,Team Heretics,0.4133,Yorick,Wukong,Azir,Sivir,Braum,0.5,0.3542,0.4545,0.5207,0.4923,0.0,-923.0,-2168.0,-20.0,1.0,2.0,1.0,0.4138,0.414,0.4138,0.4133,0.4138,22.5172,0
1,Red,Team Vitality,0.4527,Aatrox,Pantheon,Taliyah,Jinx,Neeko,0.355,0.3965,0.586,0.5035,0.4966,1.0,923.0,2168.0,20.0,1.0,2.0,1.0,0.4545,0.4527,0.4545,0.4527,0.5,179.9048,1
1,Blue,Team Heretics,0.3739,Jax,Jarvan IV,Tristana,Ziggs,Leona,0.5983,0.5519,0.5008,0.5089,0.5056,0.0,-3144.0,-705.0,-5.0,4.0,5.0,9.0,0.3742,0.3746,0.3742,0.3739,0.3742,300.4115,0
1,Red,Team Vitality,0.5048,Dr. Mundo,Sejuani,Hwei,Varus,Pyke,0.5408,0.4416,0.6099,0.6543,0.4169,1.0,3144.0,705.0,5.0,9.0,17.0,4.0,0.5069,0.505,0.5069,0.5049,0.5,456.2443,1
1,Blue,GiantX,0.5745,Yorick,Vi,Azir,Kai'Sa,Rakan,0.5,0.7099,0.4113,0.6143,0.5043,1.0,-325.0,-1674.0,13.0,2.0,5.0,3.0,0.5762,0.5715,0.5745,0.5757,0.5757,-53.127,1
1,Red,Team BDS,0.299,Ambessa,Wukong,Ziggs,Ezreal,Bard,0.5238,0.3205,0.4561,0.655,0.3331,0.0,325.0,1674.0,-13.0,3.0,4.0,2.0,0.5,0.2431,0.299,0.299,0.2976,-306.7004,0
1,Blue,Team BDS,0.2705,Aurora,Jax,Viktor,Yunara,Braum,0.4029,0.5413,0.3131,0.5,0.4454,1.0,-2530.0,-702.0,33.0,1.0,1.0,7.0,0.5,0.2186,0.2705,0.2705,0.269,-299.4383,0
1,Red,GiantX,0.615,K'Sante,Xin Zhao,Annie,Corki,Rell,0.4552,0.4095,0.6069,0.3321,0.3704,0.0,2530.0,702.0,-33.0,7.0,10.0,1.0,0.6168,0.6123,0.615,0.6161,0.6161,-631.9948,1
1,Blue,GiantX,0.6517,Gnar,Maokai,Yone,Varus,Alistar,0.3038,0.5629,0.6125,0.6872,0.7218,0.0,2274.0,1695.0,28.0,7.0,18.0,4.0,0.6535,0.6492,0.6517,0.6526,0.6526,486.8811,1
1,Red,Team BDS,0.2448,Aatrox,Pantheon,Taliyah,Jhin,Gragas,0.4164,0.454,0.6254,0.2865,0.4944,1.0,-2274.0,-1695.0,-28.0,4.0,7.0,7.0,0.5,0.1967,0.2448,0.2448,0.2432,-352.6064,0
1,Blue,Karmine Corp,0.5739,Rumble,Skarner,Orianna,Corki,Nautilus,0.6426,0.4096,0.6512,0.3957,0.4489,0.0,-381.0,-244.0,7.0,0.0,0.0,2.0,0.5739,0.574,0.5739,0.574,0.5739,33.9295,1
1,Red,G2 Esports,0.7907,Kled,Poppy,LeBlanc,Kai'Sa,Rell,0.5,0.6755,0.5285,0.651,0.4304,1.0,381.0,244.0,-7.0,2.0,4.0,0.0,0.7907,0.7908,0.7907,0.7907,0.7901,450.3438,0
1,Blue,Karmine Corp,0.6145,Aurora,Wukong,Akali,Zeri,Rakan,0.3635,0.29,0.3278,0.3773,0.5515,1.0,975.0,814.0,19.0,1.0,3.0,1.0,0.6145,0.6146,0.6145,0.6146,0.6145,230.3733,0
1,Red,G2 Esports,0.7154,K'Sante,Xin Zhao,Viktor,Sivir,Alistar,0.5071,0.4657,0.2833,0.4711,0.7483,0.0,-975.0,-814.0,-19.0,1.0,0.0,1.0,0.7154,0.7153,0.7154,0.7154,0.7149,-297.0521,1
1,Blue,Karmine Corp,0.556,Gnar,Pantheon,Galio,Lucian,Nami,0.3701,0.4107,0.5552,0.1722,0.5009,0.0,125.0,-255.0,-31.0,2.0,5.0,1.0,0.556,0.5561,0.556,0.556,0.556,76.8279,0
1,Red,G2 Esports,0.7425,Yorick,Jarvan IV,Ryze,Ezreal,Karma,0.5,0.4993,0.4169,0.5926,0.5054,1.0,-125.0,255.0,31.0,1.0,3.0,2.0,0.7425,0.7425,0.7425,0.7425,0.742,-221.1698,1
1,Blue,G2 Esports,0.767,Sion,Volibear,Ziggs,Yunara,Braum,0.564,0.4444,0.4092,0.5,0.403,0.0,3842.0,2278.0,42.0,3.0,4.0,0.0,0.767,0.7671,0.767,0.767,0.7666,60.0914,1
1,Red,Karmine Corp,0.503,Jayce,Sejuani,Azir,Jhin,Maokai,0.3727,0.4948,0.4673,0.2592,0.6045,1.0,-3842.0,-2278.0,-42.0,0.0,0.0,3.0,0.503,0.5031,0.503,0.503,0.503,17.807,0
1,Blue,KOI,0.7075,Varus,Xin Zhao,Galio,Xayah,Rakan,0.717,0.5166,0.502,0.4245,0.4989,0.0,-536.0,-211.0,-7.0,3.0,9.0,4.0,0.7075,0.7075,0.7079,0.7075,0.7075,173.5782,0
1,Red,Fnatic,0.5545,Aurora,Wukong,Orianna,Sivir,Rell,0.3281,0.2623,0.6844,0.5215,0.3894,1.0,536.0,211.0,7.0,4.0,8.0,3.0,0.5545,0.5545,0.5,0.5544,0.5548,102.6216,1
1,Blue,KOI,0.6401,Akali,Pantheon,Yone,Tristana,Alistar,0.2966,0.3716,0.6494,0.4531,0.7723,1.0,-280.0,775.0,15.0,1.0,1.0,1.0,0.6401,0.6401,0.6404,0.6401,0.6401,605.4052,1
1,Red,Fnatic,0.5969,Gwen,Vi,Corki,Kai'Sa,Neeko,0.4712,0.7376,0.4533,0.589,0.5445,0.0,280.0,-775.0,-15.0,1.0,0.0,1.0,0.5969,0.5969,0.5,0.5969,0.5972,-187.4794,0
1,Blue,Fnatic,0.5401,K'Sante,Jarvan IV,Annie,Ezreal,Poppy,0.554,0.547,0.6446,0.6314,0.6112,0.0,-1116.0,-1191.0,-58.0,5.0,7.0,3.0,0.5401,0.5401,0.5,0.54,0.5403,-153.1195,0
1,Red,KOI,0.6744,Yorick,Nocturne,Ryze,Aphelios,Braum,0.5,0.3441,0.4724,0.5093,0.4598,1.0,1116.0,1191.0,58.0,3.0,4.0,5.0,0.6744,0.6744,0.6747,0.6744,0.6744,184.1881,1
1,Blue,Fnatic,0.4886,Sion,Ivern,Viktor,Twitch,Nautilus,0.6055,0.4984,0.3515,0.5,0.5014,1.0,-4736.0,-3294.0,-52.0,1.0,2.0,6.0,0.4886,0.4886,0.5,0.4886,0.4889,-459.0903,1
1,Red,KOI,0.7054,Rek'Sai,Qiyana,Taliyah,Jinx,Leona,0.5697,0.5,0.5658,0.5508,0.4574,0.0,4736.0,3294.0,52.0,6.0,11.0,1.0,0.7054,0.7054,0.7057,0.7054,0.7054,-64.4156,0
1,Blue,KOI,0.6382,Ambessa,Sejuani,Ziggs,Zeri,Bard,0.4738,0.4477,0.4695,0.3413,0.2986,0.0,2960.0,2734.0,57.0,6.0,8.0,4.0,0.6382,0.6382,0.6384,0.6382,0.6382,-226.7787,1
1,Red,Fnatic,0.5373,Renekton,Trundle,LeBlanc,Smolder,Maokai,0.3388,0.4813,0.4781,0.3219,0.5469,1.0,-2960.0,-2734.0,-57.0,4.0,5.0,6.0,0.5373,0.5373,0.5,0.5373,0.5376,787.5406,0
1,Blue,Karmine Corp,0.4551,Sion,Poppy,Taliyah,Yunara,Alistar,0.6431,0.553,0.512,0.5,0.7939,0.0,-979.0,-1736.0,-20.0,1.0,0.0,2.0,0.4551,0.4552,0.4551,0.4551,0.4551,-103.6411,0
1,Red,Team Vitality,0.552,Rumble,Pantheon,Morgana,Varus,Nautilus,0.6766,0.4315,0.5,0.6487,0.5489,1.0,979.0,1736.0,20.0,2.0,4.0,1.0,0.5542,0.5523,0.5542,0.552,0.5,733.7359,1
1,Blue,Karmine Corp,0.4118,Ambessa,Wukong,Orianna,Corki,Bard,0.524,0.3326,0.7145,0.4101,0.3707,0.0,-206.0,1013.0,-17.0,2.0,3.0,1.0,0.4118,0.4118,0.4118,0.4118,0.4118,50.7749,1
1,Red,Team Vitality,0.5947,Aatrox,Vi,Galio,Kai'Sa,Rell,0.3768,0.6673,0.454,0.5329,0.4475,1.0,206.0,-1013.0,17.0,1.0,2.0,2.0,0.597,0.595,0.597,0.5947,0.5,-460.8861,0
1,Blue,Team Vitality,0.538,Yorick,Zed,Ryze,Sivir,Lulu,0.5,0.5,0.5227,0.5671,0.4154,0.0,-119.0,869.0,15.0,1.0,2.0,2.0,0.5398,0.5382,0.5398,0.538,0.5,-71.4257,0
1,Red,Karmine Corp,0.4678,Cho'Gath,Jarvan IV,Viktor,Ezreal,Braum,0.4758,0.4949,0.4133,0.5713,0.5113,1.0,119.0,-869.0,-15.0,2.0,4.0,1.0,0.4678,0.4679,0.4678,0.4678,0.4678,-526.7047,1
1,Blue,Team Vitality,0.4868,Jayce,Sejuani,Zoe,Jhin,Tahm Kench,0.3372,0.5003,0.3751,0.2345,0.3331,1.0,-271.0,34.0,29.0,0.0,0.0,3.0,0.4881,0.4868,0.4881,0.4868,0.5,-81.8136,0
1,Red,Karmine Corp,0.5185,K'Sante,Xin Zhao,Aurora,Aphelios,Thresh,0.5012,0.4674,0.3934,0.5561,0.6002,0.0,271.0,-34.0,-29.0,3.0,8.0,0.0,0.5185,0.5185,0.5185,0.5185,0.5185,42.1725,1
1,Blue,KOI,0.6727,Sion,Wukong,Azir,Sivir,Braum,0.5818,0.3962,0.4228,0.5131,0.5578,0.0,176.0,797.0,27.0,2.0,3.0,4.0,0.6727,0.6727,0.6729,0.6727,0.6727,-182.7488,0
1,Red,G2 Esports,0.7892,Kled,Xin Zhao,Taliyah,Zeri,Rell,0.5,0.5181,0.4632,0.4041,0.4049,1.0,-176.0,-797.0,-27.0,4.0,6.0,2.0,0.7892,0.7893,0.7892,0.7892,0.7888,307.2363,1
1,Blue,KOI,0.6086,Yorick,Pantheon,Galio,Kai'Sa,Rakan,0.5,0.4857,0.4106,0.4821,0.4514,0.0,749.0,995.0,16.0,5.0,4.0,5.0,0.6086,0.6086,0.6088,0.6086,0.6086,-79.3079,0
1,Red,G2 Esports,0.8093,Renekton,Trundle,Orianna,Corki,Alistar,0.3065,0.4354,0.7416,0.4663,0.7183,1.0,-749.0,-995.0,-16.0,5.0,7.0,5.0,0.8093,0.8094,0.8093,0.8093,0.8089,708.0716,1
1,Blue,KOI,0.5506,Gwen,Jarvan IV,Ryze,Ezreal,Bard,0.4263,0.543,0.4729,0.6121,0.435,1.0,109.0,45.0,30.0,0.0,0.0,1.0,0.5506,0.5506,0.5507,0.5506,0.5506,-327.7282,1
1,Red,G2 Esports,0.8274,Jax,Volibear,Annie,Xayah,Neeko,0.4898,0.4974,0.5828,0.384,0.4927,0.0,-109.0,-45.0,-30.0,1.0,1.0,0.0,0.8274,0.8275,0.8274,0.8274,0.8271,-194.1305,0
1,Blue,G2 Esports,0.7486,K'Sante,Zyra,Tristana,Yunara,Renata Glasc,0.5487,0.3923,0.5052,0.5,0.5835,1.0,3181.0,1625.0,12.0,7.0,8.0,3.0,0.7486,0.7487,0.7486,0.7486,0.7484,374.8188,1
1,Red,KOI,0.5934,Gnar,Vi,Ziggs,Jinx,Nautilus,0.3349,0.6038,0.5233,0.4983,0.5918,0.0,-3181.0,-1625.0,-12.0,3.0,3.0,7.0,0.5934,0.5934,0.5936,0.5934,0.5934,537.3329,0
1,Blue,Fnatic,0.4862,Rumble,Nocturne,Azir,Xayah,Rakan,0.7074,0.4069,0.3826,0.3475,0.4084,1.0,-1111.0,-1093.0,-8.0,0.0,0.0,2.0,0.4862,0.4862,0.5,0.4861,0.4864,116.0137,1
1,Red,GiantX,0.6849,K'Sante,Xin Zhao,Taliyah,Ezreal,Rell,0.5917,0.564,0.5143,0.649,0.4616,0.0,1111.0,1093.0,8.0,2.0,4.0,0.0,0.6866,0.6826,0.6849,0.6857,0.6857,-24.666,0
1,Blue,GiantX,0.6196,Yorick,Sejuani,Orianna,Corki,Braum,0.5,0.4526,0.7663,0.5171,0.5047,0.0,-728.0,-109.0,18.0,1.0,0.0,2.0,0.621,0.6176,0.6196,0.6204,0.6204,-136.7654,0
1,Red,Fnatic,0.5351,Cho'Gath,Wukong,Galio,Kai'Sa,Pyke,0.5327,0.3584,0.3713,0.4362,0.4757,1.0,728.0,109.0,-18.0,2.0,2.0,1.0,0.5351,0.5351,0.5,0.5351,0.5353,-174.562,1
1,Blue,GiantX,0.5606,Ambessa,Nidalee,Sion,Sivir,Alistar,0.5694,0.4527,0.5264,0.4642,0.7452,0.0,-1140.0,1163.0,-28.0,3.0,5.0,4.0,0.5616,0.5588,0.5606,0.5613,0.5613,502.9516,0
1,Red,Fnatic,0.5794,Rek'Sai,Jarvan IV,Ryze,Vayne,Nautilus,0.5106,0.5865,0.5231,0.5,0.5355,1.0,1140.0,-1163.0,28.0,4.0,7.0,3.0,0.5794,0.5794,0.5,0.5793,0.5795,39.6941,1
1,Blue,Karmine Corp,0.5643,K'Sante,Xin Zhao,Orianna,Varus,Braum,0.5354,0.5103,0.6933,0.6822,0.4566,1.0,-665.0,-674.0,-3.0,3.0,7.0,5.0,0.5643,0.5644,0.5643,0.5644,0.5643,530.5083,0
1,Red,Fnatic,0.6194,Ambessa,Wukong,Galio,Kai'Sa,Alistar,0.5151,0.4195,0.4314,0.4899,0.6742,0.0,665.0,674.0,3.0,5.0,14.0,3.0,0.6194,0.6194,0.5,0.6194,0.6196,-667.9315,1
1,Blue,Karmine Corp,0.5106,Rumble,Jarvan IV,Yone,Ezreal,Leona,0.7353,0.6259,0.6828,0.5872,0.4139,1.0,-1918.0,-1836.0,-34.0,2.0,1.0,2.0,0.5106,0.5106,0.5106,0.5106,0.5106,-78.5757,0
1,Red,Fnatic,0.6557,Sion,Vi,Taliyah,Zeri,Taric,0.4763,0.5463,0.4653,0.4608,0.5,0.0,1918.0,1836.0,34.0,2.0,5.0,2.0,0.6557,0.6557,0.5,0.6556,0.6558,50.9769,1
1,Blue,KOI,0.5369,Ambessa,Pantheon,Taliyah,Tristana,Alistar,0.5613,0.4394,0.5163,0.5523,0.7052,0.0,4455.0,2023.0,0.0,8.0,16.0,2.0,0.5369,0.5369,0.537,0.5369,0.5369,193.5372,1
1,Red,Fnatic,0.6885,Rek'Sai,Vi,Galio,Kai'Sa,Gragas,0.561,0.5895,0.4857,0.5385,0.4473,1.0,-4455.0,-2023.0,0.0,2.0,5.0,8.0,0.6885,0.6885,0.5,0.6884,0.6886,-227.7104,0
1,Blue,Fnatic,0.6229,Ornn,Nocturne,Orianna,Xayah,Rakan,0.4152,0.4637,0.6273,0.4096,0.4648,0.0,-286.0,383.0,17.0,2.0,4.0,5.0,0.6229,0.6229,0.6474,0.6229,0.623,-287.0106,1
1,Red,KOI,0.581,Rumble,Wukong,Yone,Corki,Rell,0.6653,0.4748,0.6178,0.4679,0.4176,1.0,286.0,-383.0,-17.0,4.0,5.0,2.0,0.581,0.581,0.5811,0.581,0.581,92.9379,0
1,Blue,KOI,0.5257,K'Sante,Jarvan IV,Ziggs,Zeri,Nautilus,0.4844,0.5663,0.4706,0.5122,0.5797,1.0,629.0,61.0,-43.0,8.0,13.0,5.0,0.5257,0.5257,0.5257,0.5257,0.5257,80.26,1
1,Red,Fnatic,0.6588,Yorick,Xin Zhao,Viktor,Lucian,Braum,0.5,0.4617,0.4692,0.1558,0.4132,0.0,-629.0,-61.0,43.0,5.0,7.0,8.0,0.6588,0.6588,0.6856,0.6588,0.6589,-177.7327,0
1,Blue,Fnatic,0.5961,Trundle,Poppy,Hwei,Varus,Leona,0.4892,0.5003,0.6475,0.6172,0.3744,0.0,-1404.0,-568.0,0.0,4.0,6.0,7.0,0.5961,0.5961,0.6122,0.5961,0.5962,524.5451,0
1,Red,KOI,0.5709,Sion,Naafiri,Ryze,Ezreal,Maokai,0.5262,0.59,0.5685,0.5313,0.4948,1.0,1404.0,568.0,0.0,7.0,9.0,4.0,0.5709,0.5709,0.5709,0.5709,0.5709,3.9213,1
1,Blue,KOI,0.6117,Sion,Maokai,Ryze,Yunara,Nautilus,0.5713,0.5429,0.6096,0.5,0.6197,0.0,-1096.0,-984.0,-2.0,2.0,2.0,4.0,0.6117,0.6117,0.6118,0.6117,0.6117,-229.1563,0
1,Red,G2 Esports,0.7726,Kled,Wukong,Cassiopeia,Xayah,Rakan,0.5,0.4296,0.4927,0.4658,0.5158,1.0,1096.0,984.0,2.0,4.0,8.0,2.0,0.7726,0.7726,0.7726,0.7726,0.7723,-553.8045,1
1,Blue,KOI,0.5535,K'Sante,Xin Zhao,Orianna,Zeri,Rell,0.5335,0.4177,0.6628,0.5586,0.3779,0.0,-267.0,-1268.0,-3.0,5.0,11.0,6.0,0.5535,0.5535,0.5535,0.5535,0.5535,378.823,0
1,Red,G2 Esports,0.7942,Rek'Sai,Jarvan IV,Galio,Sivir,Alistar,0.5037,0.6076,0.4393,0.42,0.7333,1.0,267.0,1268.0,3.0,6.0,12.0,5.0,0.7942,0.7943,0.7942,0.7942,0.794,-76.0953,1
1,Blue,KOI,0.5008,Yorick,Skarner,Azir,Kai'Sa,Neeko,0.5,0.4661,0.4414,0.4872,0.4457,0.0,-3649.0,-2358.0,-30.0,2.0,3.0,7.0,0.5008,0.5008,0.5008,0.5008,0.5008,-685.6052,0
1,Red,G2 Esports,0.8138,Sett,Volibear,Taliyah,Caitlyn,Karma,0.4865,0.45,0.5623,0.5584,0.5525,1.0,3649.0,2358.0,30.0,7.0,9.0,2.0,0.8138,0.8139,0.8138,0.8138,0.8136,862.8216,1
